{"type":"FeatureCollection","properties":{"city":"西宮市","city_code":"28204","pref":"兵庫県","center":[135.342,34.76],"zoom":11.0,"period":"2018-2025","years":["2018","2019","2020","2021","2022","2023","2024","2025"],"layers":[{"key":"bicycle","name":"自転車","teguchi":["自転車盗"]},{"key":"vehicle","name":"車・バイク","teguchi":["車上ねらい","部品ねらい","自動車盗","オートバイ盗"]}],"withheld_label":"非公開","city_only":["自動販売機ねらい","ひったくり"],"hour_bands":["0-6","6-12","12-18","18-24"],"city_hours":[679,2425,3226,3630],"class_total":[3,6,12,24],"class_rate":[2.0,5.0,10.0,20.0],"min_population":500,"max_suppress_count":2,"suppress_label":"1-2","city_rate":[15.8,4],"population":485587,"areas":435,"source_url":"https://web.pref.hyogo.lg.jp/kk26/johoseisaku/documents/","fetched_on":"2026-09-18"},"features":[{"type":"Feature","geometry":{"type":"Polygon","coordinates":[[[135.30131273065953,34.78893172503617],[135.30103097893672,34.788628883468206],[135.30101518076606,34.788438719814884],[135.3011354801976,34.78827240420623],[135.3015146856292,34.788011065022346],[135.30210716733424,34.78786944004232],[135.30306424199176,34.78779349986568],[135.3034970853776,34.787790047967604],[135.30396106230444,34.788082697114966],[135.30451042205678,34.78858734870405],[135.30468620315622,34.788646792829425],[135.30507269208172,34.78862102869979],[135.30518448033874,34.78872647807391],[135.30530459360182,34.78875580219373],[135.3061765486513,34.78888179517722],[135.30695023873574,34.7888833510702],[135.3088154350869,34.788488388863065],[135.3092859621929,34.78855292775217],[135.3105209504003,34.78861146958595],[135.31069710027072,34.78870893225184],[135.31096323435048,34.78916822449212],[135.311090560859,34.7892657975759],[135.31125007339074,34.789270149742386],[135.31237780497338,34.78912952617063],[135.31278842375414,34.78902199149332],[135.31306587961296,34.78889369495631],[135.3132636322834,34.78876054762513],[135.31345024672166,34.788249443748214],[135.31344144687492,34.78806852166714],[135.31337374433062,34.78795962482238],[135.3130778267046,34.787660585470306],[135.3130293799365,34.78749096831681],[135.3130263947416,34.78723886765993],[135.31308949134976,34.78695891040287],[135.31320654380104,34.78674415608388],[135.31396787047765,34.78568304459929],[135.3148147964435,34.784837726826034],[135.31493222880107,34.784655786365455],[135.31513327052525,34.783966384444746],[135.31522433615854,34.783806768999085],[135.31570362610032,34.78333147104577],[135.31680382293996,34.782555366301104],[135.31731682004815,34.78212373533667],[135.3185040467559,34.780859141032195],[135.31865570981086,34.78076466997153],[135.3219894336912,34.77985801597331],[135.32169998701136,34.77964331403281],[135.3216494543097,34.77949977431266],[135.32167488147553,34.77929209248587],[135.32150113013518,34.77906602803196],[135.32142736888412,34.77902915971154],[135.3211915321145,34.7786859874825],[135.32079738932742,34.77858087014507],[135.32058869993347,34.7784736845476],[135.32022071886786,34.778443849744555],[135.3199130010018,34.778256617449344],[135.31979575238213,34.77822334070312],[135.31903426957237,34.77824190497935],[135.31892457303692,34.77821166493547],[135.3184985245534,34.77790721142054],[135.31830891414606,34.77797550947903],[135.31826493881002,34.77808178633327],[135.31810736013279,34.77814517728761],[135.31798853021456,34.77830178089875],[135.31775245646494,34.7784251042783],[135.31698852794742,34.77823831392878],[135.31694167019717,34.77810178409571],[135.31668520139908,34.778103856432665],[135.31657075980905,34.77783251276182],[135.31640897569596,34.7778649485183],[135.31614692725964,34.77802256582375],[135.3159245411892,34.77803379790129],[135.31570919662073,34.77799821029622],[135.31556634291218,34.77803668909566],[135.31546568446748,34.7781277883014],[135.31519377233238,34.778252805355564],[135.31512311497914,34.77834042125944],[135.31512332746016,34.77860296751587],[135.31506698319657,34.77869567944826],[135.3144533035887,34.77893542901783],[135.31408619549708,34.77913755172021],[135.31387171988771,34.779182802983705],[135.31349820173938,34.77916102157337],[135.31304395943633,34.77933567241422],[135.31262351576152,34.779337507143794],[135.31243811351555,34.77928617925512],[135.31241229442298,34.779369349272294],[135.3124364486347,34.77941972025433],[135.31260985965795,34.779525231752814],[135.31263599970944,34.77974306017293],[135.31258506629192,34.77981741721536],[135.31234631055364,34.7799749797925],[135.31189464037746,34.78007199625452],[135.31186962016412,34.78035249211876],[135.31170763568622,34.78061451224864],[135.31070547000587,34.781229775768594],[135.31031370843255,34.781406028530974],[135.30997488148756,34.781474947621334],[135.30976612930624,34.78097842887167],[135.30947619227453,34.78058961036452],[135.30915633355536,34.780269060881665],[135.3087763481667,34.78004646303071],[135.30830338220812,34.77993743021204],[135.30767429276085,34.779987259108516],[135.30751797566793,34.779934001343],[135.30725135098092,34.77972598398986],[135.3069769409801,34.77965423179289],[135.3060462455269,34.779533217034604],[135.3058138830941,34.77942225241179],[135.3056800719793,34.77927922851876],[135.30530550583794,34.77851358996278],[135.3051910995794,34.778409427067885],[135.30506284852152,34.77833255910646],[135.30426362408303,34.77801553898596],[135.30362663902667,34.77769637506084],[135.30275291960896,34.777080906545706],[135.3023475763397,34.777080893196086],[135.30205224887115,34.77702929746589],[135.30195338169256,34.77697599649345],[135.3017024464969,34.77675009261306],[135.30135658175197,34.776215768452026],[135.30140596848256,34.77600127841208],[135.30110821207757,34.77574870024844],[135.30104561991868,34.775644121573464],[135.300998978005,34.77528263946551],[135.299835742471,34.774626204816556],[135.2995217223454,34.77459573664216],[135.29901432013952,34.77436228278239],[135.29888540686585,34.77423484634898],[135.29866742395012,34.774147131311906],[135.29833772798088,34.77418467633197],[135.29795700427343,34.77429671447005],[135.2974213118048,34.77427180074319],[135.29691239417738,34.774310904938766],[135.29648916362225,34.77442314026551],[135.29610274852618,34.77444958407894],[135.29591491029262,34.77452501899485],[135.2955264208825,34.77477712442197],[135.29473077686572,34.77507118503196],[135.2946920647611,34.775243472529496],[135.29458255225882,34.7754415334509],[135.29448715712718,34.775524969541365],[135.29435204713576,34.77554716515838],[135.29400586670667,34.77552567450948],[135.29325088011402,34.77568347866031],[135.29311551647686,34.77568384259042],[135.29293418127423,34.77613642664838],[135.29267816908228,34.77642015313037],[135.29161847701118,34.77618117198626],[135.29113537790982,34.77632104298624],[135.29025108525266,34.77667943238504],[135.29002822610244,34.77673837186108],[135.28912579688543,34.776864771373184],[135.28773739059702,34.77712695654271],[135.28749065813412,34.7771288927399],[135.2869927117607,34.77706279485915],[135.28672268083452,34.77754676671511],[135.28614045781515,34.77819685210862],[135.28499676332717,34.77912980098491],[135.28458322427971,34.779368401361886],[135.28453784104374,34.779444957824076],[135.28447986239647,34.77976993651184],[135.28453741417516,34.780418254592426],[135.28442345941454,34.780559013199685],[135.28404459936965,34.78080043998884],[135.28349235565216,34.780712638518594],[135.28300505484722,34.78107745232288],[135.2821972744873,34.7805526013165],[135.28188657599782,34.780515305213726],[135.28130279033348,34.78036393422732],[135.28048119791754,34.78031624918879],[135.2795379156101,34.780069212047174],[135.2774991307136,34.77993082594616],[135.2774281004838,34.779952082868256],[135.27714141527665,34.78016418007904],[135.27696860224881,34.78021960890857],[135.27642927877727,34.78024604740052],[135.27601969693606,34.7801600631903],[135.27427807818975,34.77954393976238],[135.27356843388577,34.7798452208165],[135.27232393205156,34.78006315950372],[135.27141211813597,34.78044459139039],[135.27151174691187,34.780672143798505],[135.2719671235502,34.78106287531205],[135.27218798263448,34.78115666664302],[135.2725702571489,34.781220479162286],[135.27274840733813,34.78128910581409],[135.27290395891492,34.78141199608744],[135.2732154966161,34.782199774927776],[135.27458113441594,34.783482100687166],[135.27514870288957,34.78373053678653],[135.27520786498374,34.78385093095298],[135.2752140541959,34.78405765526408],[135.27526125537068,34.78413982892697],[135.2753506638672,34.78420280180431],[135.2755863406479,34.7842550631443],[135.27603116399433,34.78421823232058],[135.27612781934718,34.78424283641058],[135.27637271334285,34.78442221610745],[135.27648101230218,34.78445011007181],[135.2768378194337,34.784307474156805],[135.27694578955175,34.78430663624978],[135.27796947851763,34.78466912985225],[135.27823330642866,34.784816525300215],[135.27854553866368,34.785151159428246],[135.27874034815898,34.78566812494612],[135.27891819264275,34.78588773903048],[135.2789976056009,34.786084315446885],[135.27918123551956,34.7863023363807],[135.27921728434987,34.78641656988157],[135.27923175263106,34.78667407567102],[135.27944446790698,34.78707624490371],[135.27924660684448,34.787637671400006],[135.2792301515414,34.78788569927383],[135.27926279463952,34.78803812906248],[135.27916003860307,34.78815977913444],[135.27915710637376,34.78823938397666],[135.27920801197524,34.788308991467694],[135.2793828384145,34.78842834203346],[135.2796227127916,34.78850281652311],[135.28005825784763,34.78849632746535],[135.2804953184912,34.7887935011625],[135.2809316983629,34.78885996331317],[135.28126483147574,34.78899737386544],[135.28138151229948,34.78908548257707],[135.2815900394243,34.78945598701396],[135.2820017499085,34.78972306966836],[135.28207205909575,34.78980210298946],[135.28215908354682,34.789998616753714],[135.2825035877527,34.79045707779213],[135.28254366613035,34.79058705193436],[135.28252967560644,34.79071435168089],[135.2828095629065,34.790748787615925],[135.28318487357726,34.79086346676603],[135.28331707038623,34.79096426985238],[135.28362791801624,34.7915089097074],[135.2837530212796,34.79166061532037],[135.28392039619558,34.79179917273698],[135.28409864103233,34.79188045898977],[135.2842376451304,34.791904866007265],[135.28472847956226,34.79184214911075],[135.28512546831845,34.791829464284284],[135.28607564886113,34.79198738337804],[135.28654243048513,34.79201555686688],[135.2876271260064,34.7922594546169],[135.28784869455953,34.79226250489744],[135.2887745562246,34.7921687495288],[135.2890828948881,34.79261831904699],[135.2892476042857,34.79274688972214],[135.2894703968825,34.7928557050705],[135.28975651968344,34.79289683678336],[135.29037437271938,34.79289197473451],[135.29062577469585,34.7929573229351],[135.29077583881582,34.79307389287427],[135.2909729490188,34.79348587953148],[135.29108514221267,34.79360528206197],[135.29151037260505,34.79358277549362],[135.29255085528618,34.79382458186223],[135.29271962473854,34.793794375073965],[135.29297309950218,34.79353757507433],[135.29321585296654,34.79335762305077],[135.29431014591853,34.792961920138474],[135.29495274943685,34.792824580367906],[135.2951210374849,34.792760711494935],[135.29523055040966,34.792649277337134],[135.29529867075047,34.79249478804198],[135.29668933701325,34.79226743091649],[135.2976158950472,34.791993177362265],[135.29781419851952,34.79189005182311],[135.29838290001237,34.79149285099145],[135.2985328603788,34.79127066791745],[135.2985527866574,34.7909959914258],[135.29844115354248,34.790610664095695],[135.29863370638503,34.79000798585235],[135.2990515893553,34.78979677357034],[135.2998422168243,34.78969837860902],[135.30036745712235,34.78954363476203],[135.30131273065953,34.78893172503617]]]},"properties":{"code":"282040010","name":"越水","jinko":0,"addr_key":"28204|越水","addr_key_town":"28204|越水","n":[0,0],"w":[false,false],"neighbors":["282040020","28204003000","28204003002","282040070","28204402006","282046050"]}},{"type":"Feature","geometry":{"type":"Polygon","coordinates":[[[135.31304395943633,34.77933567241426],[135.31349820173938,34.779161021573394],[135.31387171988771,34.77918280298372],[135.3140861954971,34.77913755172023],[135.3144533035887,34.77893542901783],[135.31498085956537,34.77874609535749],[135.31506698319657,34.77869567944826],[135.31512332746016,34.7786029675159],[135.31512311497914,34.77834042125944],[135.31519377233238,34.778252805355606],[135.31546568446748,34.77812778830141],[135.31563010548766,34.77800814543831],[135.3161469272596,34.77802256582376],[135.31640897569596,34.7778649485183],[135.31657075980905,34.77783251276185],[135.31656263782716,34.77775229195972],[135.31672913983857,34.77768531014471],[135.31687873808661,34.77757550471843],[135.31703120470908,34.77716101108236],[135.31685393276874,34.77710413132553],[135.31655186708193,34.777355598865825],[135.31656853908453,34.777408424689206],[135.31643057574766,34.77742010249155],[135.3163738060641,34.77736900903423],[135.3157118741594,34.77733195739434],[135.31517024255052,34.77741309181577],[135.31517566822274,34.777330931095236],[135.31478919358906,34.7772308032752],[135.31472287875164,34.77733190661516],[135.31439393089929,34.77721004496836],[135.3142640840891,34.77735940965153],[135.3139981472361,34.77741197723893],[135.31395394542238,34.77747064681786],[135.31371151150273,34.77760500107101],[135.3129025637816,34.777745464357864],[135.31283519120436,34.777786431202706],[135.31276487524707,34.77789587596425],[135.31272829234825,34.77799265478749],[135.3127406302805,34.77808284079578],[135.3130331504077,34.77858135657723],[135.31305017289364,34.77874291756156],[135.31300629867496,34.77885848812926],[135.31275311090593,34.7791374400778],[135.3124954740997,34.77922853139015],[135.31243811351555,34.77928617925512],[135.31262351576152,34.77933750714381],[135.31304395943633,34.77933567241426]]]},"properties":{"code":"282040020","name":"湯元町","jinko":42,"addr_key":"28204|湯元町","addr_key_town":"28204|湯元町","n":[0,null],"w":[false,false],"neighbors":["282040010","28204003000","28204003001","28204003002"]}},{"type":"Feature","geometry":{"type":"Polygon","coordinates":[[[135.31243811351555,34.77928617925512],[135.31249547409968,34.779228531390146],[135.31275311090593,34.7791374400778],[135.31300629867496,34.77885848812926],[135.31305017289364,34.77874291756156],[135.3130331504077,34.77858135657724],[135.31277960004013,34.77818816705672],[135.31272829234825,34.777992654787475],[135.31283519120436,34.77778643120271],[135.31298712153804,34.77771421882494],[135.31294159271306,34.77769683841649],[135.31278914842744,34.777718348006864],[135.31233200195234,34.777964714039854],[135.31159248997184,34.77808728580542],[135.31116271947178,34.77809383774764],[135.31110072636466,34.77795432875638],[135.31084655898016,34.77782580066435],[135.31066074163635,34.77757995602133],[135.31031462819675,34.777644849807174],[135.3101273945933,34.77743789097556],[135.30977494724513,34.77729141539194],[135.30995129289525,34.77721225000592],[135.3104302639485,34.77722389990965],[135.31058062987975,34.77718536681658],[135.31073373462644,34.77705356723596],[135.31073959263915,34.77691351260158],[135.3104003683437,34.77692553274703],[135.31005978750534,34.77682248666699],[135.30970464992325,34.77676617801055],[135.3096305378975,34.776872552045866],[135.30939636277256,34.77684640081921],[135.3092646771353,34.77686928820085],[135.30910146905535,34.77677411256072],[135.308750454877,34.77674889598348],[135.30863759659815,34.77676853417272],[135.30858166931,34.77682489988719],[135.30851583528712,34.776996564010695],[135.30835500195315,34.77710997101262],[135.30795746941592,34.77712090085423],[135.30738180212268,34.77726227658091],[135.30704385953106,34.77730343310609],[135.30671817802684,34.777262233182526],[135.30649170922933,34.77718727857574],[135.30602333496216,34.77685706043335],[135.30587022273852,34.776814477679835],[135.3051065096004,34.77676578567029],[135.30456476899246,34.776685314955586],[135.30435805962532,34.77659935387215],[135.30425745514847,34.77650705182866],[135.30420914541045,34.77635418889591],[135.30410815933183,34.77622907122249],[135.30407369528032,34.776114269824895],[135.30408902529973,34.775725532860804],[135.30405907889687,34.77543547404993],[135.30411683027867,34.77526528495157],[135.30396595606982,34.774568419318804],[135.30411035044972,34.77443585216409],[135.30440070041112,34.77429662771951],[135.3049427671593,34.774122575389875],[135.30504498156736,34.77403964269355],[135.3055321741543,34.7739172963278],[135.30579622210337,34.77390772357169],[135.30610870346447,34.77396001870725],[135.30630709789273,34.773898148616105],[135.30654648538146,34.77394004173696],[135.3068510235802,34.77388281514948],[135.30691018289983,34.773833043408324],[135.30687268480983,34.77318457514026],[135.30693021411093,34.77300340154471],[135.30787563572338,34.771583226803],[135.30803146422454,34.771291823228346],[135.30840652022135,34.77130248476106],[135.3088237701369,34.77123618200064],[135.30924147326726,34.77092620083188],[135.3103509111268,34.76977710148663],[135.31095108677007,34.76946832408795],[135.3108822446468,34.76929760095482],[135.3107973141198,34.76920278508925],[135.31040491266418,34.76894395093887],[135.31018320676677,34.76842514139116],[135.3107375819925,34.768010953177864],[135.31058434875072,34.767747381734885],[135.31063015805148,34.76771658988377],[135.31049021554466,34.7675957350251],[135.31058996238932,34.767434785141745],[135.31064273398775,34.76721336537739],[135.31049228110277,34.76698977345327],[135.31047766502854,34.76653254330835],[135.31041842901513,34.76640160469019],[135.31019926865793,34.76622800245392],[135.31010558861053,34.766114382394655],[135.30997324892448,34.765856276534265],[135.30966077829248,34.765007051064124],[135.30821580480833,34.76465283007002],[135.3077437852127,34.764572800218936],[135.30742518344536,34.76408461967113],[135.3067216864547,34.76451646087396],[135.30636390950363,34.764862293642494],[135.30613646440312,34.76502087875616],[135.3053116272701,34.765404382843734],[135.30513748546616,34.765524087855326],[135.3050067855021,34.76568767418755],[135.3040565172852,34.7663796492873],[135.30368869625244,34.766787669887854],[135.3034395430404,34.76692261845218],[135.30271889131006,34.767642473994606],[135.30236778594963,34.76795570490002],[135.30219339145722,34.768054702598576],[135.3018797542256,34.76819311857584],[135.30129277540595,34.76834074844859],[135.3009545345706,34.7683604785242],[135.30052306258312,34.768304606164314],[135.3001730115634,34.76819737919246],[135.29993882130503,34.76834304756212],[135.29944858974548,34.768524691776605],[135.29903957641628,34.768637939110626],[135.2981752787499,34.768782963108954],[135.29824724337774,34.76891648405106],[135.29838883759984,34.76937101775462],[135.29844485922445,34.76970340755225],[135.29837178942353,34.77020767709825],[135.29706844185745,34.770784795178095],[135.29659164843463,34.77088393483337],[135.2965615797235,34.77094783931144],[135.2965549355537,34.77103691173936],[135.29686931580292,34.77172305408889],[135.29678035491756,34.77202899010415],[135.2967968339216,34.77245494315816],[135.29695737246462,34.77299764891936],[135.29693901001193,34.77307723622613],[135.29687051545156,34.77315412172066],[135.29674760335655,34.77319002808916],[135.29662417218333,34.77318156943113],[135.2959963734422,34.77289075158116],[135.2959269909978,34.772891301261105],[135.29515724430632,34.77348095363698],[135.29512478726403,34.77383897880093],[135.29497763838248,34.77444130646962],[135.29473077686572,34.77507118503196],[135.2955264208825,34.77477712442197],[135.29591491029262,34.77452501899485],[135.29610274852618,34.77444958407894],[135.29648916362225,34.77442314026551],[135.29691239417738,34.774310904938766],[135.2974213118048,34.77427180074319],[135.29795700427343,34.77429671447005],[135.29853544698014,34.774151981653695],[135.29877147279203,34.77416968870774],[135.29901432013952,34.77436228278239],[135.2995217223454,34.77459573664216],[135.299835742471,34.774626204816556],[135.300998978005,34.77528263946551],[135.30104561991868,34.775644121573464],[135.30110821207757,34.77574870024844],[135.30140596848256,34.77600127841208],[135.30135658175197,34.776215768452026],[135.3017024464969,34.77675009261306],[135.30195338169256,34.77697599649345],[135.30205224887115,34.77702929746589],[135.3023475763397,34.777080893196086],[135.30275291960896,34.777080906545706],[135.30362663902667,34.77769637506084],[135.30426362408303,34.77801553898596],[135.30506284852152,34.77833255910646],[135.3051910995794,34.778409427067885],[135.30530550583794,34.77851358996278],[135.3056800719793,34.77927922851876],[135.3058138830941,34.77942225241179],[135.3060462455269,34.779533217034604],[135.3069769409801,34.77965423179289],[135.30725135098092,34.77972598398986],[135.30751797566793,34.779934001343],[135.30767429276085,34.779987259108516],[135.30830338220812,34.77993743021204],[135.3087763481667,34.78004646303071],[135.30915633355536,34.780269060881665],[135.30947619227453,34.78058961036452],[135.30976612930624,34.78097842887167],[135.30997488148756,34.781474947621334],[135.31031370843255,34.781406028530974],[135.31070547000587,34.781229775768594],[135.31170763568622,34.78061451224864],[135.31186962016412,34.78035249211876],[135.31189464037746,34.78007199625452],[135.31234631055364,34.7799749797925],[135.31258506629192,34.77981741721536],[135.31263599970944,34.77974306017293],[135.31260985965795,34.779525231752814],[135.3124364486347,34.77941972025433],[135.31241229442298,34.779369349272294],[135.31243811351555,34.77928617925512]]]},"properties":{"code":"28204003000","name":"鷲林寺字剣谷","jinko":0,"addr_key":"28204|鷲林寺剣谷","addr_key_town":"28204|鷲林寺剣谷","n":[0,0],"w":[false,false],"neighbors":["282040010","282040020","28204003001","282040040","282040280","282041830","282041840","282041860"]}},{"type":"Feature","geometry":{"type":"Polygon","coordinates":[[[135.31278914842744,34.77771834800691],[135.31294159271306,34.77769683841649],[135.31301949407447,34.77773776231677],[135.31325347821996,34.77770418694246],[135.31371151150273,34.77760500107101],[135.31395394542238,34.777470646817854],[135.31487892176273,34.776138473431025],[135.3152897407235,34.775118064255715],[135.31466332244818,34.77526734929563],[135.3140730560314,34.77528393850935],[135.3138316143628,34.77523517684359],[135.31332826734356,34.77500921853742],[135.3129640644586,34.774965387370614],[135.31250213938137,34.77484247795145],[135.31236981071405,34.77483959856225],[135.3120076839848,34.77497110916004],[135.31159159510517,34.774927691072094],[135.3111399159261,34.7750794973086],[135.31073868946143,34.77510215756967],[135.31046406356572,34.77524267971033],[135.30964238160857,34.775257160993526],[135.3095827276701,34.77533722153117],[135.30963841716994,34.775702428017134],[135.30957236789232,34.77581944210221],[135.30949385138138,34.77587796204249],[135.30930967849162,34.7758794386039],[135.30925009314598,34.77583512570451],[135.30902355751795,34.77584863160877],[135.30892521581322,34.775919564266516],[135.30882158513595,34.77594757920092],[135.30852891045538,34.775961755540905],[135.30832631604565,34.77680511347021],[135.30818343742874,34.77710247063512],[135.30835500195315,34.77710997101262],[135.30843376272804,34.77707201364372],[135.30851583528712,34.77699656401072],[135.30858166931,34.77682489988721],[135.30863759659815,34.77676853417272],[135.308750454877,34.776748895983495],[135.30910146905535,34.77677411256072],[135.3092646771353,34.77686928820085],[135.30939636277256,34.776846400819224],[135.3096305378975,34.776872552045866],[135.30970464992325,34.77676617801055],[135.31005978750534,34.776822486666994],[135.3104003683437,34.77692553274703],[135.31073959263915,34.776913512601595],[135.3107337346265,34.77705356723597],[135.31058062987975,34.777185366816596],[135.3104302639485,34.77722389990965],[135.30995129289525,34.777212250005924],[135.30977494724513,34.77729141539195],[135.3101273945933,34.77743789097556],[135.31031462819675,34.777644849807174],[135.31066074163633,34.77757995602136],[135.31084655898016,34.77782580066435],[135.31110072636466,34.77795432875638],[135.31116271947178,34.77809383774764],[135.31159248997184,34.77808728580544],[135.31233200195234,34.777964714039854],[135.31278914842744,34.77771834800691]]]},"properties":{"code":"28204003001","name":"鷲林寺一丁目","jinko":67,"addr_key":"28204|鷲林寺1","addr_key_town":"28204|鷲林寺1","n":[0,0],"w":[false,false],"neighbors":["282040020","28204003000","28204003002","282040040"]}},{"type":"Feature","geometry":{"type":"Polygon","coordinates":[[[135.32118688380405,34.77835361474468],[135.32054645684994,34.77808809247266],[135.32048160960366,34.77803269948669],[135.32039677511108,34.777868449921215],[135.32028635687382,34.777785255912114],[135.32014619594233,34.7777273757719],[135.31980437200977,34.77767873500995],[135.31956104975697,34.777515910114275],[135.31931947958893,34.77749293640437],[135.319236005166,34.77745008865104],[135.3192303628729,34.77729139426051],[135.31935263787227,34.77711631019971],[135.32012815053963,34.776693102120355],[135.32041254317144,34.7766641744295],[135.3205248106055,34.77659495159613],[135.3206613812613,34.77634495653225],[135.32109966647076,34.776101670193256],[135.32125396617158,34.77607872606453],[135.3212788880751,34.77595710954876],[135.32152585556628,34.775953555860106],[135.32167892909376,34.77582793918801],[135.32169444740407,34.77554779856762],[135.3206418809523,34.77549718316148],[135.32040376519623,34.77545559214229],[135.31925538274314,34.77512107841338],[135.3189796685022,34.7750828873561],[135.31912938642353,34.774682498465864],[135.31848804397978,34.774315418096265],[135.3188691411773,34.773792305620404],[135.31882916029087,34.77373206222732],[135.31865871784686,34.77377485330953],[135.3185008070188,34.77377415906042],[135.3183392361349,34.773895473018236],[135.31820072695902,34.77394730074176],[135.3178826055181,34.77398874970639],[135.31756132201585,34.77392909188387],[135.31712763709905,34.77392020300122],[135.31673721082637,34.77375222287658],[135.31636829253597,34.77377097848092],[135.31532128944403,34.77499315502676],[135.31487892176273,34.776138473431025],[135.3139981472361,34.77741197723893],[135.3142640840891,34.77735940965153],[135.31439393089929,34.77721004496836],[135.31472287875164,34.77733190661516],[135.31478919358906,34.7772308032752],[135.31517566822274,34.777330931095236],[135.31517024255052,34.77741309181577],[135.3157118741594,34.77733195739434],[135.3163738060641,34.77736900903423],[135.31643057574766,34.77742010249155],[135.31656853908453,34.777408424689206],[135.31655186708193,34.777355598865825],[135.31685393276874,34.77710413132553],[135.31703120470908,34.77716101108236],[135.31690067163544,34.77752490176816],[135.31687873808661,34.77757550471843],[135.31672913983857,34.77768531014471],[135.31656263782716,34.77775229195972],[135.31657075980905,34.77783251276185],[135.31668520139908,34.778103856432665],[135.31694167019717,34.77810178409572],[135.31698852794742,34.77823831392881],[135.31775245646494,34.7784251042783],[135.31798853021456,34.77830178089875],[135.31810736013279,34.77814517728763],[135.31826493881002,34.7780817863333],[135.31830891414606,34.77797550947903],[135.3184985245534,34.777907211420555],[135.31892457303692,34.77821166493547],[135.31903426957237,34.77824190497935],[135.31979575238213,34.77822334070312],[135.3199130010018,34.77825661744935],[135.32022071886786,34.778443849744555],[135.32058869993347,34.77847368454762],[135.32079738932742,34.77858087014507],[135.32125110752617,34.77872142062104],[135.3213099658796,34.77856107652651],[135.321297920755,34.77849581902115],[135.32118688380405,34.77835361474468]]]},"properties":{"code":"28204003002","name":"鷲林寺二丁目","jinko":56,"addr_key":"28204|鷲林寺2","addr_key_town":"28204|鷲林寺2","n":[0,null],"w":[false,false],"neighbors":["282040010","282040020","28204003001","282040040","282040060","282040070"]}},{"type":"Feature","geometry":{"type":"Polygon","coordinates":[[[135.30920693536555,34.77583758388616],[135.3094515344452,34.775893935959544],[135.3095723678923,34.77581944210221],[135.30963841716994,34.775702428017134],[135.3095827276701,34.77533722153117],[135.30964238160857,34.775257160993526],[135.31046406356572,34.77524267971033],[135.31073868946143,34.7751021575697],[135.3111399159261,34.7750794973086],[135.31159159510517,34.774927691072094],[135.3120076839848,34.77497110916004],[135.3122379830935,34.77487192866818],[135.3125021393813,34.774842477951466],[135.3129640644586,34.774965387370614],[135.31332826734356,34.77500921853742],[135.3138316143628,34.77523517684359],[135.3140730560314,34.77528393850935],[135.31466332244818,34.77526734929563],[135.3152897407235,34.77511806425574],[135.31532128944403,34.77499315502676],[135.31669795609733,34.77338618216441],[135.31667284681396,34.77315496492963],[135.3159392739083,34.772803123886916],[135.31592897268078,34.77275489381274],[135.3160103250101,34.772482955380994],[135.31598855171475,34.77229523363614],[135.31585242372273,34.77206533443411],[135.31564873515535,34.77190316726923],[135.31545255298542,34.77182685868264],[135.3147681304412,34.77174645953931],[135.31464850738868,34.77154065251231],[135.31459603680705,34.77150614410505],[135.3142794104735,34.77142812864078],[135.31413214066743,34.77135945257693],[135.31404424150452,34.77136016084184],[135.31335150852726,34.7718102710797],[135.31286662016663,34.77222644963955],[135.31296873091745,34.77233028127087],[135.31292166348064,34.772478414385574],[135.3128189780172,34.77260009278522],[135.31260267711227,34.77274944667444],[135.3123145539374,34.772880643941896],[135.31152924191568,34.77298076558052],[135.31058775515373,34.772988328399386],[135.3102670802057,34.772892869312095],[135.30982874152699,34.772669895910525],[135.30871906456954,34.77251990691842],[135.30824734215287,34.772381986019205],[135.30738702749866,34.772338162470575],[135.30693021411093,34.77300340154475],[135.30687268480986,34.77318457514026],[135.30691018289983,34.77383304340834],[135.3068510235802,34.77388281514948],[135.30654648538146,34.77394004173696],[135.30630709789273,34.773898148616134],[135.30610870346447,34.77396001870726],[135.30579622210337,34.77390772357169],[135.3055321741543,34.7739172963278],[135.30504498156736,34.774039642693566],[135.3049427671593,34.77412257538989],[135.30440070041112,34.77429662771953],[135.30411035044972,34.77443585216412],[135.30396595606982,34.77456841931881],[135.30411683027867,34.77526528495159],[135.30405907889687,34.77543547404993],[135.30408902529973,34.77572553286081],[135.30407369528032,34.77611426982492],[135.30410815933183,34.77622907122249],[135.30420914541045,34.77635418889591],[135.30425745514847,34.77650705182866],[135.30435805962532,34.77659935387218],[135.30456476899246,34.7766853149556],[135.3051065096004,34.7767657856703],[135.30587022273852,34.776814477679835],[135.30602333496216,34.776857060433365],[135.3064917092293,34.77718727857573],[135.30671817802684,34.77726223318254],[135.30704385953106,34.77730343310612],[135.30738180212268,34.77726227658092],[135.30795746941592,34.77712090085424],[135.30818343742874,34.77710247063512],[135.30832631604565,34.77680511347021],[135.30852891045538,34.775961755540905],[135.30882158513595,34.77594757920092],[135.30892521581322,34.775919564266516],[135.30902355751795,34.77584863160877],[135.30920693536555,34.77583758388616]]]},"properties":{"code":"282040040","name":"鷲林寺町","jinko":60,"addr_key":"28204|鷲林寺町","addr_key_town":"28204|鷲林寺町","n":[0,0],"w":[false,false],"neighbors":["28204003000","28204003001","28204003002","282040060","282041830"]}},{"type":"Feature","geometry":{"type":"Polygon","coordinates":[[[135.31423714745102,34.76537633209654],[135.31448408751288,34.76514982316654],[135.3145181181269,34.76518419873603],[135.31468375284447,34.76508229467676],[135.31499417011952,34.76500570350847],[135.31530275973137,34.765012510207754],[135.31576923802885,34.76509903233035],[135.316014222784,34.76518269274555],[135.31620081920687,34.765308375287866],[135.31626361852665,34.76540054913577],[135.31641262274954,34.76542934778168],[135.31655615707632,34.76559368908794],[135.31706475248376,34.766035377082034],[135.3171929891066,34.76588179660987],[135.31725008320072,34.765788232924024],[135.31725556585138,34.76567508323614],[135.31718721664174,34.76539604534239],[135.3169013653149,34.76481776252637],[135.3168656882214,34.764702270905225],[135.31688142803375,34.764583545646715],[135.31700591590013,34.76440168543655],[135.317184152281,34.76398909733075],[135.31748690714895,34.7638284732259],[135.31767449625772,34.763764839897334],[135.31772862297692,34.76371637154489],[135.31779208739258,34.76357754193843],[135.31780777487077,34.76346149259724],[135.3177288188898,34.7627206852266],[135.3176866145515,34.76263059999603],[135.31751685726059,34.76245675265097],[135.31725230989227,34.762234232811515],[135.31742470452826,34.761761124403556],[135.31737440239758,34.76159293099042],[135.31684573713386,34.761866091027876],[135.31617878745348,34.762122336963756],[135.31601394702454,34.76213958372224],[135.31566368937706,34.762065224136606],[135.3150740098206,34.762224215710845],[135.3148413906981,34.76232609633389],[135.31437341752536,34.762421845749046],[135.31354725040043,34.762702600495174],[135.3131340323167,34.76270930812084],[135.31256348285066,34.762625022076946],[135.3125689580327,34.76317458373635],[135.3127876513102,34.764102448254725],[135.3127857650818,34.76418105837851],[135.312608406836,34.76448221883645],[135.31259547812496,34.764572609073404],[135.3126850602997,34.76479401265205],[135.3123789727805,34.76488324006651],[135.31211494769295,34.76507987978164],[135.31148932602844,34.765659022392796],[135.31277601172147,34.76579473878321],[135.31345344638356,34.76609648398438],[135.31345676041,34.76578531499529],[135.31366087557882,34.76573282326805],[135.31392211324916,34.76553155427503],[135.31423714745102,34.76537633209654]]]},"properties":{"code":"282040050","name":"柏堂町","jinko":941,"addr_key":"28204|柏堂町","addr_key_town":"28204|柏堂町","n":[3,null],"w":[false,false],"neighbors":["282040060","282040270","282040280","282041840","282041860"]}},{"type":"Feature","geometry":{"type":"Polygon","coordinates":[[[135.31812373108824,34.77396088216135],[135.3183392361349,34.773895473018236],[135.3185008070188,34.77377415906042],[135.31865871784686,34.77377485330955],[135.31882916029087,34.77373206222732],[135.3188944564863,34.77361040039674],[135.31921536309372,34.77333018182891],[135.3194838053224,34.773259975435124],[135.31980355381327,34.773283864652726],[135.3199626379714,34.77307524036488],[135.3200590921308,34.773033047287605],[135.3207582462324,34.77295920477311],[135.32090193076695,34.77297001205209],[135.32115839966605,34.77309821940729],[135.32147631705246,34.77281858254719],[135.32161392456422,34.77261322865671],[135.32171000785823,34.77254723376204],[135.3221059086224,34.77248021208621],[135.32241836389102,34.77248668760134],[135.32240593168126,34.77235340133992],[135.32226984198923,34.77237817059833],[135.32218572504826,34.77224560712507],[135.32233151834478,34.77183271104265],[135.32220032058643,34.77106655361482],[135.32233637855128,34.77103882678113],[135.32237989650585,34.77107396792344],[135.32283130699258,34.770996210279996],[135.3229639675385,34.770855827789255],[135.3229361195619,34.77070379267328],[135.32296688073694,34.77055663331644],[135.32300246446354,34.770491974315085],[135.32310576532416,34.77043761017626],[135.32325012876632,34.7701124750284],[135.32273706967183,34.769601974014535],[135.32261038835765,34.76943567167677],[135.3224935015715,34.76922421691307],[135.3224647288139,34.76899486133232],[135.32255776527722,34.768838604359146],[135.3228236221077,34.76868206902088],[135.32298296877178,34.768532737692475],[135.3231059982612,34.76827975270365],[135.32364581832252,34.76793830150201],[135.32382857515833,34.76773441058769],[135.32387160100626,34.76763546391629],[135.32367404449337,34.76720155709398],[135.32367154087848,34.7668852230785],[135.32369781914892,34.76669190097652],[135.3239175198101,34.76631600962072],[135.32392163462256,34.76616779969397],[135.32380093556236,34.76582341267656],[135.3235910060377,34.76558172856058],[135.32357113953591,34.76544047465731],[135.32368853235604,34.765259228648],[135.32388205155377,34.76514187266852],[135.32381287867858,34.76500257058335],[135.32379294762617,34.764856105151765],[135.32360019722628,34.764744851125],[135.32344291777005,34.764552459064994],[135.3234335735082,34.76434196163652],[135.32340342359603,34.764297134221],[135.32318348176324,34.76419539584997],[135.32314408970922,34.76414134784248],[135.32312601552755,34.763957119324175],[135.3232171639548,34.763772143320224],[135.32351853916728,34.763632502187335],[135.32362450039182,34.76344458832236],[135.32368250102425,34.76286394506056],[135.32363051568416,34.76252026667545],[135.32364252810612,34.76238297942569],[135.32379876696106,34.76201028017877],[135.32381334814153,34.76189550725597],[135.3238041911055,34.761800647929256],[135.32363541573454,34.761595250257564],[135.3236021706543,34.76148452970944],[135.32377063670017,34.760900314923006],[135.32314938637825,34.760957907253086],[135.32275831210504,34.76075995137083],[135.32228065787464,34.76071552163659],[135.3216555487849,34.76054256293441],[135.32130973517704,34.760554526293326],[135.32112716749234,34.7606089682068],[135.3207260842464,34.76081631522434],[135.32034052535548,34.761159458400485],[135.3197692879668,34.76137522575982],[135.31956658398013,34.76137982631288],[135.31891920417868,34.76128619196112],[135.31861322063983,34.761210355853315],[135.31758709766459,34.7614089496805],[135.31737440239758,34.761592930990396],[135.31742470452826,34.761761124403556],[135.31725230989227,34.762234232811494],[135.31751685726059,34.76245675265097],[135.3176866145515,34.76263059999603],[135.3177288188898,34.76272068522659],[135.31780318674524,34.76336265201857],[135.31779208739258,34.763577541938425],[135.31772862297692,34.76371637154488],[135.31767449625772,34.76376483989733],[135.31748690714895,34.763828473225885],[135.31718415228102,34.76398909733075],[135.31700591590013,34.76440168543652],[135.31688142803375,34.764583545646694],[135.3168656882214,34.764702270905225],[135.31718721664174,34.76539604534238],[135.31725556585138,34.76567508323612],[135.31725008320072,34.765788232924024],[135.31706475248376,34.76603537708202],[135.31733836693311,34.76630162895118],[135.31751457489202,34.766586837788225],[135.3175069582857,34.766807333490185],[135.3174535491098,34.76692368607799],[135.3171809714564,34.767175761870575],[135.31695253057032,34.76725676651663],[135.31670929460228,34.767241829684515],[135.31588595805863,34.76709579521269],[135.3152625769287,34.767064204344095],[135.315069688992,34.767120834568395],[135.31479611584655,34.767347135976884],[135.31474599684753,34.7675034633598],[135.31474342390217,34.767682647949364],[135.3148111805967,34.767818587260514],[135.31497906997652,34.76804316006309],[135.31507914848592,34.76811249666483],[135.31577864491257,34.768358274109296],[135.31623958762918,34.76945052256661],[135.31621628358494,34.76961550736998],[135.3159214092668,34.770442156188224],[135.31598085379954,34.77067563275601],[135.31642869516565,34.7713968441449],[135.31655408473773,34.77181472619249],[135.3166530259046,34.77258565729658],[135.31664753253565,34.772920790884235],[135.31669795609733,34.77338618216441],[135.31636829253597,34.77377097848091],[135.3168014522383,34.773764238589756],[135.31712763709905,34.7739202030012],[135.3172220021578,34.77393183525426],[135.31756132201585,34.77392909188387],[135.3178826055181,34.77398874970639],[135.31812373108824,34.77396088216135]]]},"properties":{"code":"282040060","name":"北山町","jinko":18,"addr_key":"28204|北山町","addr_key_town":"28204|北山町","n":[0,0],"w":[false,false],"neighbors":["28204003002","282040040","282040050","282040070","282040100","282040170","282040180","282040190","282040270","282041830","282041860"]}},{"type":"Feature","geometry":{"type":"Polygon","coordinates":[[[135.3223315231728,34.778884908021816],[135.3221487044416,34.7786286352206],[135.3222114649416,34.77803767351556],[135.32214902281322,34.777633511424256],[135.3221640249018,34.77743168894361],[135.3222708188566,34.77716165283732],[135.32229696129286,34.77672071271319],[135.32224742972753,34.77637546289903],[135.32204256673919,34.77558793177146],[135.32199613081946,34.77550196588555],[135.32216580777018,34.77509436912315],[135.3223463726505,34.775012334235825],[135.32230288528814,34.77488014661961],[135.32256917514596,34.77452218840942],[135.32254710960157,34.77443306787933],[135.32275332610212,34.77401235424327],[135.32293526667738,34.773760298838994],[135.32303684888106,34.77349734572365],[135.32316528662224,34.77343869351442],[135.3232869639126,34.773100784598846],[135.3236575520991,34.772979592946186],[135.32400306372813,34.77295959719459],[135.32519485433954,34.77265776042472],[135.3259814568294,34.77261007779879],[135.3262599043812,34.772556253553454],[135.32652605924628,34.772452667757314],[135.3272834816522,34.77188673613844],[135.3275972285078,34.771176388461974],[135.32811468541905,34.77042268293254],[135.32846574027036,34.77043896855423],[135.32866125041747,34.770380465123665],[135.32881844314898,34.77026551125304],[135.32933295549392,34.77025482135259],[135.32969886853965,34.770200415754395],[135.3298304685623,34.770122009533],[135.33010801624263,34.77007269106915],[135.3304819490304,34.769933423600335],[135.33061517881347,34.76977781660817],[135.331512364046,34.7702402043612],[135.33200658813672,34.769516534890144],[135.3326507785624,34.76948110362569],[135.33320446971774,34.769697552517606],[135.33385985219402,34.76972653356602],[135.33490614868947,34.769673135171864],[135.33489634440951,34.76947672653935],[135.3349652207532,34.76930051766339],[135.33527340914395,34.769117547432245],[135.33540863303307,34.768937130095736],[135.33548565661062,34.767854611943456],[135.33543740490418,34.767774442266465],[135.33518893280237,34.76764436999712],[135.33518289185594,34.767744847404124],[135.33510306098836,34.76774777951783],[135.33490891998142,34.76760794229737],[135.3349801070565,34.76753253564255],[135.3348788955443,34.76747256022115],[135.33486998356994,34.7673961405996],[135.33458487661224,34.76734186451061],[135.33424270569643,34.767423978322235],[135.33369690295717,34.76764087083996],[135.33365309072235,34.76767334521063],[135.33359798613142,34.767845497688924],[135.3334816181037,34.767891385324546],[135.3334341798224,34.76729864848122],[135.3331127715431,34.76683915380598],[135.33226232743513,34.76669063706626],[135.33223043105076,34.76662878318095],[135.33224195165445,34.766508401620925],[135.33264499258516,34.76620169711312],[135.3326621948374,34.766113664252785],[135.3326098391758,34.76554462978481],[135.33232415241784,34.765455703182916],[135.3314472578061,34.76505865303769],[135.33117949011373,34.76505436963637],[135.3309605859598,34.7651108148627],[135.33057614054295,34.765133403309235],[135.33017387470554,34.765292199549634],[135.32987560302067,34.76534168690807],[135.32926096121633,34.765347845221456],[135.32909300651923,34.76543288567287],[135.32896108439502,34.76562566461795],[135.32889960594656,34.7656302522737],[135.32869229987452,34.76550165986019],[135.32847287552303,34.765415421236725],[135.32796282289607,34.765361701265],[135.32765909195646,34.76528361586417],[135.3273150029056,34.76534093646316],[135.3265631835778,34.76503846774386],[135.32605108196958,34.76501292630331],[135.32565851631927,34.76494908226971],[135.32472774134487,34.76511681756657],[135.32420228182306,34.76508024929332],[135.3240179717223,34.765096820700506],[135.32368853235604,34.765259228648],[135.32357113953591,34.76544047465731],[135.3235720103479,34.765513288682136],[135.3235910060377,34.76558172856058],[135.3238009355624,34.765823412676596],[135.32392163462256,34.76616779969397],[135.3239252980006,34.766260168867504],[135.32387390945843,34.766416087893916],[135.3236803601492,34.766752186911546],[135.32367404449337,34.76720155709399],[135.3238716010063,34.76763546391631],[135.32382857515833,34.76773441058769],[135.32364581832252,34.767938301502035],[135.3231059982612,34.76827975270365],[135.32298296877178,34.768532737692475],[135.3228236221077,34.76868206902091],[135.32255776527722,34.768838604359146],[135.3224647288139,34.76899486133233],[135.3224935015715,34.76922421691307],[135.32261038835765,34.76943567167678],[135.32273706967183,34.769601974014535],[135.32325012876632,34.7701124750284],[135.32310576532416,34.77043761017626],[135.32300246446349,34.77049197431509],[135.32296688073694,34.77055663331645],[135.3229361195619,34.77070379267328],[135.3229639675385,34.77085582778926],[135.32283130699258,34.770996210279996],[135.32237989650585,34.77107396792344],[135.32233637855134,34.77103882678114],[135.32220032058643,34.77106655361482],[135.32233151834478,34.77183271104265],[135.32218572504826,34.77224560712507],[135.32226984198923,34.772378170598344],[135.32240593168126,34.77235340133993],[135.32241836389105,34.77248668760134],[135.3221059086224,34.77248021208621],[135.32171000785823,34.77254723376204],[135.32161392456422,34.77261322865671],[135.32147631705246,34.77281858254719],[135.32115839966605,34.77309821940729],[135.32090193076695,34.772970012052106],[135.3207582462324,34.772959204773116],[135.3200590921308,34.77303304728762],[135.3199626379714,34.77307524036488],[135.31980355381327,34.773283864652754],[135.3194838053224,34.773259975435124],[135.31921536309372,34.77333018182891],[135.31889445648633,34.773610400396755],[135.31882916029087,34.77373206222732],[135.3188691411773,34.773792305620404],[135.31848804397978,34.77431541809629],[135.31912938642353,34.774682498465864],[135.3189796685022,34.775082887356106],[135.31925538274314,34.77512107841338],[135.32040376519623,34.77545559214232],[135.3206418809523,34.77549718316149],[135.32169444740407,34.77554779856762],[135.32167892909376,34.77582793918801],[135.32152585556628,34.775953555860106],[135.3212788880751,34.77595710954876],[135.32125396617158,34.77607872606453],[135.32109966647076,34.776101670193256],[135.3206613812613,34.77634495653225],[135.3205248106055,34.77659495159613],[135.32041254317144,34.7766641744295],[135.32012815053963,34.776693102120355],[135.31935263787227,34.77711631019971],[135.3192303628729,34.77729139426051],[135.31922391345293,34.77738793038931],[135.319236005166,34.77745008865104],[135.31931947958893,34.77749293640437],[135.31956104975697,34.777515910114275],[135.31980437200977,34.77767873500995],[135.32014619594233,34.7777273757719],[135.32028635687382,34.777785255912114],[135.32039677511108,34.777868449921215],[135.32048160960366,34.77803269948669],[135.32054645684994,34.77808809247266],[135.32118688380405,34.77835361474468],[135.321297920755,34.77849581902115],[135.3213099658796,34.77856107652651],[135.32125110752617,34.77872142062104],[135.3211915321145,34.77868598748251],[135.32142736888412,34.77902915971154],[135.32150113013518,34.779066028032005],[135.32167488147553,34.77929209248588],[135.3216494543097,34.77949977431266],[135.32169998701139,34.779643314032825],[135.3219025655327,34.77979576132564],[135.32225442043546,34.77973247690315],[135.3223315231728,34.778884908021816]]]},"properties":{"code":"282040070","name":"甲陽園目神山町","jinko":1612,"addr_key":"28204|甲陽園目神山町","addr_key_town":"28204|甲陽園目神山町","n":[null,4],"w":[false,false],"neighbors":["282040010","28204003002","282040060","282040080","282040090","282040100","282044010","28204402006"]}},{"type":"Feature","geometry":{"type":"Polygon","coordinates":[[[135.33730312715372,34.76903489077085],[135.33950872592249,34.76883214861099],[135.33986110923175,34.76885289596559],[135.33968795490583,34.768509523492554],[135.33934090809456,34.76804997849242],[135.33898334074863,34.767771231880616],[135.33865741798772,34.7676240600006],[135.33840372519626,34.76762009930567],[135.3380785125052,34.767489258918985],[135.33787761942273,34.76699033098985],[135.33786538540554,34.76689634297862],[135.33792324386604,34.766663741168436],[135.33792026281847,34.7664179792366],[135.33798920662917,34.76625500750131],[135.33853904149592,34.76589396812614],[135.3387631747943,34.765579565028396],[135.3393734773995,34.765651564149636],[135.3393232145155,34.76506871207283],[135.3388394769101,34.76488411165034],[135.3374130803271,34.764708281433],[135.337363869643,34.76464755851377],[135.33714334700386,34.76474586131322],[135.3370307233324,34.76474115674542],[135.33685331812646,34.76463712370624],[135.3368139556688,34.76455110570824],[135.33664385978625,34.76440926263509],[135.33578298125286,34.76427874916454],[135.33541946548206,34.764253574529],[135.33528747431455,34.764185785962496],[135.33508212625705,34.76397253694631],[135.33469395545455,34.76384206507659],[135.334423949427,34.763793439367994],[135.33441605841242,34.764100842656084],[135.33417212189272,34.76433821199568],[135.33414658992547,34.76442870860115],[135.3341638009536,34.7646309712893],[135.33440269327687,34.765070577239754],[135.33450010853593,34.765427117177445],[135.33489493130617,34.765584861182106],[135.33490729402828,34.76561926808675],[135.33490458468043,34.765875077436284],[135.33504090674194,34.766272706404195],[135.33486998356994,34.7673961405996],[135.3348788955443,34.76747256022115],[135.3349801070565,34.76753253564255],[135.33490891998142,34.76760794229737],[135.33510306098836,34.76774777951783],[135.33518289185594,34.767744847404124],[135.33518893280237,34.76764436999712],[135.33543740490418,34.767774442266465],[135.33548565661062,34.767854611943456],[135.33540863303307,34.768937130095736],[135.33527340914395,34.769117547432245],[135.3350324142402,34.7692389748811],[135.3349217345248,34.76937411873273],[135.33489634440951,34.76947672653935],[135.33491787922264,34.76990938734342],[135.3362742512371,34.76950438816182],[135.33730312715372,34.76903489077085]]]},"properties":{"code":"282040080","name":"甲陽園東山町","jinko":1847,"addr_key":"28204|甲陽園東山町","addr_key_town":"28204|甲陽園東山町","n":[4,7],"w":[false,false],"neighbors":["282040070","282040090","282040140","282044010","282044080","282044200"]}},{"type":"Feature","geometry":{"type":"Polygon","coordinates":[[[135.33452259975928,34.76735096884663],[135.33486998356994,34.7673961405996],[135.33504090674194,34.766272706404195],[135.33490458468043,34.765875077436284],[135.33489493130617,34.765584861182106],[135.33450010853593,34.765427117177445],[135.33440269327687,34.765070577239776],[135.3341638009536,34.7646309712893],[135.33414658992547,34.76442870860118],[135.33417212189272,34.76433821199568],[135.33438703274462,34.764142492427915],[135.33443020113165,34.76404945621728],[135.33441850680612,34.76356910643994],[135.333905411073,34.76354529690293],[135.33337737424569,34.76339343157625],[135.3328692582763,34.76341464936854],[135.332608110434,34.763329041971744],[135.3324592877782,34.76324490806133],[135.33235282240628,34.76324085277034],[135.33223815206603,34.763285739824724],[135.33210628165222,34.7636306412871],[135.33198599336205,34.76370487143022],[135.3318769484894,34.76372773907923],[135.3316904886616,34.763707295884316],[135.331167396751,34.763470024594895],[135.33108914878144,34.76337854944323],[135.33062692205377,34.76335501216916],[135.3303833536395,34.76353856611356],[135.330219558448,34.76353624573815],[135.33004712309204,34.7636031542571],[135.32990204001123,34.76370195282898],[135.3299008963781,34.76379844639425],[135.32934064143274,34.763727817233494],[135.32915746136652,34.764355967020485],[135.32890155359965,34.76457145158219],[135.32907449932966,34.764681591501194],[135.32895882099913,34.764869589427555],[135.32892436531998,34.7652124234588],[135.32896108439502,34.76562566461795],[135.32909300651923,34.76543288567287],[135.32926096121633,34.765347845221456],[135.32977821712285,34.76534797755058],[135.3300701964607,34.76531445824209],[135.33057614054295,34.765133403309235],[135.3309605859598,34.7651108148627],[135.33117949011373,34.76505436963637],[135.33153336084834,34.76507935633776],[135.33232415241784,34.765455703182916],[135.3326098391758,34.76554462978481],[135.33266219483744,34.766113664252806],[135.33264499258516,34.76620169711312],[135.33224195165445,34.766508401620925],[135.33223043105076,34.76662878318095],[135.33226232743513,34.76669063706626],[135.3331127715431,34.76683915380598],[135.3334341798224,34.76729864848122],[135.3334816181037,34.767891385324546],[135.33359798613142,34.767845497688924],[135.33365309072235,34.76767334521063],[135.33369690295717,34.76764087083996],[135.33424270569643,34.767423978322235],[135.33452259975928,34.76735096884663]]]},"properties":{"code":"282040090","name":"甲陽園山王町","jinko":1034,"addr_key":"28204|甲陽園山王町","addr_key_town":"28204|甲陽園山王町","n":[0,0],"w":[false,false],"neighbors":["282040070","282040080","282040100","282040120","282040130","282040140"]}},{"type":"Feature","geometry":{"type":"Polygon","coordinates":[[[135.32892688328806,34.76542184927997],[135.32895882099913,34.764869589427555],[135.32907449932966,34.764681591501194],[135.32890155359965,34.76457145158219],[135.32915746136652,34.764355967020485],[135.32934064143274,34.763727817233494],[135.3299008963781,34.76379844639425],[135.32990204001123,34.76370195282898],[135.33004712309204,34.7636031542571],[135.330219558448,34.76353624573815],[135.3303833536395,34.76353856611356],[135.33062692205377,34.76335501216916],[135.33108914878144,34.76337854944323],[135.33083005675812,34.76278346062488],[135.33041691627855,34.762512747379326],[135.3298120912034,34.76113467521501],[135.32980058706178,34.760809683418124],[135.32961776938566,34.76079343280231],[135.32937563050356,34.760534838924336],[135.32915134825,34.76044103649115],[135.32875230283338,34.760454442341775],[135.32870662205715,34.7606511627726],[135.32854049787332,34.76092323895605],[135.32857630840064,34.76110520772753],[135.3279734803037,34.76112605209359],[135.32758589760778,34.761028228342376],[135.3274547773665,34.76113845894525],[135.327449758141,34.761232449114026],[135.32733732385032,34.76130014874362],[135.32665614143954,34.76095915300625],[135.32651335818704,34.76095860550718],[135.32638168194757,34.761152105316334],[135.32604255898997,34.760977583739475],[135.3260865315349,34.76085862855503],[135.32596716510915,34.7608318544163],[135.32597400632983,34.760790388796195],[135.32563905669065,34.76071184834106],[135.32552144912967,34.76072478013197],[135.32527342202428,34.76067919354599],[135.3253132483214,34.76059154095961],[135.32528290012212,34.760515728470395],[135.32523581587824,34.76055137794053],[135.32517152571057,34.760692840951904],[135.32456070809158,34.760652181480054],[135.32421802655864,34.76072638483809],[135.32398451934904,34.76068870596496],[135.32387365506278,34.76086595440515],[135.32377063670017,34.76090031492302],[135.3236021706543,34.76148452970946],[135.32363541573454,34.761595250257564],[135.3238041911055,34.761800647929256],[135.32381334814153,34.761895507256],[135.32379876696106,34.76201028017879],[135.32364252810612,34.76238297942569],[135.32363051568416,34.762520266675466],[135.32368250102425,34.762863945060566],[135.32362450039182,34.76344458832236],[135.32351853916725,34.76363250218735],[135.3232171639548,34.763772143320224],[135.32312601552755,34.763957119324175],[135.32314408970922,34.76414134784248],[135.32318348176324,34.76419539584997],[135.323403423596,34.764297134221],[135.3234335735082,34.764341961636525],[135.32344291777005,34.764552459065015],[135.32360019722628,34.764744851125],[135.32379294762617,34.76485610515179],[135.32381287867858,34.765002570583356],[135.32388205155377,34.76514187266853],[135.32420228182306,34.76508024929332],[135.32472774134487,34.76511681756657],[135.32565851631927,34.76494908226971],[135.32605108196958,34.7650129263033],[135.3265631835778,34.76503846774386],[135.3273150029056,34.76534093646316],[135.32765909195646,34.76528361586417],[135.32796282289607,34.765361701265],[135.32847287552303,34.765415421236725],[135.32869229987452,34.76550165986019],[135.32889960594656,34.7656302522737],[135.32896108439502,34.76562566461795],[135.32892688328806,34.76542184927997]]]},"properties":{"code":"282040100","name":"甲陽園西山町","jinko":1838,"addr_key":"28204|甲陽園西山町","addr_key_town":"28204|甲陽園西山町","n":[3,null],"w":[false,false],"neighbors":["282040060","282040070","282040090","282040110","282040120","282040130","282040150","282040160","282040170"]}},{"type":"Feature","geometry":{"type":"Polygon","coordinates":[[[135.33101750002697,34.760477162830746],[135.3315441964842,34.75964857843679],[135.3324844453519,34.757874296511375],[135.33252139389387,34.757484819492],[135.3324116916163,34.757523327188466],[135.33232165918116,34.757275462518685],[135.33220720936643,34.75735175735811],[135.33185850448456,34.75742687693991],[135.331779808987,34.75747513120998],[135.33172130545213,34.75770463602829],[135.33165999584963,34.757800354983154],[135.33107201139632,34.7584495745795],[135.33031851415737,34.7587481587391],[135.32974946801554,34.75910734412654],[135.32969550353116,34.75919680434002],[135.32965091576543,34.75946985855929],[135.3296121810584,34.75953440411036],[135.32939650265138,34.75971589652104],[135.32893061031314,34.759996341769956],[135.32880823397107,34.76017326672129],[135.32875230283338,34.760454442341775],[135.32915134825,34.76044103649115],[135.32937563050356,34.760534838924336],[135.32961776938566,34.76079343280229],[135.32980058706178,34.760809683418124],[135.3298120912034,34.76113467521501],[135.33029452623623,34.76093803894146],[135.3305880830072,34.760774640739875],[135.33101750002697,34.760477162830746]]]},"properties":{"code":"282040110","name":"甲陽園若江町","jinko":716,"addr_key":"28204|甲陽園若江町","addr_key_town":"28204|甲陽園若江町","n":[null,null],"w":[false,false],"neighbors":["282040100","282040120","282040150"]}},{"type":"Feature","geometry":{"type":"Polygon","coordinates":[[[135.33173216829036,34.76267648062259],[135.33216313433826,34.76222390821733],[135.332329463345,34.76243649783151],[135.33260098230127,34.762448354024826],[135.33307880122376,34.76222963008924],[135.33348066141363,34.761742220046756],[135.3336452292098,34.76166748368284],[135.33378285905266,34.76151042925161],[135.3341222306311,34.760972120168205],[135.3348544998392,34.76057607552374],[135.3349190407609,34.76051469589396],[135.33511737974146,34.76017022823935],[135.33521136832582,34.760137480553],[135.33578182241774,34.760170950648046],[135.3358586725996,34.76014651370061],[135.33441353772506,34.758759191039054],[135.3334350653988,34.75851004106625],[135.33269744991875,34.75777606371894],[135.33261861113093,34.757564728567885],[135.33261078787174,34.75745337911832],[135.33252139389387,34.757484819492],[135.3324844453519,34.757874296511375],[135.33230904104346,34.75824547370795],[135.3315441964842,34.75964857843679],[135.33101750002697,34.760477162830746],[135.3305880830072,34.760774640739854],[135.33029452623623,34.76093803894144],[135.3298120912034,34.76113467521501],[135.33041691627855,34.76251274737929],[135.33083005675812,34.76278346062488],[135.33108914878144,34.76337854944323],[135.33124623569572,34.76333416023541],[135.33142553456128,34.76319958477726],[135.33155799555882,34.76303088448965],[135.33173216829036,34.76267648062259]]]},"properties":{"code":"282040120","name":"甲陽園本庄町","jinko":1655,"addr_key":"28204|甲陽園本庄町","addr_key_town":"28204|甲陽園本庄町","n":[5,null],"w":[false,false],"neighbors":["282040090","282040100","282040110","282040130","282040140","282040150","282040500"]}},{"type":"Feature","geometry":{"type":"Polygon","coordinates":[[[135.3322721137283,34.763257149271276],[135.3324592877782,34.76324490806132],[135.332608110434,34.76332904197174],[135.3328692582763,34.76341464936854],[135.33337737424569,34.76339343157625],[135.333905411073,34.76354529690293],[135.33441850680612,34.76356910643994],[135.33448505294922,34.763101775674244],[135.33453122183164,34.76303815389793],[135.3348399109989,34.76282771579738],[135.33498378076325,34.762671593808655],[135.33502919632096,34.76210119128726],[135.33542228792965,34.760642669532324],[135.33558295304613,34.76042203938491],[135.33588440273584,34.76019954314529],[135.3358375035584,34.76015316685288],[135.33521136832582,34.760137480553],[135.33511737974146,34.76017022823935],[135.33491904076087,34.76051469589393],[135.3348544998392,34.76057607552374],[135.3341222306311,34.760972120168205],[135.33378285905266,34.76151042925161],[135.3336452292098,34.76166748368284],[135.33348066141363,34.761742220046756],[135.33307880122376,34.76222963008924],[135.33260098230127,34.762448354024826],[135.332329463345,34.76243649783151],[135.33216313433826,34.76222390821733],[135.33173216829036,34.76267648062259],[135.33155799555882,34.76303088448965],[135.33142553456128,34.76319958477726],[135.33124623569572,34.76333416023541],[135.33108914878144,34.76337854944323],[135.331167396751,34.763470024594895],[135.3316904886616,34.763707295884316],[135.3318769484894,34.76372773907923],[135.33198599336205,34.76370487143022],[135.33210628165222,34.7636306412871],[135.33221501541564,34.76332733965899],[135.3322721137283,34.763257149271276]]]},"properties":{"code":"282040130","name":"甲陽園日之出町","jinko":1106,"addr_key":"28204|甲陽園日之出町","addr_key_town":"28204|甲陽園日之出町","n":[4,0],"w":[false,false],"neighbors":["282040090","282040100","282040120","282040140"]}},{"type":"Feature","geometry":{"type":"Polygon","coordinates":[[[135.33948391543132,34.76467553261347],[135.33924086843663,34.76358664467894],[135.33917325191982,34.763478888475646],[135.3391118202156,34.76344488861938],[135.33910614602596,34.76330774517298],[135.3390481150021,34.76315328789631],[135.33906526158034,34.76311737025073],[135.33936956132496,34.76305259631913],[135.33924609471907,34.76291346985802],[135.33741812057397,34.76163231512756],[135.3373431751066,34.76153222354182],[135.3367626874962,34.76107304805019],[135.3367577046269,34.76066166010287],[135.33670729910722,34.76048784161642],[135.3363677591046,34.75986187855888],[135.33628511076694,34.759759738401726],[135.3359195106989,34.75949020463118],[135.33595814345003,34.75985483347377],[135.33590751640403,34.7600927275415],[135.33583837774185,34.76012667944715],[135.33588440273584,34.76019954314529],[135.33558295304613,34.76042203938491],[135.33542228792965,34.760642669532324],[135.33502919632096,34.76210119128726],[135.33498378076325,34.762671593808655],[135.3348399109989,34.76282771579738],[135.33453122183164,34.76303815389793],[135.33448505294922,34.763101775674244],[135.33441850680612,34.76356910643994],[135.334423949427,34.763793439367994],[135.33469395545455,34.76384206507659],[135.33508212625705,34.76397253694631],[135.33528747431455,34.764185785962496],[135.33541946548206,34.764253574529],[135.33578298125286,34.76427874916454],[135.33664385978625,34.76440926263513],[135.3368139556688,34.76455110570824],[135.33685331812646,34.76463712370624],[135.3370307233324,34.764741156745444],[135.33714334700386,34.76474586131322],[135.337363869643,34.76464755851377],[135.3374130803271,34.764708281433],[135.3388394769101,34.76488411165034],[135.33907688936986,34.76499609779885],[135.3393416308954,34.76507419381612],[135.33939370794423,34.76481586313643],[135.33948391543132,34.76467553261347]]]},"properties":{"code":"282040140","name":"新甲陽町","jinko":1374,"addr_key":"28204|新甲陽町","addr_key_town":"28204|新甲陽町","n":[3,0],"w":[false,false],"neighbors":["282040080","282040090","282040120","282040130","282040480","282040490","282040500","282044190","282044200"]}},{"type":"Feature","geometry":{"type":"Polygon","coordinates":[[[135.3274547773665,34.76113845894525],[135.32758589760778,34.761028228342376],[135.3279734803037,34.76112605209359],[135.32857630840064,34.76110520772753],[135.32854049787332,34.76092323895605],[135.32870662205715,34.7606511627726],[135.32884788519877,34.7600858954268],[135.32893061031314,34.759996341769956],[135.32939650265138,34.75971589652104],[135.3296121810584,34.75953440411036],[135.32965091576543,34.75946985855929],[135.32969550353116,34.75919680434002],[135.32974946801554,34.75910734412653],[135.33031851415737,34.7587481587391],[135.33107201139632,34.7584495745795],[135.33165999584963,34.757800354983154],[135.33172130545213,34.75770463602829],[135.331779808987,34.75747513120998],[135.33185850448456,34.75742687693991],[135.33220720936643,34.75735175735811],[135.33232165918116,34.757275462518685],[135.3324116916163,34.757523327188466],[135.33261078787174,34.75745337911832],[135.3326005291349,34.757225846448954],[135.33250662076782,34.75703139720459],[135.33076148541193,34.75457376181867],[135.33075938307098,34.75466857245639],[135.33034700102792,34.7540820643067],[135.32872614810708,34.75782396671849],[135.32815122086492,34.75885871790271],[135.32793126785413,34.75916757261808],[135.32771675079476,34.75938215209],[135.32743520962237,34.75959403961944],[135.32717693680425,34.75971812666983],[135.3248862284756,34.760533011997396],[135.32525938653873,34.76055402101961],[135.32528290012212,34.760515728470395],[135.3253132483214,34.76059154095961],[135.32527342202428,34.76067919354599],[135.32552144912967,34.76072478013197],[135.32563905669065,34.76071184834106],[135.32597400632983,34.760790388796195],[135.32596716510915,34.7608318544163],[135.3260865315349,34.76085862855503],[135.32604255898997,34.760977583739475],[135.32638168194757,34.761152105316334],[135.32651335818704,34.76095860550718],[135.32665614143954,34.76095915300625],[135.32733732385032,34.76130014874362],[135.327449758141,34.761232449114026],[135.3274547773665,34.76113845894525]]]},"properties":{"code":"282040150","name":"神園町","jinko":1754,"addr_key":"28204|神園町","addr_key_town":"28204|神園町","n":[3,4],"w":[false,false],"neighbors":["282040100","282040110","282040120","282040160","282040500","282040690"]}},{"type":"Feature","geometry":{"type":"Polygon","coordinates":[[[135.32410989135312,34.76072529273538],[135.32456070809158,34.760652181480054],[135.32517152571057,34.760692840951904],[135.32523581587824,34.760551377940516],[135.3248862284756,34.760533011997396],[135.32717693680425,34.75971812666983],[135.32743520962237,34.75959403961944],[135.32771675079476,34.75938215209],[135.32793126785413,34.75916757261808],[135.32815122086492,34.75885871790271],[135.32872614810708,34.75782396671849],[135.33002476651097,34.754838403436885],[135.329532693055,34.75518907004713],[135.32913254793044,34.75538573586476],[135.32888265980523,34.755425246823066],[135.3284724037049,34.75536296652774],[135.32796165297026,34.75584279892267],[135.3274863199134,34.75607472322108],[135.3265606181178,34.75671386234702],[135.3264166677851,34.756935047114446],[135.3261873481975,34.75754469298858],[135.3261306882682,34.757630371099026],[135.32583482067096,34.75789955825734],[135.32573327260485,34.75804912581206],[135.32569403824456,34.758186212177336],[135.32576154344994,34.75849990168698],[135.32572235990605,34.75864107287947],[135.3255876912212,34.758832461031425],[135.3254018737975,34.759263433131345],[135.32524975181377,34.75940129975414],[135.32513961950505,34.75943994559887],[135.32472212133197,34.75948701088457],[135.32456942698443,34.75957741374037],[135.32437683255037,34.76024830880501],[135.32398451934904,34.76068870596496],[135.32410989135312,34.76072529273538]]]},"properties":{"code":"282040160","name":"獅子ケ口町","jinko":2015,"addr_key":"28204|獅子ケ口町","addr_key_town":"28204|獅子ケ口町","n":[3,5],"w":[false,false],"neighbors":["282040100","282040150","282040170","282040200","282040240","282040690"]}},{"type":"Feature","geometry":{"type":"Polygon","coordinates":[[[135.32398451934904,34.76068870596496],[135.32437683255037,34.76024830880501],[135.32456942698443,34.75957741374037],[135.32472212133197,34.75948701088457],[135.32513961950505,34.75943994559887],[135.32524975181377,34.75940129975414],[135.3254018737975,34.759263433131345],[135.32551043895117,34.75901563461064],[135.3243883638947,34.75853095280684],[135.3238335167782,34.758096013447314],[135.3238460761229,34.75807576999617],[135.32261580296188,34.757554063045895],[135.3225667096773,34.757566153383316],[135.32227449864013,34.7577924818477],[135.32199924105785,34.75810219671261],[135.3215402484244,34.758833140475495],[135.3212998958966,34.76025909927402],[135.32131177845022,34.760568312599204],[135.3216555487849,34.76054256293441],[135.32228065787464,34.76071552163659],[135.32275831210504,34.76075995137083],[135.32314938637825,34.76095790725311],[135.32377063670017,34.76090031492302],[135.32387365506278,34.76086595440515],[135.32398451934904,34.76068870596496]]]},"properties":{"code":"282040170","name":"甑岩町","jinko":721,"addr_key":"28204|甑岩町","addr_key_town":"28204|甑岩町","n":[0,null],"w":[false,false],"neighbors":["282040060","282040100","282040160","282040180","282040200","282040210"]}},{"type":"Feature","geometry":{"type":"Polygon","coordinates":[[[135.3225667096773,34.757566153383316],[135.32119457451068,34.75738278078916],[135.3202469525606,34.757440610269214],[135.32000788976706,34.757694672494715],[135.3198785868287,34.75843758621122],[135.32007368867073,34.759069976784374],[135.32007755454663,34.759394327339486],[135.3207685521163,34.759483234589005],[135.32058953502946,34.76043627934034],[135.3190771147281,34.761303505561145],[135.31967453258886,34.76138669839375],[135.31995465328131,34.7613261160501],[135.32041621206156,34.761115884916336],[135.32061180212682,34.76090795060714],[135.32085529597333,34.76073864375744],[135.32130973517704,34.760554526293326],[135.3212998958966,34.76025909927402],[135.3215402484244,34.758833140475495],[135.32199924105785,34.75810219671261],[135.32227449864013,34.7577924818477],[135.3225667096773,34.757566153383316]]]},"properties":{"code":"282040180","name":"毘沙門町","jinko":254,"addr_key":"28204|毘沙門町","addr_key_town":"28204|毘沙門町","n":[null,3],"w":[false,false],"neighbors":["282040060","282040170","282040190","282040210"]}},{"type":"Feature","geometry":{"type":"Polygon","coordinates":[[[135.3176527552282,34.761383065422905],[135.31867090252118,34.761209888900254],[135.3190771147281,34.761303505561145],[135.32058953502946,34.76043627934034],[135.32076855211628,34.759483234589005],[135.32007755454663,34.759394327339486],[135.32007368867073,34.759069976784374],[135.3198785868287,34.75843758621122],[135.32000788976706,34.757694672494715],[135.3202252122804,34.75746374532662],[135.3202282536268,34.75737526588935],[135.32027923563797,34.75727822894039],[135.32027141745942,34.756722632336384],[135.31992823808133,34.756331029634886],[135.31955797585516,34.75632360677874],[135.31932548469968,34.75638408431017],[135.3189373942549,34.75631257561819],[135.31875320605968,34.75635209664655],[135.3184552052336,34.756357748643],[135.318292943053,34.75643990990837],[135.31802762338953,34.75644543674309],[135.31759205818202,34.75680193404963],[135.3173103969274,34.756976050116826],[135.31717443985633,34.75704616577324],[135.3169483013494,34.75708165676122],[135.31664854752736,34.75724155066341],[135.31662480892737,34.757283152821714],[135.31669204374762,34.757620231286346],[135.31657964978396,34.75794270336688],[135.3165736132234,34.758375730555585],[135.3164303714441,34.75875972215977],[135.31643010039093,34.75889494198166],[135.3164693443152,34.75898744711843],[135.31642378809516,34.75938374861569],[135.31628806146807,34.75977556705227],[135.31609476973586,34.76002643560101],[135.31587420462702,34.7602447058558],[135.31575204837083,34.76044992628438],[135.3162481924854,34.76072987769212],[135.31654749447,34.761026629213994],[135.31690608076246,34.761076833070526],[135.3173250451313,34.76103738867973],[135.3174268245181,34.761150091926034],[135.31744087243277,34.761240546748944],[135.31729891525003,34.76150269165353],[135.317425293845,34.76156674360781],[135.3174892923199,34.761480306113626],[135.3176527552282,34.761383065422905]]]},"properties":{"code":"282040190","name":"角石町","jinko":255,"addr_key":"28204|角石町","addr_key_town":"28204|角石町","n":[null,0],"w":[false,false],"neighbors":["282040060","282040180","282040210","282040260","282040270"]}},{"type":"Feature","geometry":{"type":"Polygon","coordinates":[[[135.32796165297026,34.75584279892267],[135.32730447504812,34.75543476923541],[135.32710905849447,34.75527072378282],[135.32690391463143,34.755170563330594],[135.32676920786432,34.75518039609284],[135.326127629322,34.755367895021635],[135.32593480598544,34.75497860523447],[135.32537667016672,34.75531486253734],[135.32504225676044,34.75547886442775],[135.32282220696666,34.755331719623555],[135.32261580296188,34.757554063045895],[135.3238460761229,34.75807576999617],[135.3238335167782,34.758096013447314],[135.3243883638947,34.75853095280684],[135.32551043895117,34.75901563461064],[135.3255876912212,34.758832461031425],[135.32572235990605,34.75864107287947],[135.32576154344994,34.75849990168698],[135.32569403824456,34.758186212177336],[135.32573327260485,34.75804912581206],[135.32583482067096,34.75789955825734],[135.3261306882682,34.757630371099026],[135.3261873481975,34.75754469298858],[135.32648965705062,34.75680951592119],[135.32665330439295,34.756629721517925],[135.3274863199134,34.75607472322107],[135.32796165297026,34.75584279892267]]]},"properties":{"code":"282040200","name":"西平町","jinko":1105,"addr_key":"28204|西平町","addr_key_town":"28204|西平町","n":[null,null],"w":[false,false],"neighbors":["282040160","282040170","282040210","282040220","282040230","282040240"]}},{"type":"Feature","geometry":{"type":"Polygon","coordinates":[[[135.32261580296188,34.757554063045895],[135.32282220696666,34.755331719623555],[135.3201775733039,34.75517078651889],[135.32028969491896,34.75490549858267],[135.32010015347024,34.75461744407295],[135.31986651765192,34.754473978617696],[135.31978793463125,34.75463208750832],[135.319445868656,34.754870644336485],[135.31937957158073,34.75512908069657],[135.3189373942549,34.75631257561819],[135.31932548469968,34.75638408431017],[135.31955797585516,34.75632360677874],[135.31992823808133,34.756331029634886],[135.32027141745942,34.756722632336384],[135.32027923563797,34.75727822894039],[135.3202282536268,34.75737526588935],[135.3202252122804,34.75746374532662],[135.3202469525606,34.757440610269214],[135.32119457451068,34.75738278078916],[135.32261580296188,34.757554063045895]]]},"properties":{"code":"282040210","name":"美作町","jinko":634,"addr_key":"28204|美作町","addr_key_town":"28204|美作町","n":[null,null],"w":[false,false],"neighbors":["282040170","282040180","282040190","282040200","282040220","282040230","282040260"]}},{"type":"Feature","geometry":{"type":"Polygon","coordinates":[[[135.3235933574959,34.7534912760566],[135.3234073344334,34.75311981363944],[135.3234032305895,34.75300491141467],[135.3236848470328,34.75257907641853],[135.32378768314328,34.751816649846596],[135.3234498217401,34.752105471358114],[135.32298629344197,34.75238193327259],[135.32183133377072,34.75295120883586],[135.3211557040235,34.75318769107168],[135.320583007711,34.7532262817332],[135.3199263565568,34.75377416527747],[135.319754548523,34.753992751215506],[135.3197055432168,34.75419836857203],[135.3197854143032,34.754384772438],[135.31986651765192,34.754473978617696],[135.32010015347024,34.75461744407295],[135.32028969491896,34.75490549858267],[135.3201775733039,34.75517078651889],[135.32282220696666,34.755331719623555],[135.32288868019575,34.75506750489248],[135.32300708564375,34.75479328977679],[135.32351305637007,34.75385476344134],[135.3235933574959,34.7534912760566]]]},"properties":{"code":"282040220","name":"桜町","jinko":976,"addr_key":"28204|桜町","addr_key_town":"28204|桜町","n":[null,0],"w":[false,false],"neighbors":["282040200","282040210","282040230","282040260","282040310"]}},{"type":"Feature","geometry":{"type":"Polygon","coordinates":[[[135.32602683677868,34.75177839913565],[135.32584155854062,34.75125593961752],[135.32411412418716,34.751607642932306],[135.32378768314328,34.751816649846596],[135.3236848470328,34.75257907641853],[135.3234032305895,34.75300491141467],[135.3234073344334,34.75311981363944],[135.3235933574959,34.7534912760566],[135.32351305637007,34.75385476344134],[135.32300708564375,34.75479328977679],[135.32288868019575,34.75506750489248],[135.32282220696666,34.755331719623555],[135.32504225676044,34.75547886442775],[135.32537667016672,34.75531486253734],[135.32593480598544,34.75497860523447],[135.3258625755902,34.75482580639625],[135.32585456959936,34.75469896429306],[135.3261527275194,34.754450605045676],[135.32605450079186,34.75427167971604],[135.326116919809,34.75399763571984],[135.3261425155122,34.75352036189812],[135.32604472974998,34.75332129171832],[135.32594027355432,34.75329172002749],[135.3261373278507,34.75263190841725],[135.32617388293517,34.752264548672564],[135.32604423669045,34.752176447568125],[135.32602683677868,34.75177839913565]]]},"properties":{"code":"282040230","name":"豊楽町","jinko":1047,"addr_key":"28204|豊楽町","addr_key_town":"28204|豊楽町","n":[0,3],"w":[false,false],"neighbors":["282040200","282040210","282040220","282040240","282040250","282040310","282040370"]}},{"type":"Feature","geometry":{"type":"Polygon","coordinates":[[[135.3284724037049,34.75536296652774],[135.32905871289975,34.75412740518587],[135.32617388293517,34.752264548672564],[135.3261373278507,34.75263190841725],[135.32594027355432,34.75329172002749],[135.32604472974998,34.75332129171832],[135.3261425155122,34.75352036189812],[135.326116919809,34.75399763571984],[135.32605450079186,34.75427167971604],[135.3261527275194,34.754450605045676],[135.32589238718063,34.754643160749794],[135.3258423727089,34.754749207008025],[135.326127629322,34.755367895021635],[135.32676920786432,34.75518039609284],[135.32690391463143,34.75517056333058],[135.32710905849447,34.7552707237828],[135.32730447504812,34.75543476923541],[135.32796165297026,34.75584279892267],[135.3284724037049,34.75536296652774]]]},"properties":{"code":"282040240","name":"松風町","jinko":700,"addr_key":"28204|松風町","addr_key_town":"28204|松風町","n":[null,3],"w":[false,false],"neighbors":["282040160","282040200","282040230","282040250","282040690"]}},{"type":"Feature","geometry":{"type":"Polygon","coordinates":[[[135.3294603558724,34.7528494066399],[135.32935877295452,34.748743967917626],[135.32865837985713,34.74951438804033],[135.32859330542692,34.75039764201261],[135.3282716209452,34.75068873883042],[135.32813607815552,34.75075618867584],[135.3272916437569,34.751016343589264],[135.32584155854062,34.75125593961752],[135.32602683677868,34.75177839913565],[135.32604423669045,34.752176447568125],[135.32905871289975,34.75412740518587],[135.32923431152696,34.753757358395426],[135.3294603558724,34.7528494066399]]]},"properties":{"code":"282040250","name":"石刎町","jinko":754,"addr_key":"28204|石刎町","addr_key_town":"28204|石刎町","n":[22,7],"w":[false,false],"neighbors":["282040230","282040240","282040370","282040690","282040700","282040730"]}},{"type":"Feature","geometry":{"type":"Polygon","coordinates":[[[135.31434663968557,34.7572956176526],[135.3152890431708,34.75691983278974],[135.31544340582545,34.75688351599362],[135.31642571149274,34.75680051258307],[135.31639927177156,34.757153700569376],[135.31662480892737,34.757283152821714],[135.31664854752736,34.75724155066341],[135.3169483013494,34.75708165676122],[135.31717443985633,34.75704616577324],[135.3173103969274,34.756976050116826],[135.31759205818202,34.75680193404963],[135.31802762338953,34.75644543674309],[135.318292943053,34.75643990990837],[135.3184552052336,34.756357748643],[135.31875320605968,34.75635209664655],[135.3189373942549,34.75631257561819],[135.31937957158073,34.75512908069657],[135.319445868656,34.754870644336485],[135.31978793463125,34.75463208750832],[135.31986651765192,34.754473978617696],[135.31972987653472,34.75429268343624],[135.3197055432168,34.75419836857203],[135.319754548523,34.753992751215506],[135.3199263565568,34.75377416527747],[135.320583007711,34.7532262817332],[135.32000634672775,34.75316841787948],[135.3197644237338,34.753174322061824],[135.31771139104262,34.753582225537585],[135.31741451709087,34.75373913931914],[135.31682136477264,34.75421127848715],[135.31642664419402,34.75444982981559],[135.31604822232248,34.75453049432407],[135.31588064392477,34.754603259306684],[135.3153262873882,34.75519635128275],[135.315022145479,34.756036590885024],[135.31508356604124,34.75635174505726],[135.31504019937577,34.756537314370746],[135.31495514520083,34.75665448469189],[135.31441801373106,34.75691685527991],[135.31413216140373,34.75712705602533],[135.31403550750466,34.7571654421684],[135.31373569969583,34.757220394853746],[135.3134649345164,34.757162572882066],[135.31331027436065,34.75717381796503],[135.3130337977166,34.757440986306335],[135.3132015685976,34.757470200267875],[135.31358680772604,34.757459492696626],[135.3140064543121,34.75739977198848],[135.31434663968557,34.7572956176526]]]},"properties":{"code":"282040260","name":"苦楽園一番町","jinko":1174,"addr_key":"28204|苦楽園1番町","addr_key_town":"28204|苦楽園1番町","n":[0,null],"w":[false,false],"neighbors":["282040190","282040210","282040220","282040270","282040290","282040300","282040310"]}},{"type":"Feature","geometry":{"type":"Polygon","coordinates":[[[135.31538655559083,34.76212647818623],[135.31566368937706,34.762065224136606],[135.31601394702454,34.76213958372224],[135.31617878745348,34.762122336963756],[135.31684573713386,34.761866091027876],[135.317425293845,34.76156674360781],[135.31729891525003,34.76150269165353],[135.31744087243277,34.761240546748944],[135.3174268245181,34.761150091926034],[135.3173250451313,34.76103738867973],[135.31690608076246,34.761076833070526],[135.31654749447,34.761026629213994],[135.3162481924854,34.76072987769212],[135.31575204837083,34.76044992628438],[135.31587420462702,34.7602447058558],[135.31609476973586,34.76002643560101],[135.31628806146807,34.75977556705227],[135.31642378809516,34.75938374861569],[135.3164693443152,34.75898744711843],[135.31643010039093,34.75889494198166],[135.3164303714441,34.75875972215977],[135.3165736132234,34.758375730555585],[135.31657964978396,34.75794270336688],[135.31669204374762,34.75762023128639],[135.31662480892737,34.757283152821756],[135.31639927177156,34.757153700569376],[135.31642571149274,34.75680051258307],[135.31544340582545,34.75688351599362],[135.3152890431708,34.75691983278974],[135.31494148974608,34.757042923248925],[135.31472141233482,34.75716498511726],[135.3140064543121,34.75739977198848],[135.31358680772604,34.757459492696626],[135.3132015685976,34.757470200267875],[135.3130337977166,34.757440986306335],[135.31294241239124,34.75750637221282],[135.31273939244863,34.757555754604574],[135.3123633479638,34.75751441120437],[135.31225660261157,34.75755836980169],[135.31207725898315,34.75774841372453],[135.3119106346979,34.75784510897399],[135.31141252699524,34.75795235725224],[135.31098650104798,34.757985217646386],[135.31081027776295,34.7583170715594],[135.3108300930974,34.75836916906767],[135.3113239114177,34.75871479653574],[135.31176000476609,34.75894862746685],[135.31185489280412,34.75906364497628],[135.31166694472105,34.75961645007472],[135.31149878313963,34.759778231878585],[135.31106648154005,34.75998157404268],[135.31091123678277,34.76011001081467],[135.311952955581,34.761079010344915],[135.3124552622652,34.762025158166864],[135.31249352951252,34.76235289505069],[135.31306475286,34.7620327893661],[135.3132916808123,34.762718884540725],[135.31340658950734,34.762715142260696],[135.31370908609205,34.76266214012841],[135.31437341752536,34.762421845749046],[135.3148413906981,34.76232609633389],[135.31538655559083,34.76212647818623]]]},"properties":{"code":"282040270","name":"苦楽園二番町","jinko":1056,"addr_key":"28204|苦楽園2番町","addr_key_town":"28204|苦楽園2番町","n":[0,null],"w":[false,false],"neighbors":["282040050","282040060","282040190","282040260","282040280","282040290","282040300"]}},{"type":"Feature","geometry":{"type":"Polygon","coordinates":[[[135.29993882130503,34.768343047562134],[135.3001730115634,34.768197379192465],[135.30052306258312,34.768304606164314],[135.3009545345706,34.76836047852424],[135.30129277540593,34.768340748448615],[135.3018797542256,34.76819311857584],[135.30236778594963,34.767955704900025],[135.3034395430404,34.76692261845219],[135.30368869625244,34.76678766988786],[135.3040565172852,34.76637964928732],[135.3050067855021,34.76568767418755],[135.30513748546616,34.76552408785536],[135.30531162727007,34.765404382843755],[135.30613646440312,34.76502087875616],[135.30636390950363,34.764862293642494],[135.3067216864547,34.76451646087398],[135.30742518344536,34.76408461967113],[135.30807053173305,34.76388987001781],[135.3084191520148,34.76388327693915],[135.30899630786755,34.76378245421632],[135.30931611369195,34.76368453491561],[135.30988774474824,34.763599948415155],[135.31007058506796,34.763538478259456],[135.31031880170443,34.76344127003508],[135.31063766430262,34.76326334974058],[135.3107617809471,34.76302036852418],[135.31102479260733,34.76281049915331],[135.3114903456761,34.762668301429365],[135.3121483131828,34.76258934555538],[135.3132916808123,34.762718884540725],[135.31306475286,34.7620327893661],[135.31249352951252,34.76235289505069],[135.3124552622652,34.762025158166864],[135.311952955581,34.761079010344915],[135.31091123678277,34.76011001081467],[135.31106648154005,34.75998157404268],[135.31149878313963,34.759778231878585],[135.31166694472105,34.75961645007472],[135.31185489280412,34.75906364497628],[135.31176000476609,34.75894862746685],[135.3113239114177,34.75871479653574],[135.3108300930974,34.75836916906767],[135.31081027776295,34.7583170715594],[135.31098650104798,34.757985217646386],[135.31079236208745,34.75799212907777],[135.30962184244615,34.758492250618616],[135.30954090962598,34.7587134735989],[135.3093799883343,34.75899731243111],[135.30915569501562,34.75909573416772],[135.3089046131561,34.7594193105942],[135.30879189510415,34.759651914824374],[135.30849618269428,34.76006261245046],[135.30852431752876,34.760227043055735],[135.30847655224187,34.7604027866249],[135.30830827931445,34.760599212985035],[135.30793507062018,34.7608934813586],[135.30787611224343,34.761017480142634],[135.30787645877388,34.761264390624255],[135.30784502311369,34.76138492958018],[135.3076059191578,34.761697561607285],[135.30744174946787,34.761800710654335],[135.30727417719024,34.761999243565484],[135.30656005528294,34.76236060276938],[135.30511316569235,34.7632123372604],[135.3046140382018,34.763359282318845],[135.30425826477585,34.763519731951924],[135.30387766965345,34.7636013608584],[135.30361526562425,34.76376261346044],[135.30244223527075,34.764050697256195],[135.30128247481474,34.76496348397827],[135.30089949450274,34.76552077824141],[135.3006621853313,34.76561787875416],[135.30047573394233,34.76564879775248],[135.30026875128996,34.76562424182784],[135.30010512005717,34.765563143132354],[135.29980572166755,34.76561960593673],[135.29934800359254,34.76590212315374],[135.2992187591347,34.76606709954979],[135.29909718835037,34.76637793749672],[135.29897618528508,34.76656918757065],[135.29866049309325,34.76693410134389],[135.29895583320146,34.7673778384985],[135.29898903316627,34.767502229215374],[135.2989511869281,34.76766000155273],[135.29889249484094,34.76774244251418],[135.2986247613282,34.767961054020674],[135.29841133256963,34.76823332073056],[135.2983533356418,34.768368152778365],[135.29814497175894,34.7685699540638],[135.2981261674589,34.768655317769294],[135.2981752787499,34.768782963108954],[135.29903957641628,34.768637939110626],[135.29993882130503,34.768343047562134]]]},"properties":{"code":"282040280","name":"苦楽園三番町","jinko":642,"addr_key":"28204|苦楽園3番町","addr_key_town":"28204|苦楽園3番町","n":[0,null],"w":[false,false],"neighbors":["28204003000","282040050","282040270","282040290","282041840"]}},{"type":"Feature","geometry":{"type":"Polygon","coordinates":[[[135.3123633479638,34.75751441120437],[135.31283009388403,34.75754812252341],[135.3130337977166,34.757440986306335],[135.31285157358698,34.7571563814198],[135.31306280571138,34.75687086554952],[135.31307844015424,34.75680031377271],[135.31304767259024,34.75675295400142],[135.31281643227925,34.75662410421996],[135.31279663977625,34.75658116223326],[135.31270113378775,34.75582921792317],[135.31272565818117,34.75557943099371],[135.3126101333691,34.75488102983175],[135.31239890139398,34.7545818694837],[135.31235805360845,34.75380455469868],[135.3123130892081,34.75372547573754],[135.3121466005667,34.753601878070185],[135.3116564896283,34.754188804442435],[135.31116899172673,34.75488937446737],[135.31102538902323,34.755179133596755],[135.3102935914402,34.75580151833086],[135.308632405606,34.757312091989306],[135.30847978603444,34.75750402827353],[135.30802347173034,34.75791389821602],[135.3078532482091,34.75813991869153],[135.30756654512072,34.758424338824724],[135.30723151844492,34.75866308607101],[135.30662640730358,34.75941739574735],[135.30635306196695,34.75982959927352],[135.3061079313917,34.760108753533615],[135.3056849764325,34.760977946141374],[135.3055809673068,34.761429783427],[135.3055676400313,34.76198076188775],[135.30554074577262,34.76205971285645],[135.30507783755854,34.762412719687774],[135.30494861870545,34.76257122305341],[135.30480856063286,34.76283136704866],[135.30466917357165,34.763316305372555],[135.3046140382018,34.76335928231882],[135.30511316569235,34.7632123372604],[135.30656005528294,34.76236060276938],[135.30727417719024,34.761999243565484],[135.30744174946787,34.76180071065431],[135.30760591915777,34.76169756160726],[135.30784502311369,34.76138492958018],[135.30787645877388,34.761264390624255],[135.30787611224343,34.761017480142634],[135.30793507062018,34.7608934813586],[135.30830827931445,34.760599212985035],[135.30847655224187,34.7604027866249],[135.30852431752876,34.760227043055735],[135.30849618269428,34.76006261245046],[135.30879189510415,34.759651914824374],[135.3089046131561,34.7594193105942],[135.30915569501562,34.75909573416772],[135.3093799883343,34.75899731243111],[135.30954090962598,34.7587134735989],[135.30962184244615,34.758492250618616],[135.31079236208745,34.75799212907777],[135.31141252699524,34.75795235725224],[135.3119106346979,34.75784510897399],[135.31207725898315,34.75774841372453],[135.31225660261157,34.75755836980169],[135.3123633479638,34.75751441120437]]]},"properties":{"code":"282040290","name":"苦楽園四番町","jinko":911,"addr_key":"28204|苦楽園4番町","addr_key_town":"28204|苦楽園4番町","n":[0,null],"w":[false,false],"neighbors":["282040260","282040270","282040280","282040300","282041820"]}},{"type":"Feature","geometry":{"type":"Polygon","coordinates":[[[135.31331027436065,34.75717381796503],[135.3134649345164,34.757162572882066],[135.31373569969583,34.757220394853746],[135.31403550750466,34.7571654421684],[135.31413216140373,34.75712705602533],[135.31441801373106,34.75691685527991],[135.31495514520083,34.75665448469189],[135.31504019937577,34.756537314370746],[135.31508356604124,34.75635174505726],[135.315022145479,34.756036590885024],[135.3153262873882,34.75519635128275],[135.31588064392477,34.754603259306684],[135.31604822232248,34.75453049432407],[135.31642664419402,34.75444982981559],[135.31682136477264,34.75421127848715],[135.31715973984137,34.75394881390456],[135.31634317224442,34.75365032467785],[135.31655333856474,34.75328382140478],[135.31592243624394,34.75293326249804],[135.31544089865122,34.753089268423885],[135.31533566331382,34.75302236724483],[135.31534636999248,34.75186010737941],[135.31503268135887,34.752124481847986],[135.3146734634413,34.75234879782223],[135.31464994952253,34.752416596518636],[135.3146978693968,34.75287454408199],[135.31458686189995,34.75298319145627],[135.31415741755933,34.75310693923186],[135.31390801086275,34.75331684611095],[135.31383964061115,34.753437543445145],[135.31363171500308,34.753561899821854],[135.31353171999632,34.75357017006771],[135.313333391456,34.75348162137962],[135.31325819109003,34.7535372997812],[135.31322395403942,34.75372293652001],[135.31315176963554,34.75378112592289],[135.31296694587041,34.75380275505111],[135.31263886948813,34.75377525265389],[135.31234744094735,34.75395337974527],[135.31241044420145,34.75462713099292],[135.3126101333691,34.75488102983175],[135.31272565818117,34.75557943099371],[135.31270113378775,34.75582921792317],[135.31279663977625,34.75658116223326],[135.31281643227925,34.75662410421996],[135.31304767259024,34.75675295400142],[135.31307844015424,34.75680031377271],[135.31306280571138,34.75687086554952],[135.31285157358698,34.7571563814198],[135.3130337977166,34.757440986306335],[135.31331027436065,34.75717381796503]]]},"properties":{"code":"282040300","name":"苦楽園五番町","jinko":774,"addr_key":"28204|苦楽園5番町","addr_key_town":"28204|苦楽園5番町","n":[0,null],"w":[false,false],"neighbors":["282040260","282040270","282040290","282040310","282040320","282041820"]}},{"type":"Feature","geometry":{"type":"Polygon","coordinates":[[[135.3197644237338,34.753174322061824],[135.32078211406966,34.75322903348929],[135.3211557040235,34.75318769107168],[135.32150520801895,34.75308006061906],[135.32183133377072,34.75295120883586],[135.32298629344197,34.75238193327259],[135.3234498217401,34.752105471358114],[135.32378768314328,34.751816649846596],[135.32411412418716,34.751607642932306],[135.3245757258966,34.751505849579296],[135.32381357121537,34.75133416011927],[135.32323821178917,34.7510847449197],[135.32273114977676,34.750745189336314],[135.3227441988925,34.750651698529566],[135.3221500404411,34.75021354679304],[135.32152331860908,34.749898618315015],[135.32094293771976,34.749748812482615],[135.32006393229346,34.74961424268412],[135.31980759270283,34.74951927203229],[135.31923823088684,34.74922668517621],[135.31915804905302,34.75013935525996],[135.3171279072936,34.75004774259202],[135.31689852999142,34.75008903459554],[135.31681924253184,34.75016643973229],[135.31676991360047,34.75030205661434],[135.31663673449196,34.75143192474716],[135.31655677388227,34.75161807268458],[135.31638222759307,34.75170709240224],[135.31534636999248,34.75186010737941],[135.31533566331382,34.75302236724483],[135.31544089865122,34.753089268423885],[135.31592243624394,34.75293326249804],[135.31655333856474,34.75328382140478],[135.31634317224442,34.75365032467785],[135.31715973984137,34.75394881390456],[135.31741451709087,34.75373913931914],[135.31771139104262,34.753582225537585],[135.3197644237338,34.753174322061824]]]},"properties":{"code":"282040310","name":"樋之池町","jinko":4492,"addr_key":"28204|樋之池町","addr_key_town":"28204|樋之池町","n":[14,8],"w":[false,false],"neighbors":["282040220","282040230","282040260","282040300","282040320","282040330","282040340","282040350","282040360","282040370"]}},{"type":"Feature","geometry":{"type":"Polygon","coordinates":[[[135.3166016352438,34.75155869319633],[135.31673269192174,34.750508847594816],[135.31676991360047,34.75030205661434],[135.31684912843562,34.75012521022664],[135.31696108982794,34.750061626343694],[135.3171279072936,34.75004774259202],[135.31915804905302,34.75013935525996],[135.31923823088684,34.74922668517621],[135.31578494231715,34.747362669562946],[135.31576123520514,34.74739258149692],[135.31595261819228,34.74750076055249],[135.31591628148703,34.747688669435],[135.3158569456952,34.747807745887854],[135.31545820249397,34.748230281541325],[135.31509745135372,34.74854701065136],[135.31480041356946,34.74875392348804],[135.3144494081086,34.74855406588306],[135.3143829901357,34.748623055435424],[135.31445086582724,34.74868839167526],[135.3143456814529,34.74881426735014],[135.31479783773386,34.74921028659325],[135.31476392214805,34.74958440290686],[135.31453514748392,34.75000091664441],[135.3143629442487,34.750122028430525],[135.3141938429294,34.75033213484368],[135.31414381968784,34.750452825310425],[135.31414386338045,34.75075199560672],[135.3139911614314,34.7508339341511],[135.31395113625695,34.751078494706846],[135.31387544103828,34.75126502960836],[135.3137848025705,34.75133534067189],[135.31407548911127,34.751376523362715],[135.31445391998298,34.751290370839584],[135.31432196508325,34.75183470204152],[135.31433922536146,34.75191597567948],[135.31447109760288,34.752070554986624],[135.31474794413342,34.75228312363627],[135.31503268135887,34.752124481847986],[135.31534636999248,34.75186010737941],[135.3164772516932,34.751675900970085],[135.3166016352438,34.75155869319633]]]},"properties":{"code":"282040320","name":"老松町","jinko":2722,"addr_key":"28204|老松町","addr_key_town":"28204|老松町","n":[3,0],"w":[false,false],"neighbors":["282040300","282040310","282040330","282040340","282041820"]}},{"type":"Feature","geometry":{"type":"Polygon","coordinates":[[[135.3192648113957,34.7467783116729],[135.3197866050844,34.74594375803317],[135.32006243783553,34.74535501227458],[135.31884744629784,34.74503103310079],[135.31837157617866,34.74508545051837],[135.3181017654132,34.745004389417325],[135.31781506169506,34.74481543054831],[135.31761252569206,34.74473776834208],[135.31700986214886,34.74472686392334],[135.31703818762637,34.745093274098195],[135.31710381943947,34.74536811118646],[135.31720008132066,34.74558523172634],[135.31722723679013,34.745752486574354],[135.31721238423467,34.745917122459694],[135.31711629338878,34.74621016760283],[135.31708022130982,34.74620454328141],[135.31703842469219,34.746327704481786],[135.31656654438814,34.74620869299388],[135.31633182080688,34.746460179265846],[135.31647443094232,34.746542272122696],[135.31606673479484,34.747079535383136],[135.3158603425855,34.74708725790011],[135.31571796724714,34.74732701164692],[135.31923823088684,34.74922668517621],[135.3192836659682,34.748606425640084],[135.31913180024074,34.74710870163382],[135.31914689531914,34.747015053272555],[135.3192648113957,34.7467783116729]]]},"properties":{"code":"282040330","name":"深谷町","jinko":830,"addr_key":"28204|深谷町","addr_key_town":"28204|深谷町","n":[0,0],"w":[false,false],"neighbors":["282040310","282040320","282040340","282040400","282040410"]}},{"type":"Feature","geometry":{"type":"Polygon","coordinates":[[[135.32280801467041,34.746242774471064],[135.3211966390061,34.74544300248882],[135.3207926523335,34.745558398658325],[135.32006243783553,34.74535501227458],[135.3197866050844,34.74594375803317],[135.31959535855043,34.74621264581483],[135.31914689531914,34.747015053272555],[135.31913180024074,34.74710870163382],[135.3192836659682,34.748606425640084],[135.31923823088684,34.74922668517621],[135.31980759270283,34.74951927203229],[135.31990782591689,34.748628835003885],[135.31979132917633,34.74800298498711],[135.32221263113848,34.747086110567075],[135.3224932752442,34.74690156576004],[135.32258302436938,34.74677195621105],[135.32280801467041,34.746242774471064]]]},"properties":{"code":"282040340","name":"木津山町","jinko":444,"addr_key":"28204|木津山町","addr_key_town":"28204|木津山町","n":[null,0],"w":[false,false],"neighbors":["282040310","282040320","282040330","282040350","282040390","282040400","282040410"]}},{"type":"Feature","geometry":{"type":"Polygon","coordinates":[[[135.32334719400987,34.746473471641],[135.32280801467041,34.746242774471064],[135.32258302436938,34.74677195621105],[135.3224932752442,34.74690156576004],[135.32221263113848,34.747086110567075],[135.31979132917633,34.74800298498711],[135.31990782591689,34.748628835003885],[135.31980759270283,34.74951927203229],[135.32035155938908,34.749678252191465],[135.32094293771976,34.749748812482615],[135.32152331860908,34.749898618315015],[135.3221500404411,34.75021354679304],[135.3227441988925,34.750651698529566],[135.32321037497093,34.74711954896604],[135.323297970542,34.74658838587837],[135.32334719400987,34.746473471641]]]},"properties":{"code":"282040350","name":"松ケ丘町","jinko":640,"addr_key":"28204|松ケ丘町","addr_key_town":"28204|松ケ丘町","n":[0,null],"w":[false,false],"neighbors":["282040310","282040340","282040360","282040390"]}},{"type":"Feature","geometry":{"type":"Polygon","coordinates":[[[135.32619060008062,34.74815588682156],[135.32578665488467,34.74810439024369],[135.32534733981618,34.74786387542808],[135.32497006264626,34.748129922598224],[135.32486710129822,34.74802498143821],[135.32311150847187,34.74786433729606],[135.32273114977676,34.750745189336314],[135.32323821178917,34.7510847449197],[135.32381357121537,34.75133416011927],[135.32560521217135,34.750551633142784],[135.32558138472953,34.750499993756996],[135.32604175079516,34.74943406971945],[135.32610218891327,34.74933667005824],[135.3263109273649,34.74929665476263],[135.3261907476183,34.74896564618478],[135.3261614204357,34.74834824777299],[135.32619060008062,34.74815588682156]]]},"properties":{"code":"282040360","name":"菊谷町","jinko":791,"addr_key":"28204|菊谷町","addr_key_town":"28204|菊谷町","n":[null,3],"w":[false,false],"neighbors":["282040310","282040350","282040370","282040380","282040390"]}},{"type":"Feature","geometry":{"type":"Polygon","coordinates":[[[135.32935877295452,34.748743967917626],[135.32930404976958,34.74670459012118],[135.32893315578383,34.747045671326816],[135.32877249268583,34.74759250808534],[135.32871034445574,34.74764668131964],[135.32854181256704,34.747943709289956],[135.32827836560057,34.74826630325772],[135.3278938013962,34.748578477720464],[135.32771035360565,34.748692237110824],[135.32741851858054,34.748782794969586],[135.32662950584844,34.74887445472314],[135.3261907476183,34.74896564618478],[135.3263109273649,34.74929665476263],[135.32610218891327,34.74933667005824],[135.32604175079516,34.74943406971945],[135.32558138472953,34.750499993756996],[135.32560521217135,34.750551633142784],[135.32381357121537,34.75133416011927],[135.3245757258966,34.751505849579296],[135.32584155854062,34.75125593961752],[135.3272916437569,34.751016343589264],[135.32813607815552,34.75075618867584],[135.3282716209452,34.75068873883042],[135.32859330542692,34.75039764201261],[135.32865837985713,34.74951438804033],[135.32935877295452,34.748743967917626]]]},"properties":{"code":"282040370","name":"南越木岩町","jinko":791,"addr_key":"28204|南越木岩町","addr_key_town":"28204|南越木岩町","n":[9,5],"w":[false,false],"neighbors":["282040230","282040250","282040310","282040360","282040380","282040730"]}},{"type":"Feature","geometry":{"type":"Polygon","coordinates":[[[135.32907761946726,34.744433929865686],[135.32898650297648,34.74407930554079],[135.32839205091932,34.74451038695317],[135.32756095575508,34.744966922226205],[135.3273523299803,34.74502975646083],[135.32721542708884,34.74503284698992],[135.32707460414895,34.745548672092504],[135.32634648259273,34.747514721096735],[135.3261614204357,34.74834824777299],[135.3261907476183,34.74896564618478],[135.32662950584844,34.74887445472314],[135.32741851858054,34.748782794969586],[135.32771035360565,34.748692237110824],[135.32810133034474,34.7484308579827],[135.32827836560057,34.74826630325772],[135.32854181256704,34.747943709289956],[135.32871034445574,34.74764668131964],[135.32877249268583,34.74759250808534],[135.32893315578383,34.747045671326816],[135.32930404976958,34.74670459012118],[135.32928552671532,34.74601512773711],[135.32907761946726,34.744433929865686]]]},"properties":{"code":"282040380","name":"松生町","jinko":965,"addr_key":"28204|松生町","addr_key_town":"28204|松生町","n":[3,3],"w":[false,false],"neighbors":["282040360","282040370","282040390","282040430","282040730","282040740"]}},{"type":"Feature","geometry":{"type":"Polygon","coordinates":[[[135.32619060008062,34.748155886821564],[135.32634648259275,34.74751472109678],[135.32717410162897,34.745257844385335],[135.32721609657563,34.74502453176987],[135.32632015344194,34.744762395380725],[135.32612068035883,34.744734584930356],[135.32463031585775,34.745085908633094],[135.32370691181953,34.74520963145845],[135.3233440985435,34.745321744788434],[135.32308455119417,34.74553612069236],[135.32295457114526,34.74572592047575],[135.32273606532286,34.74621209081386],[135.32334719400987,34.746473471641],[135.32327014830173,34.74672354850714],[135.32311150847187,34.74786433729606],[135.32486710129822,34.74802498143821],[135.32497006264626,34.748129922598224],[135.32534733981618,34.74786387542808],[135.32578665488467,34.74810439024369],[135.32585280194357,34.74811328779149],[135.32619060008062,34.748155886821564]]]},"properties":{"code":"282040390","name":"久出ケ谷町","jinko":959,"addr_key":"28204|久出ケ谷町","addr_key_town":"28204|久出ケ谷町","n":[0,null],"w":[false,false],"neighbors":["282040340","282040350","282040360","282040380","282040410","282040420","282040430"]}},{"type":"Feature","geometry":{"type":"Polygon","coordinates":[[[135.32006243783553,34.74535501227458],[135.32067444598908,34.74403744637781],[135.32107752992633,34.74381810971043],[135.32062117506268,34.74370532599598],[135.32067438689015,34.74353108264704],[135.32051069110412,34.74349085922399],[135.32055038432537,34.743399405327885],[135.32069568136615,34.743299066958855],[135.32080323808546,34.74316044099011],[135.32097947323817,34.742541796312864],[135.32099424944263,34.74237138646326],[135.3211277273101,34.74185943124546],[135.3194704268164,34.74172243623396],[135.31699356326374,34.74136217214826],[135.31686464994203,34.74184380219142],[135.3164621985653,34.74438958051886],[135.31648996076794,34.74478796800503],[135.31700986214886,34.74472686392334],[135.31761252569206,34.74473776834208],[135.31781506169506,34.74481543054831],[135.3181017654132,34.745004389417325],[135.31837157617866,34.74508545051837],[135.31884744629784,34.74503103310079],[135.32006243783553,34.74535501227458]]]},"properties":{"code":"282040400","name":"高塚町","jinko":987,"addr_key":"28204|高塚町","addr_key_town":"28204|高塚町","n":[null,4],"w":[false,false],"neighbors":["282040330","282040340","282040410","282040960","282040970"]}},{"type":"Feature","geometry":{"type":"Polygon","coordinates":[[[135.3231497603679,34.74545939005953],[135.3233440985435,34.745321744788434],[135.323535963798,34.7452553913288],[135.32430764460784,34.745129948204955],[135.3242670926809,34.744878151767516],[135.32348184077,34.74441747793342],[135.3235297785166,34.74412397358163],[135.32349094804502,34.74388033332413],[135.32348735097605,34.74350766784339],[135.3234217938784,34.74328382350356],[135.32277343248137,34.74279639649372],[135.32282698449228,34.742636938146056],[135.3230014789294,34.742409733215325],[135.32309808277427,34.74198300985884],[135.3228092981175,34.74193436948383],[135.32187393004182,34.74191774419771],[135.3211277273101,34.74185943124546],[135.32099424944263,34.74237138646326],[135.32097947323817,34.742541796312864],[135.32080323808546,34.74316044099011],[135.32069568136615,34.743299066958855],[135.32055038432537,34.743399405327885],[135.32051069110412,34.74349085922399],[135.32067438689015,34.74353108264704],[135.32062117506268,34.74370532599598],[135.32107752992633,34.74381810971043],[135.32067444598908,34.74403744637781],[135.32006243783553,34.74535501227458],[135.3207926523335,34.745558398658325],[135.3211966390061,34.74544300248882],[135.3227443502253,34.74619159926059],[135.32295457114526,34.74572592047575],[135.3231497603679,34.74545939005953]]]},"properties":{"code":"282040410","name":"殿山町","jinko":735,"addr_key":"28204|殿山町","addr_key_town":"28204|殿山町","n":[null,null],"w":[false,false],"neighbors":["282040330","282040340","282040390","282040400","282040420","282040960","282040970"]}},{"type":"Feature","geometry":{"type":"Polygon","coordinates":[[[135.32602340723875,34.744748336968186],[135.32632015344194,34.744762395380725],[135.32686732869604,34.74494131843953],[135.3264899385843,34.744498883493755],[135.3261206849181,34.74439315883424],[135.3259611888843,34.743044390092116],[135.3257906123627,34.74316353408834],[135.325578371854,34.74276735782482],[135.32518218348372,34.74255635097257],[135.32524352990262,34.74237823604504],[135.3252543521517,34.74204925750548],[135.32309808277427,34.74198300985884],[135.3230014789294,34.742409733215325],[135.32282698449228,34.742636938146056],[135.32276808289294,34.74276277545498],[135.32279486295872,34.74281918061083],[135.3234217938784,34.74328382350356],[135.32348735097605,34.74350766784339],[135.32349094804502,34.74388033332413],[135.3235297785166,34.74412397358163],[135.32348184077,34.74441747793342],[135.3242670926809,34.744878151767516],[135.32430764460784,34.745129948204955],[135.32510082953453,34.74499037943531],[135.32602340723875,34.744748336968186]]]},"properties":{"code":"282040420","name":"雲井町","jinko":574,"addr_key":"28204|雲井町","addr_key_town":"28204|雲井町","n":[null,0],"w":[false,false],"neighbors":["282040390","282040410","282040430","282040940","282040950","282040960"]}},{"type":"Feature","geometry":{"type":"Polygon","coordinates":[[[135.32884106442185,34.74351412763217],[135.32837676538801,34.74227166354377],[135.32524679321074,34.742137774425046],[135.32524352990262,34.74237823604504],[135.32518218348372,34.74255635097257],[135.325578371854,34.74276735782482],[135.3257906123627,34.74316353408834],[135.3259611888843,34.743044390092116],[135.3261206849181,34.74439315883424],[135.3264899385843,34.744498883493755],[135.32686732869604,34.74494131843953],[135.32721542708884,34.74503284698992],[135.32745836016525,34.74500635381601],[135.32839205091932,34.74451038695317],[135.32898650297648,34.74407930554079],[135.32884106442185,34.74351412763217]]]},"properties":{"code":"282040430","name":"相生町","jinko":732,"addr_key":"28204|相生町","addr_key_town":"28204|相生町","n":[14,3],"w":[false,false],"neighbors":["282040380","282040390","282040420","282040740","282040940"]}},{"type":"Feature","geometry":{"type":"Polygon","coordinates":[[[135.35083796069412,34.76278577158193],[135.351089564223,34.762503089150385],[135.35139748083245,34.7627057333531],[135.35175702088034,34.76236622773839],[135.3521282010679,34.76259186259393],[135.352409569146,34.762425835269],[135.3524090252886,34.76238161230276],[135.35248377389442,34.762318588516514],[135.35259774713407,34.76210720107007],[135.3528198875877,34.76225337405469],[135.35289166922507,34.76210177899148],[135.35290230271548,34.76114192412506],[135.35276949931298,34.76109881038911],[135.35279186527575,34.76073860543021],[135.35264084609517,34.760747758864646],[135.35239665203517,34.76061205136244],[135.35217033515366,34.76038266897815],[135.35226324560261,34.76013117417385],[135.35250630186098,34.76018111272038],[135.35298512235497,34.76019526898353],[135.35330987869315,34.759596179128735],[135.35324903124555,34.75925625027699],[135.3529598827954,34.75929515505193],[135.35248042520396,34.757438518344],[135.3525405813169,34.75720927069843],[135.35253608554913,34.75671181903067],[135.35269426995467,34.7565155545163],[135.3530608883558,34.75640740651922],[135.35302974397217,34.756143710916014],[135.35245155179578,34.756152217244455],[135.35195379276013,34.7557755217823],[135.35189715363,34.755798110305626],[135.35137514515466,34.75559373712839],[135.35128769919027,34.755789689322384],[135.35104429999066,34.75571763791295],[135.35088275586443,34.75607111951924],[135.35080980563916,34.75612046393659],[135.3506403697431,34.7561300508256],[135.35010820488307,34.75603674755364],[135.34999348870463,34.75604812984573],[135.3496611566899,34.756969685106725],[135.34947279431037,34.75718972040242],[135.34929594249718,34.75724894745145],[135.3492073577095,34.75733180353577],[135.34901753023567,34.757592556737414],[135.34908486490556,34.75796215423538],[135.34926331397338,34.75832561217882],[135.34913291680516,34.75844332678852],[135.34903336477117,34.7586271245751],[135.34901425336417,34.75878039163049],[135.34913576906428,34.75904502367108],[135.34912019463044,34.75927826359847],[135.34921786604409,34.75952591119624],[135.34948277404033,34.75961849249485],[135.3495663971394,34.75968061448908],[135.34966562748554,34.76004811324682],[135.34961625789677,34.760163039116016],[135.34960316209555,34.76047288187605],[135.3496667425562,34.7606957415622],[135.34969472606062,34.761182434104036],[135.34990198210588,34.761535085872794],[135.35012480277817,34.76219607340828],[135.35015101413396,34.76248234671075],[135.35083796069412,34.76278577158193]]]},"properties":{"code":"282040440","name":"岡田山","jinko":579,"addr_key":"28204|岡田山","addr_key_town":"28204|岡田山","n":[13,null],"w":[false,false],"neighbors":["282040450","282044130","282044320","282044330"]}},{"type":"Feature","geometry":{"type":"Polygon","coordinates":[[[135.34999348870463,34.75604812984573],[135.35010820488307,34.75603674755364],[135.35071040655077,34.756135380409916],[135.35085084716192,34.7560994154227],[135.350914400334,34.75601451398452],[135.3512134393046,34.755350429379625],[135.35191942145886,34.75504802730614],[135.35213879260428,34.75487322420937],[135.35219293824795,34.754523035057105],[135.35231181658185,34.75432977643324],[135.35056720860769,34.75325572752007],[135.34961121404308,34.75262537590128],[135.34958413213155,34.75256700779511],[135.34945495900817,34.75257512912784],[135.34933702543643,34.7526507649959],[135.34917709515187,34.75317747717078],[135.3487354599461,34.75299833730904],[135.34791620155272,34.75305968170489],[135.3475507414617,34.753004134078616],[135.34728269012186,34.753001437628164],[135.34674783225654,34.75290265202348],[135.34668279641906,34.75299221223201],[135.34673906063355,34.75415321075972],[135.34675912034356,34.7542514994544],[135.3468969196411,34.75452290103372],[135.34701234661256,34.755302261452115],[135.34712585358417,34.75548498681019],[135.34715253331254,34.75561505233808],[135.34707768053914,34.756074291849636],[135.3471322106421,34.757044310372024],[135.34701382042442,34.75773251608543],[135.34695137616055,34.758313207500656],[135.34719155332812,34.75836557443553],[135.34748680221807,34.75851143133108],[135.34754537406238,34.75864686440394],[135.34760904675565,34.75871070357053],[135.34807404116077,34.758971157334784],[135.34795893550637,34.75914420161446],[135.34824287441756,34.75922207022946],[135.34843299764307,34.75923399841],[135.3486478962318,34.75930868704911],[135.34913576906428,34.75904502367108],[135.34901425336417,34.75878039163049],[135.34900731100117,34.75870143094481],[135.34913291680516,34.75844332678852],[135.34926331397338,34.75832561217882],[135.34908486490556,34.75796215423538],[135.34901753023567,34.757592556737414],[135.3492073577095,34.75733180353577],[135.34929594249718,34.75724894745145],[135.34947279431037,34.75718972040242],[135.3496611566899,34.756969685106725],[135.34999348870463,34.75604812984573]]]},"properties":{"code":"282040450","name":"愛宕山","jinko":2210,"addr_key":"28204|愛宕山","addr_key_town":"28204|愛宕山","n":[17,6],"w":[false,false],"neighbors":["282040440","282040460","282040530","282040540","282043150","282044130","282044330"]}},{"type":"Feature","geometry":{"type":"Polygon","coordinates":[[[135.34694570511655,34.75833804478456],[135.34701382042442,34.75773251608543],[135.3471322106421,34.757044310372024],[135.34707768053914,34.756074291849636],[135.34715253331254,34.75561505233808],[135.34712585358417,34.75548498681019],[135.34701234661256,34.755302261452115],[135.3468969196411,34.75452290103372],[135.34675912034356,34.7542514994544],[135.34673906063355,34.75415321075972],[135.34668279641906,34.75299221223201],[135.3460755145073,34.752979100888574],[135.34550750328495,34.7528697401882],[135.34534746548792,34.752796139044676],[135.34511093877688,34.752670918116806],[135.3449090739699,34.75249146271201],[135.3444344624879,34.752301738086175],[135.3443266213938,34.75208642720646],[135.34398822161796,34.75184274993453],[135.3438658090218,34.751635728532],[135.34358870835575,34.75134562241416],[135.34343712891044,34.751405617286295],[135.34310981706938,34.751665107860084],[135.34295502058436,34.75186020524215],[135.34214717776334,34.753097109683694],[135.34205923166093,34.75325362144236],[135.34196789118397,34.75380454852222],[135.34189822423932,34.75399767210207],[135.34154665947403,34.75457977234386],[135.34125712510476,34.7548951458717],[135.3409431550538,34.755039445812095],[135.34109401145344,34.75541074904959],[135.3411847143907,34.755845090728386],[135.34129541802986,34.756121229147084],[135.34137699604864,34.756240419366364],[135.3417487115842,34.756521295797114],[135.3419677917215,34.75683935396698],[135.34249871808348,34.75673677518095],[135.34255682769876,34.756852906013805],[135.34303736233397,34.7570564052682],[135.3429523897033,34.757212189711645],[135.34378584982042,34.75754134046192],[135.3439044903369,34.75732668163717],[135.34481878873925,34.757657689467734],[135.34485908573177,34.75777102268527],[135.34490739914128,34.75780019925904],[135.345340288908,34.75782011999631],[135.34574857559556,34.75814533021775],[135.34622222716519,34.758190825323794],[135.34654010632326,34.75786323091854],[135.34672990472941,34.758325054300975],[135.34694570511655,34.75833804478456]]]},"properties":{"code":"282040460","name":"高座町","jinko":2442,"addr_key":"28204|高座町","addr_key_town":"28204|高座町","n":[7,null],"w":[false,false],"neighbors":["282040450","282040470","282040520","282040540","282040570","282044130","282044140","282044160","282044170"]}},{"type":"Feature","geometry":{"type":"Polygon","coordinates":[[[135.33948921973817,34.75875308182939],[135.3399872102638,34.75813977420613],[135.34032911192892,34.75824201908276],[135.34060567991253,34.7584386120389],[135.34079776496006,34.75863477746444],[135.3410509025795,34.758728600802776],[135.34120844620404,34.758926178623334],[135.341303007347,34.75896201648747],[135.34184494319618,34.75865807215283],[135.34170831996593,34.75838578221],[135.34177611312882,34.75824031113571],[135.34175872424714,34.758017345320596],[135.34190482091182,34.75811585718076],[135.34191473968067,34.758250711954005],[135.34199929437943,34.75836888999434],[135.342202545536,34.75845861660508],[135.34240904519297,34.75847169283458],[135.34257752231917,34.75820746495603],[135.34259235071983,34.75805874217568],[135.34251847048753,34.75790624884633],[135.34247169753195,34.75759000101294],[135.342429086204,34.75750358958179],[135.34178400970447,34.756560863742436],[135.34134181229297,34.756203102342965],[135.3411847143907,34.755845090728386],[135.34109401145344,34.75541074904959],[135.3409431550538,34.755039445812116],[135.3403260466315,34.755159915059366],[135.33933986541538,34.7552651252529],[135.33941579301225,34.755769875132614],[135.3397049643159,34.75583833054767],[135.33984104621774,34.75599819847682],[135.33991776292794,34.756033480272485],[135.33996621584174,34.75617956558273],[135.3399793769802,34.756300731007755],[135.33983332801037,34.7567675980741],[135.3398346229476,34.756874211426336],[135.339977787745,34.75713233600906],[135.33991681424467,34.75774681571708],[135.33971696731666,34.75784565776482],[135.33964357235658,34.75792246673621],[135.33938497575278,34.758320400545045],[135.33899603654646,34.75873659620392],[135.33888420886143,34.75874047880156],[135.33872031975923,34.75884226198658],[135.3385414577035,34.75914488199104],[135.33859424375868,34.759373893894555],[135.3385348855803,34.759651159639006],[135.3385579296342,34.75972181726435],[135.3387202659847,34.7598644257138],[135.33872499391418,34.76002214107204],[135.33891977092645,34.76043998902618],[135.33907625256813,34.76055757427936],[135.33928948743036,34.76081568348424],[135.33980113173885,34.76118470802298],[135.33987893070505,34.76142083665697],[135.33990162592687,34.76171545281154],[135.33999549023085,34.76179904571404],[135.34011093856347,34.76169991620817],[135.34019692429678,34.76152821051496],[135.34018722366645,34.761320110759506],[135.34005249826893,34.761104032553654],[135.33984325416722,34.76099928021108],[135.3399043299291,34.76077932647531],[135.33986952644813,34.76065383297398],[135.33953483976532,34.76045771922144],[135.3394671760828,34.76036010615502],[135.33920948437222,34.759891367830015],[135.3391569510095,34.7595568563546],[135.33905909490127,34.75936906510504],[135.33904150135177,34.75905849008695],[135.33948921973817,34.75875308182939]]]},"properties":{"code":"282040470","name":"一ケ谷町","jinko":2003,"addr_key":"28204|1ケ谷町","addr_key_town":"28204|1ケ谷町","n":[9,0],"w":[false,false],"neighbors":["282040460","282040480","282040490","282040520","282044170","282044180","282044190"]}},{"type":"Feature","geometry":{"type":"Polygon","coordinates":[[[135.3376266733846,34.76027679282106],[135.33781665501667,34.76029120997612],[135.33783174851553,34.760184713868824],[135.337995849158,34.759920408800916],[135.33836541123452,34.75960227553747],[135.33856407221938,34.7595458421105],[135.33859424375868,34.759373893894555],[135.3385414577035,34.75914488199104],[135.33872031975923,34.75884226198658],[135.33888420886143,34.75874047880156],[135.33899603654646,34.75873659620392],[135.33938497575278,34.758320400545045],[135.33964357235658,34.75792246673621],[135.33971696731666,34.75784565776482],[135.33991681424467,34.75774681571708],[135.339977787745,34.75713233600906],[135.3398346229476,34.756874211426336],[135.33983332801037,34.7567675980741],[135.3399793769802,34.756300731007755],[135.33996621584174,34.75617956558273],[135.33991776292794,34.756033480272464],[135.33984104621774,34.75599819847678],[135.3397049643159,34.75583833054763],[135.33941579301225,34.755769875132614],[135.33868489137706,34.75622481552413],[135.33839451849576,34.756486383904594],[135.33831294779438,34.7564939603528],[135.3381933505115,34.756623969320216],[135.33812286863656,34.7568986496143],[135.33819111092208,34.757181268616485],[135.33793722502963,34.75716273191727],[135.336659100474,34.75781866905466],[135.33661331660971,34.75776566269819],[135.33634751953323,34.75786588853695],[135.3363334071502,34.75796882739348],[135.33636660628866,34.758096165375605],[135.33663606603045,34.75844621417647],[135.33694274586608,34.759001458276074],[135.33708215687807,34.759583717928074],[135.33715942175857,34.75977689276157],[135.3371755128514,34.75986535484745],[135.33713448521686,34.760085283103],[135.33690767798234,34.760544782457615],[135.33688852687703,34.760710864855604],[135.33710576979271,34.761117260927904],[135.33712862691698,34.761362437222964],[135.3373431751066,34.76153222354182],[135.33741812057397,34.76163231512756],[135.33924609471907,34.76291346985799],[135.33936956132496,34.76305259631913],[135.33921516483596,34.76264314901068],[135.33903623708883,34.76250532558912],[135.33866921000802,34.762387227399735],[135.33849309922147,34.762256001037684],[135.3379980974005,34.761633862640565],[135.33778150191648,34.76123915356376],[135.33772972980668,34.76108633402062],[135.33758514203433,34.760464820171684],[135.3376266733846,34.76027679282106]]]},"properties":{"code":"282040480","name":"五月ケ丘","jinko":1056,"addr_key":"28204|5月ケ丘","addr_key_town":"28204|5月ケ丘","n":[null,null],"w":[false,false],"neighbors":["282040140","282040470","282040490","282044190","282044200"]}},{"type":"Feature","geometry":{"type":"Polygon","coordinates":[[[135.33634751953323,34.75786588853695],[135.33661331660971,34.75776566269819],[135.336659100474,34.75781866905466],[135.33793722502963,34.75716273191727],[135.33819111092208,34.757181268616485],[135.33812286863656,34.7568986496143],[135.33823135124,34.75656999005276],[135.33831294779438,34.7564939603528],[135.33839451849576,34.756486383904594],[135.33868489137706,34.75622481552413],[135.33941579301225,34.755769875132614],[135.33933986541538,34.75526512525289],[135.3377607685746,34.75536170272822],[135.33749031663618,34.75541492535757],[135.33689253704767,34.75568071841908],[135.33646672845612,34.75599776820512],[135.3363441307341,34.756126814677806],[135.33578130392303,34.75694741239232],[135.33533682620626,34.757471665191375],[135.33512393950528,34.75784033954202],[135.33507844127573,34.75800156695431],[135.3350670864662,34.75821279768714],[135.33513955891786,34.75841235178715],[135.33580829726753,34.75928406823258],[135.3359195106989,34.75949020463118],[135.33628511076694,34.759759738401726],[135.3363677591046,34.75986187855888],[135.33674645837775,34.7605714664016],[135.3367626874962,34.76107304805019],[135.33712862691698,34.761362437222964],[135.33710576979271,34.761117260927904],[135.33688852687703,34.760710864855604],[135.3369076779823,34.760544782457615],[135.33713448521686,34.760085283103],[135.3371755128514,34.75986535484745],[135.33715942175857,34.75977689276157],[135.33708215687807,34.759583717928074],[135.33694274586608,34.759001458276074],[135.33663606603045,34.75844621417647],[135.33636660628866,34.758096165375605],[135.3363334071502,34.75796882739348],[135.33634751953323,34.75786588853695]]]},"properties":{"code":"282040490","name":"六軒町","jinko":1416,"addr_key":"28204|6軒町","addr_key_town":"28204|6軒町","n":[8,5],"w":[false,false],"neighbors":["282040140","282040470","282040480","282040500","282040510","282040520"]}},{"type":"Feature","geometry":{"type":"Polygon","coordinates":[[[135.3338632959374,34.75248466774139],[135.33377455262018,34.75232919237128],[135.33368711108488,34.75228131717164],[135.33321705119423,34.7524029339863],[135.33279926251168,34.7524720040688],[135.33266380679007,34.75241226859957],[135.33233902782504,34.75252409644324],[135.33197677586494,34.752578199885214],[135.33151120498277,34.75281766650884],[135.33077706205958,34.75308947600029],[135.33076148541193,34.75457376181869],[135.33250662076782,34.75703139720459],[135.3326005291349,34.757225846448954],[135.33261861113093,34.757564728567885],[135.33265568530788,34.757688233880494],[135.33275428506653,34.75784700865122],[135.3334350653988,34.75851004106625],[135.33441353772506,34.758759191039054],[135.33583837774185,34.76012667944715],[135.33590751640403,34.7600927275415],[135.33594434239822,34.7599766434959],[135.3359590685693,34.759726791255616],[135.3359195106989,34.75949020463118],[135.33580829726753,34.75928406823258],[135.33513955891786,34.75841235178715],[135.33508832261396,34.75830347258095],[135.33506496841034,34.758129430566306],[135.33512393950528,34.75784033954202],[135.3352082188698,34.75765442390704],[135.33578130392303,34.75694741239232],[135.33600551982775,34.75659822183013],[135.33560640154462,34.756561792195384],[135.33533583552733,34.75624654045732],[135.33440701796326,34.7555078135104],[135.3338632959374,34.75248466774139]]]},"properties":{"code":"282040500","name":"神原","jinko":1888,"addr_key":"28204|神原","addr_key_town":"28204|神原","n":[5,null],"w":[false,false],"neighbors":["282040120","282040140","282040150","282040490","282040510","282040690"]}},{"type":"Feature","geometry":{"type":"Polygon","coordinates":[[[135.33763125059974,34.754799787014896],[135.33786842483067,34.75100974904747],[135.33654285873627,34.75091815076935],[135.3361592957747,34.75085356379143],[135.33605072447588,34.75080135884227],[135.33589207027458,34.75065068640041],[135.3352414663723,34.75043336158757],[135.33477328119636,34.75017269662108],[135.33415975023527,34.750657347364914],[135.3340639548865,34.75092786747864],[135.33452613861712,34.752047643494215],[135.33387451701805,34.75201497374821],[135.33370214716348,34.7519366690746],[135.33368711108488,34.75228131717164],[135.33377455262018,34.75232919237128],[135.3338632959374,34.75248466774139],[135.33440701796326,34.7555078135104],[135.33533583552733,34.75624654045732],[135.33560640154462,34.756561792195384],[135.33600551982775,34.75659822183013],[135.33646672845612,34.75599776820512],[135.33689253704767,34.75568071841909],[135.33717102497508,34.755543482855856],[135.3371368899092,34.75542347735724],[135.3371849657261,34.75527870693746],[135.33763125059974,34.754799787014896]]]},"properties":{"code":"282040510","name":"奥畑","jinko":739,"addr_key":"28204|奥畑","addr_key_town":"28204|奥畑","n":[5,null],"w":[false,false],"neighbors":["282040490","282040500","282040520","282040620","282040640","282040670","282040690"]}},{"type":"Feature","geometry":{"type":"Polygon","coordinates":[[[135.3420386046168,34.751510891330646],[135.34216623054627,34.750149907472924],[135.33995968113976,34.75007269392129],[135.33984077643436,34.75010424237526],[135.33968607169572,34.750215950616706],[135.3391189313625,34.75092095871277],[135.33901696475706,34.750998143786326],[135.3388375102397,34.75105357400201],[135.33786842483067,34.75100974904747],[135.33764759552366,34.754733169749734],[135.33758743729982,34.75486677087596],[135.3371849657261,34.75527870693746],[135.3371368899092,34.75542347735724],[135.33717102497508,34.755543482855856],[135.33749031663618,34.75541492535757],[135.3377607685746,34.75536170272822],[135.33933986541538,34.7552651252529],[135.3403260466315,34.755159915059366],[135.3409431550538,34.755039445812116],[135.34125712510476,34.75489514587172],[135.341546659474,34.754579772343895],[135.34175133876252,34.7542686220009],[135.34196789118397,34.75380454852222],[135.34205923166093,34.75325362144236],[135.34275497713142,34.75219357199123],[135.3419010797466,34.7520175494341],[135.3420386046168,34.751510891330646]]]},"properties":{"code":"282040520","name":"大社町","jinko":2271,"addr_key":"28204|大社町","addr_key_town":"28204|大社町","n":[15,6],"w":[false,false],"neighbors":["282040460","282040470","282040490","282040510","282040570","282040600","282040620","282040640"]}},{"type":"Feature","geometry":{"type":"Polygon","coordinates":[[[135.35285526413696,34.74982768494383],[135.35018655616918,34.74971085493351],[135.34980064600867,34.74980253423915],[135.3491577666965,34.7498760752413],[135.34958413213155,34.75256700779511],[135.34961121404308,34.75262537590128],[135.35056720860769,34.75325572752007],[135.35231181658185,34.75432977643324],[135.35251362319033,34.75414934491489],[135.35257062840566,34.75404576369042],[135.35276297383686,34.750731741041996],[135.35285526413696,34.74982768494383]]]},"properties":{"code":"282040530","name":"能登町","jinko":1834,"addr_key":"28204|能登町","addr_key_town":"28204|能登町","n":[22,4],"w":[false,false],"neighbors":["282040450","282040540","282040550","282043150","282043160","282044330"]}},{"type":"Feature","geometry":{"type":"Polygon","coordinates":[[[135.34917709515187,34.75317747717078],[135.34933702543643,34.7526507649959],[135.34945495900817,34.75257512912784],[135.34958413213155,34.75256700779511],[135.3491817770838,34.749948413420476],[135.348820463461,34.74938802252328],[135.3480601512551,34.74896476835973],[135.3479572937531,34.7492050740169],[135.34749337498044,34.74989432541817],[135.34713691627866,34.75036407920033],[135.34698387446142,34.75047845821283],[135.34653268694518,34.75065462041062],[135.34374389886688,34.7512879923879],[135.34358870835575,34.75134562241416],[135.3438658090218,34.751635728532],[135.34398822161796,34.75184274993453],[135.3443266213938,34.75208642720646],[135.3444344624879,34.752301738086175],[135.3449090739699,34.75249146271201],[135.34511093877688,34.752670918116806],[135.34550750328495,34.7528697401882],[135.3460755145073,34.752979100888574],[135.34668279641906,34.75299221223201],[135.34674783225654,34.75290265202348],[135.34728269012186,34.753001437628185],[135.3475507414617,34.75300413407864],[135.34791620155272,34.753059681704904],[135.3487354599461,34.75299833730904],[135.34917709515187,34.75317747717078]]]},"properties":{"code":"282040540","name":"広田町","jinko":2248,"addr_key":"28204|広田町","addr_key_town":"28204|広田町","n":[22,4],"w":[false,false],"neighbors":["282040450","282040460","282040530","282040550","282040570","282040580"]}},{"type":"Feature","geometry":{"type":"Polygon","coordinates":[[[135.34980064600867,34.74980253423915],[135.35018655616918,34.74971085493351],[135.351607720168,34.7497581277654],[135.35173864809278,34.74754030675915],[135.34834861224928,34.74739623133369],[135.3480601512551,34.74896476835973],[135.348820463461,34.74938802252328],[135.3491577666965,34.7498760752413],[135.34980064600867,34.74980253423915]]]},"properties":{"code":"282040550","name":"大畑町","jinko":1428,"addr_key":"28204|大畑町","addr_key_town":"28204|大畑町","n":[16,9],"w":[false,false],"neighbors":["282040530","282040540","282040560","282040580","282040590","282043160","282043170"]}},{"type":"Feature","geometry":{"type":"Polygon","coordinates":[[[135.35187447379852,34.74513792784506],[135.34866466815325,34.744571481424124],[135.34864576345413,34.74547267464112],[135.34857723724247,34.746119051939985],[135.34834861224928,34.74739623133369],[135.35173864809278,34.74754030675915],[135.35187447379852,34.74513792784506]]]},"properties":{"code":"282040560","name":"平木町","jinko":804,"addr_key":"28204|平木町","addr_key_town":"28204|平木町","n":[18,7],"w":[false,false],"neighbors":["282040550","282040590","282040770","282040800","282043160","282043170","282043180"]}},{"type":"Feature","geometry":{"type":"Polygon","coordinates":[[[135.34713691627866,34.75036407920033],[135.34749337498044,34.74989432541817],[135.34423666996454,34.749764246979886],[135.3441977396302,34.74964357883398],[135.3433068774563,34.75019185127863],[135.34216623054627,34.750149907472924],[135.3420386046168,34.751510891330646],[135.3419010797466,34.7520175494341],[135.34275497713142,34.752193571991214],[135.34310981706938,34.751665107860084],[135.34343712891044,34.751405617286295],[135.34374389886688,34.7512879923879],[135.34653268694518,34.75065462041062],[135.34682620072397,34.75055597360118],[135.34713691627866,34.75036407920033]]]},"properties":{"code":"282040570","name":"中屋町","jinko":1196,"addr_key":"28204|中屋町","addr_key_town":"28204|中屋町","n":[8,4],"w":[false,false],"neighbors":["282040460","282040520","282040540","282040580","282040600"]}},{"type":"Feature","geometry":{"type":"Polygon","coordinates":[[[135.34703312213017,34.74734254768411],[135.3444856311322,34.74720430777394],[135.34437594007682,34.747221277266185],[135.34424609047676,34.749613175509865],[135.3441977396302,34.74964357883398],[135.34423666996454,34.749764246979886],[135.34749337498044,34.74989432541817],[135.3479572937531,34.7492050740169],[135.3480601512551,34.74896476835973],[135.3482812103085,34.747772586062865],[135.3470083254894,34.74772854727708],[135.34703312213017,34.74734254768411]]]},"properties":{"code":"282040580","name":"河原町","jinko":209,"addr_key":"28204|河原町","addr_key_town":"28204|河原町","n":[12,4],"w":[false,false],"neighbors":["282040540","282040550","282040570","282040590","282040600","282040610"]}},{"type":"Feature","geometry":{"type":"Polygon","coordinates":[[[135.3482812103085,34.747772586062865],[135.34857723724247,34.74611905193998],[135.34864576345413,34.74547267464112],[135.34866466815325,34.744571481424124],[135.34605630147635,34.744275738752286],[135.34456655461653,34.74405487941479],[135.34447451868516,34.74594447996917],[135.34437594007682,34.747221277266185],[135.3444856311322,34.74720430777394],[135.34703312213017,34.74734254768411],[135.3470083254894,34.74772854727708],[135.3482812103085,34.747772586062865]]]},"properties":{"code":"282040590","name":"青木町","jinko":2215,"addr_key":"28204|青木町","addr_key_town":"28204|青木町","n":[50,4],"w":[false,false],"neighbors":["282040550","282040560","282040580","282040600","282040610","282040770","282040800","282040810","282040830"]}},{"type":"Feature","geometry":{"type":"Polygon","coordinates":[[[135.34437594007682,34.747221277266185],[135.34118812808384,34.74711321917247],[135.34100828034798,34.75009527878492],[135.3433068774563,34.75019185127863],[135.34424609047676,34.749613175509865],[135.34437594007682,34.747221277266185]]]},"properties":{"code":"282040600","name":"柳本町","jinko":1548,"addr_key":"28204|柳本町","addr_key_town":"28204|柳本町","n":[10,3],"w":[false,false],"neighbors":["282040520","282040570","282040580","282040590","282040610","282040620","282040630"]}},{"type":"Feature","geometry":{"type":"Polygon","coordinates":[[[135.34354624104637,34.74386165559547],[135.34137273012414,34.74357572738707],[135.34118812808384,34.74711321917247],[135.34437594007682,34.747221277266185],[135.34447451868516,34.74594447996914],[135.34456655461653,34.74405487941479],[135.3436709204449,34.74392682118821],[135.34354624104637,34.74386165559547]]]},"properties":{"code":"282040610","name":"室川町","jinko":1273,"addr_key":"28204|室川町","addr_key_town":"28204|室川町","n":[27,8],"w":[false,false],"neighbors":["282040580","282040590","282040600","282040620","282040630","282040810","282040830","282040850"]}},{"type":"Feature","geometry":{"type":"Polygon","coordinates":[[[135.33995968113976,34.75007269392129],[135.34100828034798,34.75009527878492],[135.34118813493788,34.74711378252385],[135.340510710474,34.747089392856964],[135.3401808066157,34.74686126703395],[135.34009781976508,34.746983368452376],[135.34009272419453,34.74732216046382],[135.33980449656525,34.747701183777416],[135.33806715703574,34.74771075922249],[135.33786842483067,34.75100974904747],[135.3388375102397,34.75105357400201],[135.33901696475706,34.750998143786326],[135.3391189313625,34.75092095871277],[135.33968607169572,34.750215950616706],[135.33984077643436,34.75010424237526],[135.33995968113976,34.75007269392129]]]},"properties":{"code":"282040620","name":"神垣町","jinko":2198,"addr_key":"28204|神垣町","addr_key_town":"28204|神垣町","n":[4,3],"w":[false,false],"neighbors":["282040510","282040520","282040600","282040610","282040630","282040640","282040650"]}},{"type":"Feature","geometry":{"type":"Polygon","coordinates":[[[135.33857550503507,34.747723742311834],[135.33893890233614,34.74768876493402],[135.33980449656525,34.747701183777416],[135.34009272419453,34.74732216046382],[135.34009781976508,34.746983368452376],[135.3401808066157,34.74686126703395],[135.340510710474,34.747089392856964],[135.34118813493788,34.74711378252385],[135.34137273012414,34.74357572738707],[135.3391107353364,34.743238940642904],[135.3390570398768,34.744192396661965],[135.33897663656143,34.744187672176594],[135.33890053119487,34.74508993710128],[135.33880894153398,34.745613819804866],[135.33878504869006,34.746098689123095],[135.33885963264714,34.74616300544666],[135.33873610756655,34.74667799610453],[135.33865989348365,34.7468732837482],[135.33854725482,34.74691449839751],[135.33830337767333,34.74722906461413],[135.3381403951585,34.747340558088034],[135.33808459387993,34.74745299599171],[135.33806715703574,34.74771075922249],[135.33857550503507,34.747723742311834]]]},"properties":{"code":"282040630","name":"越水町","jinko":1646,"addr_key":"28204|越水町","addr_key_town":"28204|越水町","n":[18,3],"w":[false,false],"neighbors":["282040600","282040610","282040620","282040640","282040650","282040660","282040850","282040870"]}},{"type":"Feature","geometry":{"type":"Polygon","coordinates":[[[135.33786842483067,34.75100974904747],[135.3380671502032,34.74771019587023],[135.33766330932318,34.74770310755839],[135.337452923884,34.74776146772809],[135.33606851493818,34.74771739261407],[135.3360403658295,34.74826075103879],[135.33491428770392,34.74819340573183],[135.3349210953866,34.74975864133007],[135.33489788739428,34.749885740917186],[135.33477328119636,34.75017269662108],[135.3352414663723,34.75043336158757],[135.33589207027458,34.75065068640041],[135.33605072447588,34.75080135884227],[135.3361592957747,34.75085356379143],[135.33654285873627,34.75091815076935],[135.33786842483067,34.75100974904747]]]},"properties":{"code":"282040640","name":"城山","jinko":979,"addr_key":"28204|城山","addr_key_town":"28204|城山","n":[null,null],"w":[false,false],"neighbors":["282040510","282040520","282040620","282040630","282040650","282040670"]}},{"type":"Feature","geometry":{"type":"Polygon","coordinates":[[[135.337452923884,34.74776146772809],[135.33766330932318,34.74770310755839],[135.3380671502032,34.74771019587023],[135.33808459387993,34.74745299599171],[135.3381403951585,34.747340558088034],[135.33830337767333,34.74722906461413],[135.33854725482,34.74691449839751],[135.33865989348365,34.7468732837482],[135.33873610756655,34.74667799610453],[135.33885963264714,34.74616300544666],[135.33878504869006,34.746098689123095],[135.33880894153398,34.745613819804866],[135.33890053119487,34.74508993710128],[135.33897663656143,34.744187672176594],[135.3361679161485,34.74400947956454],[135.33622171133905,34.74564827702971],[135.33518000892795,34.745682918832976],[135.33566848208667,34.746494569999015],[135.33574312716271,34.74655705725328],[135.33610397354727,34.74705171409843],[135.33606851493818,34.74771739261407],[135.337452923884,34.74776146772809]]]},"properties":{"code":"282040650","name":"桜谷町","jinko":1108,"addr_key":"28204|桜谷町","addr_key_town":"28204|桜谷町","n":[9,5],"w":[false,false],"neighbors":["282040620","282040630","282040640","282040660","282040670","282040680"]}},{"type":"Feature","geometry":{"type":"Polygon","coordinates":[[[135.3391107353364,34.743238940642904],[135.33468852228077,34.74257455056947],[135.33460100782787,34.74388252182997],[135.3390570398768,34.744192396661965],[135.3391107353364,34.743238940642904]]]},"properties":{"code":"282040660","name":"西田町","jinko":412,"addr_key":"28204|西田町","addr_key_town":"28204|西田町","n":[5,3],"w":[false,false],"neighbors":["282040630","282040650","282040680","282040720","282040850","282040870","282040910"]}},{"type":"Feature","geometry":{"type":"Polygon","coordinates":[[[135.33492623123703,34.74932237948697],[135.33491428770392,34.74819340573183],[135.3360403658295,34.748260751038764],[135.33610397354727,34.74705171409843],[135.33574312716271,34.74655705725328],[135.33566848208667,34.746494569999015],[135.33518000892795,34.745682918832976],[135.33408834625206,34.74586951840098],[135.33319631252297,34.74583487783296],[135.33307162219617,34.746334097394694],[135.33308872031026,34.746442835820474],[135.33329785728836,34.74682550399531],[135.33334018816208,34.74701023558996],[135.33337760921324,34.74853409154713],[135.3334377827236,34.74860627676223],[135.33372642650787,34.748711515015685],[135.33382715498047,34.748807029765565],[135.3339221512208,34.74969953402576],[135.3336607835339,34.74993873822607],[135.33361457822215,34.750161241661836],[135.33305467765894,34.75098236447836],[135.33298709927337,34.75117335207241],[135.3331138223035,34.75160557245055],[135.333081705499,34.75165936024109],[135.3334611159617,34.751804277643124],[135.33387451701805,34.75201497374821],[135.33452613861712,34.752047643494215],[135.3340639548865,34.75092786747864],[135.33415975023527,34.750657347364914],[135.33421177352983,34.750591563944845],[135.33477328119636,34.75017269662108],[135.33489788739428,34.74988574091716],[135.33492623123703,34.74932237948697]]]},"properties":{"code":"282040670","name":"満池谷町","jinko":938,"addr_key":"28204|満池谷町","addr_key_town":"28204|満池谷町","n":[4,0],"w":[false,false],"neighbors":["282040510","282040640","282040650","282040680","282040690","282040700","282040710"]}},{"type":"Feature","geometry":{"type":"Polygon","coordinates":[[[135.33411090398667,34.745865107296076],[135.33518000892795,34.745682918832976],[135.33622171133905,34.74564827702971],[135.3361679161485,34.74400947956454],[135.33556670057,34.743942036897636],[135.33357504562755,34.74384095734448],[135.3336062709708,34.743989159062046],[135.33345005692604,34.744682450817244],[135.3333752596459,34.74526450429333],[135.33319631252297,34.74583487783296],[135.33411090398667,34.745865107296076]]]},"properties":{"code":"282040680","name":"清水町","jinko":547,"addr_key":"28204|清水町","addr_key_town":"28204|清水町","n":[0,null],"w":[false,false],"neighbors":["282040650","282040660","282040670","282040710","282040720"]}},{"type":"Feature","geometry":{"type":"Polygon","coordinates":[[[135.33002476651097,34.754838403436885],[135.33034700102792,34.7540820643067],[135.33075938307098,34.75466857245639],[135.33077706205958,34.75308947600029],[135.33151120498277,34.75281766650884],[135.33197677586494,34.752578199885214],[135.33233902782504,34.75252409644324],[135.33266380679007,34.75241226859957],[135.33279926251168,34.7524720040688],[135.33321705119423,34.7524029339863],[135.33368711108488,34.75228131717164],[135.33370214716348,34.7519366690746],[135.3334611159617,34.751804277643124],[135.33271770077107,34.75152544242032],[135.33247599982826,34.75146446661572],[135.33183311394754,34.75115789747597],[135.33178437767393,34.75111435151855],[135.33163628900732,34.750820340232416],[135.3315618637045,34.75074770767643],[135.33093432781067,34.75034776342561],[135.33027245193892,34.75012810657748],[135.32983405012263,34.749937180908255],[135.3293896270279,34.74995490534979],[135.3294603558724,34.7528494066399],[135.32923431152696,34.753757358395426],[135.3284724037049,34.75536296652774],[135.3287043540295,34.7554143106686],[135.32901538696865,34.7554212028547],[135.329532693055,34.75518907004713],[135.33002476651097,34.754838403436885]]]},"properties":{"code":"282040690","name":"北名次町","jinko":1172,"addr_key":"28204|北名次町","addr_key_town":"28204|北名次町","n":[8,6],"w":[false,false],"neighbors":["282040150","282040160","282040240","282040250","282040500","282040510","282040670","282040700"]}},{"type":"Feature","geometry":{"type":"Polygon","coordinates":[[[135.3336607835339,34.74993873822607],[135.3339221512208,34.74969953402576],[135.33382715498047,34.748807029765565],[135.33372642650787,34.748711515015685],[135.33339919882707,34.74857659235695],[135.33337011489877,34.74833034033403],[135.33282778682374,34.74832282363002],[135.3322270371232,34.74839522544878],[135.33144639257057,34.748536145945415],[135.3310039902442,34.748678513982625],[135.32987373275878,34.74863946426971],[135.32976825343187,34.74885808601579],[135.32936189076503,34.748861413328804],[135.3293896270279,34.74995490534979],[135.32983405012263,34.749937180908255],[135.33027245193892,34.750128106577506],[135.33093432781067,34.75034776342561],[135.3315618637045,34.75074770767643],[135.33163628900732,34.750820340232416],[135.33178437767393,34.75111435151855],[135.33183311394754,34.75115789747597],[135.33247599982826,34.75146446661572],[135.333081705499,34.75165936024109],[135.3331138223035,34.751605572450536],[135.33299939850488,34.75123804307466],[135.332995778027,34.75110060097349],[135.33361457822215,34.750161241661836],[135.3336607835339,34.74993873822607]]]},"properties":{"code":"282040700","name":"名次町","jinko":886,"addr_key":"28204|名次町","addr_key_town":"28204|名次町","n":[null,null],"w":[false,false],"neighbors":["282040250","282040670","282040690","282040710","282040730"]}},{"type":"Feature","geometry":{"type":"Polygon","coordinates":[[[135.33278714471123,34.748327664763956],[135.33337011489877,34.74833034033403],[135.33334018816208,34.74701023558996],[135.33329785728836,34.74682550399531],[135.33308872031026,34.746442835820474],[135.3330716153985,34.74633353404089],[135.3333752596459,34.74526450429333],[135.33345005692604,34.744682450817244],[135.3336062709708,34.743989159062046],[135.33357504562755,34.74384095734448],[135.33128560796652,34.743688197648574],[135.3310039902442,34.748678513982625],[135.33144639257057,34.748536145945415],[135.33278714471123,34.748327664763956]]]},"properties":{"code":"282040710","name":"南郷町","jinko":799,"addr_key":"28204|南郷町","addr_key_town":"28204|南郷町","n":[null,null],"w":[false,false],"neighbors":["282040670","282040680","282040700","282040720","282040730","282040740"]}},{"type":"Feature","geometry":{"type":"Polygon","coordinates":[[[135.33355999445726,34.74243157171036],[135.33136372629096,34.74231833140612],[135.33128560796652,34.743688197648574],[135.33216696640955,34.74373110938401],[135.33309649430424,34.743820381958336],[135.33460100782787,34.74388252182997],[135.33468852228077,34.74257455056947],[135.33355999445726,34.74243157171036]]]},"properties":{"code":"282040720","name":"若松町","jinko":744,"addr_key":"28204|若松町","addr_key_town":"28204|若松町","n":[5,4],"w":[false,false],"neighbors":["282040660","282040680","282040710","282040740","282040870","282040910"]}},{"type":"Feature","geometry":{"type":"Polygon","coordinates":[[[135.32976825343187,34.74885808601579],[135.32987373275878,34.74863946426971],[135.3310039902442,34.748678513982625],[135.33118045034334,34.745675360670376],[135.3298257623367,34.74563012165957],[135.32977039892182,34.745574234054025],[135.32972994926345,34.74543160055514],[135.3296102203775,34.74532341941678],[135.3295188123425,34.74529980115779],[135.32942166797147,34.745373839757285],[135.32938650796365,34.74547948526381],[135.3292014041295,34.745490296105444],[135.32928552671532,34.74601512773711],[135.32936189076503,34.74886141332882],[135.32976825343187,34.74885808601579]]]},"properties":{"code":"282040730","name":"結善町","jinko":892,"addr_key":"28204|結善町","addr_key_town":"28204|結善町","n":[null,null],"w":[false,false],"neighbors":["282040250","282040370","282040380","282040700","282040710","282040740"]}},{"type":"Feature","geometry":{"type":"Polygon","coordinates":[[[135.33118045034334,34.745675360670376],[135.33136372629096,34.74231833140612],[135.32836636983353,34.742166250110955],[135.328449339915,34.74251770256669],[135.32884124114636,34.74351468959578],[135.32907761946726,34.744433929865686],[135.3292014041295,34.745490296105444],[135.32938650796365,34.74547948526381],[135.329466572285,34.74531896140004],[135.3295689138168,34.74530122121947],[135.32972994926345,34.74543160055514],[135.32977039892182,34.745574234054025],[135.3298257623367,34.74563012165957],[135.33118045034334,34.745675360670376]]]},"properties":{"code":"282040740","name":"大井手町","jinko":815,"addr_key":"28204|大井手町","addr_key_town":"28204|大井手町","n":[12,0],"w":[false,false],"neighbors":["282040380","282040430","282040710","282040720","282040730","282040910","282040940"]}},{"type":"Feature","geometry":{"type":"Polygon","coordinates":[[[135.35206933679936,34.7426931721128],[135.35211574971134,34.742408396506924],[135.35569535014912,34.742510904328206],[135.3557536998252,34.741755990913035],[135.35576181747444,34.74064274019606],[135.35264890246359,34.74074268383361],[135.35247459950037,34.740798092393234],[135.35179271513215,34.74087874051207],[135.35109878533225,34.74092356749983],[135.35120660513252,34.7422700829165],[135.35119712368427,34.74282513045898],[135.35202734841482,34.74277550085637],[135.35206933679936,34.7426931721128]]]},"properties":{"code":"282040750","name":"芦原町","jinko":912,"addr_key":"28204|芦原町","addr_key_town":"28204|芦原町","n":[33,7],"w":[false,false],"neighbors":["282040760","282040770","282040780","282040790","282043180","282043190","282043200"]}},{"type":"Feature","geometry":{"type":"Polygon","coordinates":[[[135.3553329862603,34.7389232582647],[135.35265722136398,34.73891375041311],[135.3519122333203,34.738863652995015],[135.35185196876097,34.738923598784105],[135.35116248624985,34.73889162459741],[135.35109347408712,34.740449071814886],[135.35109878533225,34.74092356749983],[135.35179271513215,34.74087874051207],[135.35247459950037,34.740798092393234],[135.35264890246359,34.74074268383361],[135.35576181747444,34.74064274019606],[135.35579173501014,34.73993454728062],[135.35574993574446,34.73974812467124],[135.3555436253621,34.73943518734902],[135.3553329862603,34.7389232582647]]]},"properties":{"code":"282040760","name":"神祇官町","jinko":1416,"addr_key":"28204|神祇官町","addr_key_town":"28204|神祇官町","n":[12,3],"w":[false,false],"neighbors":["282040750","282040780","282040790","282041470","282043200"]}},{"type":"Feature","geometry":{"type":"Polygon","coordinates":[[[135.35187447379852,34.74513792784506],[135.35202734841482,34.74277550085637],[135.35119712368427,34.74282513045898],[135.35021947826672,34.74300782742134],[135.34979572386914,34.74304446963503],[135.34949311495248,34.742990374521895],[135.34928271828443,34.74299030148488],[135.34916705485472,34.74295084171408],[135.34872990610947,34.743879341994614],[135.34865013371908,34.74456892667038],[135.35187447379852,34.74513792784506]]]},"properties":{"code":"282040770","name":"森下町","jinko":1087,"addr_key":"28204|森下町","addr_key_town":"28204|森下町","n":[19,9],"w":[false,false],"neighbors":["282040560","282040590","282040750","282040780","282040800","282043170","282043180"]}},{"type":"Feature","geometry":{"type":"Polygon","coordinates":[[[135.35120660513252,34.7422700829165],[135.35109878533225,34.74092356749983],[135.34869714739776,34.741023792123784],[135.34921334951997,34.74133992426797],[135.34936063990926,34.74150955087861],[135.34949271423403,34.74183692025392],[135.3495172434433,34.74197278028452],[135.3495019487199,34.74221447370315],[135.34916705485472,34.74295084171408],[135.34928271828443,34.74299030148488],[135.34949311495248,34.742990374521895],[135.34979572386914,34.74304446963503],[135.35021947826672,34.74300782742134],[135.35119712368427,34.74282513045898],[135.35120660513252,34.7422700829165]]]},"properties":{"code":"282040780","name":"神明町","jinko":460,"addr_key":"28204|神明町","addr_key_town":"28204|神明町","n":[15,3],"w":[false,false],"neighbors":["282040750","282040760","282040770","282040790","282040800"]}},{"type":"Feature","geometry":{"type":"Polygon","coordinates":[[[135.35109347408712,34.740449071814886],[135.35116248624985,34.73889162459741],[135.34874831657217,34.73884195051478],[135.34616176733982,34.7388794458544],[135.3461637566683,34.73904225663922],[135.3452840727676,34.739049583130075],[135.34528471927408,34.739102538848535],[135.34490597513505,34.739100057100785],[135.34501755438995,34.739252800172956],[135.34650920035511,34.74006845885103],[135.34703006360678,34.74051555407003],[135.34751199769752,34.740716055506866],[135.3484640635907,34.74091953337547],[135.34869714739776,34.741023792123784],[135.35109878533225,34.74092356749983],[135.35109347408712,34.740449071814886]]]},"properties":{"code":"282040790","name":"西福町","jinko":628,"addr_key":"28204|西福町","addr_key_town":"28204|西福町","n":[74,10],"w":[false,false],"neighbors":["282040750","282040760","282040780","282040800","282040820","282041240","282041430","282041470"]}},{"type":"Feature","geometry":{"type":"Polygon","coordinates":[[[135.3484640635907,34.74091953337547],[135.34773612135297,34.74077165450882],[135.3476462961497,34.74303170642594],[135.34720297108802,34.74439112378653],[135.34865013371908,34.74456892667038],[135.34872990610944,34.74387934199458],[135.3495019487199,34.74221447370315],[135.3495172434433,34.74197278028452],[135.34944523052766,34.741693926481055],[135.34936063990926,34.74150955087861],[135.34921334951997,34.74133992426797],[135.34869714739776,34.741023792123784],[135.3484640635907,34.74091953337547]]]},"properties":{"code":"282040800","name":"中殿町","jinko":943,"addr_key":"28204|中殿町","addr_key_town":"28204|中殿町","n":[13,6],"w":[false,false],"neighbors":["282040560","282040590","282040770","282040780","282040790","282040810","282040820"]}},{"type":"Feature","geometry":{"type":"Polygon","coordinates":[[[135.3476462961497,34.74303170642594],[135.34772456754837,34.74102655634568],[135.34743160852852,34.74094448732695],[135.34742667838043,34.74118313610452],[135.3469870473948,34.741358361637616],[135.34630179630324,34.74133914119917],[135.34628324994293,34.741538885938155],[135.3446060428138,34.74147354585054],[135.34456655461653,34.74405487941479],[135.34605630147635,34.744275738752286],[135.34720297108802,34.74439112378653],[135.3476462961497,34.74303170642594]]]},"properties":{"code":"282040810","name":"中須佐町","jinko":1230,"addr_key":"28204|中須佐町","addr_key_town":"28204|中須佐町","n":[15,7],"w":[false,false],"neighbors":["282040590","282040610","282040800","282040820","282040830","282040840"]}},{"type":"Feature","geometry":{"type":"Polygon","coordinates":[[[135.34628324994293,34.741538885938155],[135.34630179630324,34.74133914119917],[135.3469870473948,34.741358361637616],[135.34742667838043,34.74118313610452],[135.34743160852852,34.74094448732695],[135.34772456754837,34.74102655634568],[135.34773612135297,34.74077165450882],[135.34733848235797,34.74066186519695],[135.34703006360678,34.74051555407003],[135.34650920035511,34.74006845885103],[135.34501755438995,34.739252800172956],[135.34490597513505,34.739100057100785],[135.34465669262727,34.73910086363168],[135.3446060428138,34.74147354585054],[135.34628324994293,34.741538885938155]]]},"properties":{"code":"282040820","name":"津田町","jinko":568,"addr_key":"28204|津田町","addr_key_town":"28204|津田町","n":[9,null],"w":[false,false],"neighbors":["282040790","282040800","282040810","282040830","282040840","282041240","282041430"]}},{"type":"Feature","geometry":{"type":"Polygon","coordinates":[[[135.3446060428138,34.74147354585054],[135.3418393896563,34.74136412211659],[135.34173633344744,34.74362933628499],[135.34354624104637,34.74386165559547],[135.3436709204449,34.74392682118821],[135.34456655461653,34.74405487941479],[135.3446060428138,34.74147354585054]]]},"properties":{"code":"282040830","name":"中前田町","jinko":1352,"addr_key":"28204|中前田町","addr_key_town":"28204|中前田町","n":[25,4],"w":[false,false],"neighbors":["282040590","282040610","282040810","282040820","282040840","282040850","282040860"]}},{"type":"Feature","geometry":{"type":"Polygon","coordinates":[[[135.34465837495236,34.73923874615347],[135.34194312275892,34.73921087950364],[135.3418393896563,34.74136412211659],[135.3446060428138,34.74147354585054],[135.34465837495236,34.73923874615347]]]},"properties":{"code":"282040840","name":"櫨塚町","jinko":1704,"addr_key":"28204|櫨塚町","addr_key_town":"28204|櫨塚町","n":[17,4],"w":[false,false],"neighbors":["282040810","282040820","282040830","282040850","282040860","282041240"]}},{"type":"Feature","geometry":{"type":"Polygon","coordinates":[[[135.3418393896563,34.74136412211659],[135.33925401964152,34.741266799776774],[135.3391107353364,34.743238940642904],[135.34173633344744,34.74362933628499],[135.3418393896563,34.74136412211659]]]},"properties":{"code":"282040850","name":"城ケ堀町","jinko":1036,"addr_key":"28204|城ケ堀町","addr_key_town":"28204|城ケ堀町","n":[14,4],"w":[false,false],"neighbors":["282040610","282040630","282040660","282040830","282040840","282040860","282040870","282040880","282040890"]}},{"type":"Feature","geometry":{"type":"Polygon","coordinates":[[[135.34194312275892,34.73921087950364],[135.33938962769258,34.739175698522],[135.33925401964152,34.741266799776774],[135.3418393896563,34.74136412211659],[135.34194312275892,34.73921087950364]]]},"properties":{"code":"282040860","name":"江上町","jinko":858,"addr_key":"28204|江上町","addr_key_town":"28204|江上町","n":[9,null],"w":[false,false],"neighbors":["282040830","282040840","282040850","282040880","282040890","282040900","282041230","282041240"]}},{"type":"Feature","geometry":{"type":"Polygon","coordinates":[[[135.3391107353364,34.743238940642904],[135.33915695416266,34.74233724036364],[135.33468976778443,34.74235988124146],[135.33468852228077,34.74257455056947],[135.3391107353364,34.743238940642904]]]},"properties":{"code":"282040870","name":"末広町","jinko":754,"addr_key":"28204|末広町","addr_key_town":"28204|末広町","n":[7,null],"w":[false,false],"neighbors":["282040630","282040660","282040720","282040850","282040880","282040910"]}},{"type":"Feature","geometry":{"type":"Polygon","coordinates":[[[135.33925401964152,34.741266799776774],[135.33469627848004,34.741289067504795],[135.33468976778443,34.74235988124146],[135.33915695416266,34.74233724036364],[135.33925401964152,34.741266799776774]]]},"properties":{"code":"282040880","name":"分銅町","jinko":811,"addr_key":"28204|分銅町","addr_key_town":"28204|分銅町","n":[8,3],"w":[false,false],"neighbors":["282040850","282040860","282040870","282040890","282040910","282040920"]}},{"type":"Feature","geometry":{"type":"Polygon","coordinates":[[[135.33933171588365,34.74021736416137],[135.33468802610375,34.74023922110732],[135.33469627848004,34.741289067504795],[135.33925401964152,34.741266799776774],[135.33933171588365,34.74021736416137]]]},"properties":{"code":"282040890","name":"常磐町","jinko":932,"addr_key":"28204|常磐町","addr_key_town":"28204|常磐町","n":[8,10],"w":[false,false],"neighbors":["282040850","282040860","282040880","282040900","282040910","282040920","282040930"]}},{"type":"Feature","geometry":{"type":"Polygon","coordinates":[[[135.33933171588365,34.74021736416137],[135.33938962769258,34.739175698522],[135.33469313092874,34.73919320875456],[135.33468802610375,34.74023922110732],[135.33933171588365,34.74021736416137]]]},"properties":{"code":"282040900","name":"平松町","jinko":915,"addr_key":"28204|平松町","addr_key_town":"28204|平松町","n":[5,3],"w":[false,false],"neighbors":["282040860","282040890","282040920","282040930","282041110","282041230","282041240"]}},{"type":"Feature","geometry":{"type":"Polygon","coordinates":[[[135.33468852228077,34.74257455056947],[135.33469627848004,34.741289067504795],[135.32828221490212,34.74131802081957],[135.32836636983353,34.742166250110955],[135.33355999445726,34.74243157171036],[135.33468852228077,34.74257455056947]]]},"properties":{"code":"282040910","name":"寿町","jinko":1089,"addr_key":"28204|寿町","addr_key_town":"28204|寿町","n":[19,5],"w":[false,false],"neighbors":["282040660","282040720","282040740","282040870","282040880","282040890","282040920","282040940"]}},{"type":"Feature","geometry":{"type":"Polygon","coordinates":[[[135.33468802610375,34.74023922110732],[135.3287751141078,34.740261399200236],[135.3283645430963,34.7402164450195],[135.32827339307966,34.74095272177892],[135.32828221490212,34.74131802081957],[135.33469627848004,34.741289067504795],[135.33468802610375,34.74023922110732]]]},"properties":{"code":"282040920","name":"千歳町","jinko":967,"addr_key":"28204|千歳町","addr_key_town":"28204|千歳町","n":[76,5],"w":[false,false],"neighbors":["282040880","282040890","282040900","282040910","282040930","282040940"]}},{"type":"Feature","geometry":{"type":"Polygon","coordinates":[[[135.33468802610375,34.74023922110732],[135.33469313092874,34.73919320875456],[135.32953802146238,34.73923313001735],[135.32855186598306,34.73911978573581],[135.3283645430963,34.7402164450195],[135.3287751141078,34.740261399200236],[135.33468802610375,34.74023922110732]]]},"properties":{"code":"282040930","name":"安井町","jinko":842,"addr_key":"28204|安井町","addr_key_town":"28204|安井町","n":[3,null],"w":[false,false],"neighbors":["282040890","282040900","282040920","282040940","282041100","282041110"]}},{"type":"Feature","geometry":{"type":"Polygon","coordinates":[[[135.32830126651342,34.74058106655547],[135.32857594090575,34.73894352268403],[135.32762877109974,34.73894323772974],[135.3267610230927,34.73885679954537],[135.3267079061638,34.73921570272111],[135.32659365607927,34.73942805494874],[135.3261334156757,34.74002212367727],[135.32567855711835,34.74085968053489],[135.32562182309405,34.7412517129243],[135.32561667971999,34.74190531000267],[135.32525860858385,34.74201288289055],[135.32524679321074,34.74213777442504],[135.32837676538801,34.74227166354377],[135.32827339307966,34.74095272177892],[135.32830126651342,34.74058106655547]]]},"properties":{"code":"282040940","name":"羽衣町","jinko":1009,"addr_key":"28204|羽衣町","addr_key_town":"28204|羽衣町","n":[40,3],"w":[false,false],"neighbors":["282040420","282040430","282040740","282040910","282040920","282040930","282040950","282040990","282041100"]}},{"type":"Feature","geometry":{"type":"Polygon","coordinates":[[[135.32659365607927,34.73942805494874],[135.32674483851977,34.73908666259986],[135.32601555910185,34.73897232599401],[135.32513264034532,34.738730217705644],[135.32493581265314,34.73895070609178],[135.3246490075169,34.7388458543661],[135.32395557883348,34.738782343332026],[135.32393676957454,34.73937858403058],[135.32366283104915,34.73936517932428],[135.3235022342606,34.740147794769605],[135.32350201056434,34.74032907365643],[135.32362661935514,34.74078287200771],[135.32386871780443,34.74124416495268],[135.3237442186856,34.742006203871036],[135.3252543521517,34.74204925750548],[135.32525860858385,34.74201288289055],[135.32561667971999,34.74190531000267],[135.32562182309405,34.7412517129243],[135.32567855711835,34.74085968053489],[135.3261334156757,34.74002212367727],[135.32659365607927,34.73942805494874]]]},"properties":{"code":"282040950","name":"霞町","jinko":1031,"addr_key":"28204|霞町","addr_key_town":"28204|霞町","n":[3,null],"w":[false,false],"neighbors":["282040420","282040940","282040960","282040980","282040990"]}},{"type":"Feature","geometry":{"type":"Polygon","coordinates":[[[135.3235022342606,34.740147794769605],[135.32366283104915,34.73936517932428],[135.32393676957454,34.73937858403058],[135.32395557883348,34.738782343332026],[135.3246490075169,34.7388458543661],[135.32493581265314,34.73895070609178],[135.32513264034532,34.738730217705644],[135.32508810779814,34.738716213188425],[135.32505621804864,34.738646469437526],[135.32107119947983,34.737474026698735],[135.32102256671112,34.737566679621494],[135.32119025471957,34.737635181973374],[135.32132369253785,34.73775748597895],[135.32134208892546,34.73783353788332],[135.3213088149619,34.73817706593555],[135.32143471711942,34.738604657694005],[135.3212215533523,34.74136343291134],[135.3211277273101,34.74185943124546],[135.3237442186856,34.742006203871036],[135.32386871780443,34.74124416495268],[135.32362661935514,34.74078287200771],[135.32350201056434,34.74032907365643],[135.3235022342606,34.740147794769605]]]},"properties":{"code":"282040960","name":"松園町","jinko":1379,"addr_key":"28204|松園町","addr_key_town":"28204|松園町","n":[null,4],"w":[false,false],"neighbors":["282040400","282040410","282040420","282040950","282040970","282040980","282040990"]}},{"type":"Feature","geometry":{"type":"Polygon","coordinates":[[[135.3212215533523,34.74136343291134],[135.32143471711942,34.738604657694005],[135.3213088149619,34.73817706593555],[135.32134208892546,34.73783353788332],[135.32132369253785,34.73775748597895],[135.32119025471957,34.737635181973374],[135.32102256671112,34.737566679621494],[135.32107119947983,34.737474026698735],[135.31954161332203,34.737014147960615],[135.31948189531806,34.737064352616976],[135.31936748577203,34.73707823768834],[135.31915110761403,34.73719098169561],[135.31956731815902,34.737324660936096],[135.31956504974562,34.73770765672377],[135.31951674277184,34.73790679090272],[135.31953888715077,34.73815465277058],[135.3191514603997,34.738232160560116],[135.31858003343842,34.738253970162404],[135.3184250401129,34.73875834945675],[135.31834973862104,34.73876825498008],[135.31800717428507,34.73927584192422],[135.31758045747878,34.73939324205648],[135.31745913108585,34.73975903021817],[135.3177841327097,34.73994866629756],[135.31754261056267,34.74028697471615],[135.31743595648376,34.74035093877646],[135.31726818010742,34.740390043297126],[135.3172194608273,34.74049776642437],[135.31676887090674,34.74045154542673],[135.31642624390216,34.740926731780085],[135.31635202144378,34.74091254214405],[135.31629877150635,34.74104100643038],[135.31652702067433,34.741071981968396],[135.31646994109016,34.74128048199735],[135.3194704268164,34.74172243623396],[135.3211277273101,34.74185943124546],[135.3212215533523,34.74136343291134]]]},"properties":{"code":"282040970","name":"大谷町","jinko":3039,"addr_key":"28204|大谷町","addr_key_town":"28204|大谷町","n":[11,8],"w":[false,false],"neighbors":["282040400","282040410","282040960","282040980"]}},{"type":"Feature","geometry":{"type":"Polygon","coordinates":[[[135.32468935055545,34.737396858537956],[135.32469809482987,34.73660871701363],[135.3204841241445,34.73548600322632],[135.32041912067206,34.735823309739786],[135.32073745378923,34.736091307049946],[135.32071250595592,34.73631039433715],[135.32055023683597,34.73651059459614],[135.320258573695,34.736705505918664],[135.3201796669343,34.736741921511666],[135.32007388685332,34.73673545453511],[135.3198697084451,34.73710600189267],[135.32505621804864,34.738646469437526],[135.32508810779814,34.738716213188425],[135.32513264034532,34.738730217705644],[135.3251614951789,34.738510816067595],[135.32504690529188,34.73797496076164],[135.32484014547285,34.73752915799271],[135.32468935055545,34.737396858537956]]]},"properties":{"code":"282040980","name":"郷免町","jinko":1051,"addr_key":"28204|郷免町","addr_key_town":"28204|郷免町","n":[6,4],"w":[false,false],"neighbors":["282040950","282040960","282040970","282040990","282041010","282041020"]}},{"type":"Feature","geometry":{"type":"Polygon","coordinates":[[[135.32674483851977,34.73908666259986],[135.3267610230927,34.73885679954537],[135.32762877109974,34.73894323772974],[135.32857594090575,34.73894352268403],[135.32875140648775,34.7376839929558],[135.32469809482987,34.73660871701363],[135.32468935055545,34.737396858537956],[135.32484014547285,34.73752915799271],[135.32504690529188,34.73797496076164],[135.3251614951789,34.738510816067595],[135.32513264034532,34.738730217705644],[135.32601555910185,34.73897232599401],[135.32674483851977,34.73908666259986]]]},"properties":{"code":"282040990","name":"御茶家所町","jinko":515,"addr_key":"28204|御茶家所町","addr_key_town":"28204|御茶家所町","n":[3,4],"w":[false,false],"neighbors":["282040940","282040950","282040960","282040980","282041000","282041010","282041100"]}},{"type":"Feature","geometry":{"type":"Polygon","coordinates":[[[135.3290790258919,34.73490172730728],[135.32916206257696,34.73417945824688],[135.32762655183095,34.7339718623879],[135.3275718895356,34.73420851913148],[135.32721841009385,34.73414098038079],[135.32664072597302,34.736051858733674],[135.32625164266977,34.737022550722536],[135.32875140648775,34.7376839929558],[135.3289072709003,34.73708015127196],[135.3289366530232,34.73644367933232],[135.3291170786195,34.73573991143702],[135.3290790258919,34.73490172730728]]]},"properties":{"code":"282041000","name":"松下町","jinko":1472,"addr_key":"28204|松下町","addr_key_town":"28204|松下町","n":[13,4],"w":[false,false],"neighbors":["282040990","282041010","282041030","282041100","282041120","282041130"]}},{"type":"Feature","geometry":{"type":"Polygon","coordinates":[[[135.32664072597302,34.736051858733674],[135.32721841009385,34.73414098038079],[135.3275718895356,34.73420851913148],[135.32762655183095,34.73397186238788],[135.3250587314399,34.733522650719806],[135.3239641095441,34.736412430444624],[135.32625164266977,34.737022550722536],[135.32664072597302,34.736051858733674]]]},"properties":{"code":"282041010","name":"屋敷町","jinko":986,"addr_key":"28204|屋敷町","addr_key_town":"28204|屋敷町","n":[8,null],"w":[false,false],"neighbors":["282040980","282040990","282041000","282041020","282041030"]}},{"type":"Feature","geometry":{"type":"Polygon","coordinates":[[[135.3239641095441,34.736412430444624],[135.3250587314399,34.733522650719806],[135.32154271264545,34.73288515731495],[135.32152886613943,34.733119085704715],[135.32113195746214,34.73314315260317],[135.32154683153522,34.733839121877],[135.3212564138207,34.73415205895495],[135.3209541064461,34.73404718148317],[135.32080881934405,34.73424724433323],[135.3207036442827,34.734197953612025],[135.32062585988254,34.734314083842435],[135.32071441423415,34.73435026923234],[135.32068448389666,34.73453038124069],[135.32069487967235,34.73496637783031],[135.32060345782568,34.73498345812489],[135.32047624149862,34.735282675415554],[135.3204841241445,34.73548600322632],[135.3239641095441,34.736412430444624]]]},"properties":{"code":"282041020","name":"弓場町","jinko":1820,"addr_key":"28204|弓場町","addr_key_town":"28204|弓場町","n":[17,9],"w":[false,false],"neighbors":["282040980","282041010","282041030"]}},{"type":"Feature","geometry":{"type":"Polygon","coordinates":[[[135.32909138410085,34.73313237457567],[135.32902323757816,34.73186229944658],[135.32899304804616,34.73005892641316],[135.3282812751035,34.73005995851251],[135.32789975424765,34.730007440665936],[135.32798433854205,34.73163261312547],[135.3281846138583,34.73262567850464],[135.32386577666344,34.73241652971703],[135.3238344057454,34.732761170528256],[135.3224638458727,34.732403988555085],[135.32225170869643,34.7328493990977],[135.32163546252508,34.73274369290076],[135.32154271264545,34.73288515731495],[135.32734074423743,34.73393475861575],[135.32916206257696,34.73417945824688],[135.32915796238757,34.73364678735469],[135.32909138410085,34.73313237457567]]]},"properties":{"code":"282041030","name":"川西町","jinko":915,"addr_key":"28204|川西町","addr_key_town":"28204|川西町","n":[20,5],"w":[false,false],"neighbors":["282041000","282041010","282041020","282041040","282041050","282041060","282041130","282041170","282041180"]}},{"type":"Feature","geometry":{"type":"Polygon","coordinates":[[[135.3238344057454,34.732761170528256],[135.32386577666344,34.73241652971703],[135.3281846138583,34.732625678504625],[135.3279799808574,34.73156081380492],[135.32338538203285,34.73134995639141],[135.3235140009751,34.730926491809235],[135.3232393139204,34.730833510397275],[135.32307433725651,34.73087771226976],[135.32288947556336,34.730873737169034],[135.3226462656136,34.73131272592158],[135.32270041066715,34.73151793059766],[135.32258504992768,34.73170169563798],[135.32284740494035,34.731804780405106],[135.32264121441892,34.732177752494906],[135.32280337346828,34.73223150706534],[135.32269446402475,34.73246380688036],[135.3238344057454,34.732761170528256]]]},"properties":{"code":"282041040","name":"中浜町","jinko":780,"addr_key":"28204|中浜町","addr_key_town":"28204|中浜町","n":[6,0],"w":[false,false],"neighbors":["282041030","282041050"]}},{"type":"Feature","geometry":{"type":"Polygon","coordinates":[[[135.3279799808574,34.73156081380492],[135.32789975424765,34.730007440665936],[135.32677297846922,34.729966781256415],[135.32609818620236,34.73005003851365],[135.32357805826658,34.72973280528935],[135.32356019762216,34.730758783109295],[135.32338538203285,34.73134995639141],[135.3279799808574,34.73156081380492]]]},"properties":{"code":"282041050","name":"堀切町","jinko":1084,"addr_key":"28204|堀切町","addr_key_town":"28204|堀切町","n":[null,3],"w":[false,false],"neighbors":["282041030","282041040","282041060"]}},{"type":"Feature","geometry":{"type":"Polygon","coordinates":[[[135.32899304804616,34.73005892641316],[135.32900157149854,34.72791310374936],[135.328709725828,34.72792535056319],[135.32794393774708,34.727880763336564],[135.32785874676858,34.72890729175172],[135.32377512955367,34.72870579157836],[135.32363343743728,34.72927711769067],[135.32357805826658,34.72973280528935],[135.32609818620236,34.73005003851365],[135.32677297846922,34.729966781256415],[135.32789975424765,34.730007440665936],[135.3282812751035,34.73005995851251],[135.32899304804616,34.73005892641316]]]},"properties":{"code":"282041060","name":"上葭原町","jinko":1452,"addr_key":"28204|上葭原町","addr_key_town":"28204|上葭原町","n":[null,4],"w":[false,false],"neighbors":["282041030","282041050","282041070","282041080","282041180"]}},{"type":"Feature","geometry":{"type":"Polygon","coordinates":[[[135.32794393774708,34.727880763336564],[135.32415506657748,34.72769122931739],[135.32399596997445,34.72819072533648],[135.32377512955367,34.72870579157836],[135.32785874676858,34.72890729175172],[135.32794393774708,34.727880763336564]]]},"properties":{"code":"282041070","name":"中葭原町","jinko":4,"addr_key":"28204|中葭原町","addr_key_town":"28204|中葭原町","n":[0,0],"w":[false,false],"neighbors":["282041060","282041080"]}},{"type":"Feature","geometry":{"type":"Polygon","coordinates":[[[135.3280563183005,34.72685260090604],[135.324362702924,34.726663700337774],[135.32415506657748,34.72769122931739],[135.328709725828,34.72792535056319],[135.32900157149854,34.72791310374936],[135.3289440631492,34.72720142035255],[135.3280563183005,34.72685260090604]]]},"properties":{"code":"282041080","name":"下葭原町","jinko":1314,"addr_key":"28204|下葭原町","addr_key_town":"28204|下葭原町","n":[4,0],"w":[false,false],"neighbors":["282041060","282041070","282041090","282041180","282041200"]}},{"type":"Feature","geometry":{"type":"Polygon","coordinates":[[[135.3289440631492,34.72720142035255],[135.32871253460564,34.724534707006995],[135.32854003343894,34.72458231688029],[135.32851014552526,34.7245510100039],[135.3283577222691,34.7246794473222],[135.32794432509857,34.72480452213316],[135.3271874005426,34.725141426773966],[135.3269020149393,34.72520066076932],[135.32669799704033,34.72512386943843],[135.32647974634236,34.72513367906067],[135.32632220015716,34.72519806646907],[135.32631290126525,34.7253333618235],[135.32619531804417,34.725358687317176],[135.32616765883532,34.72532834871708],[135.32618003933663,34.72535796733737],[135.3258419810989,34.72548509742992],[135.32580080920397,34.72542317625113],[135.32582559490314,34.72548438643562],[135.3256765750293,34.725534194568134],[135.32539191257578,34.72556172834147],[135.3253541882808,34.72550977786315],[135.32535699736812,34.72555933551383],[135.32505451031304,34.72555827956493],[135.32495829709202,34.725637377983944],[135.3248107940962,34.7256287189606],[135.3247490164151,34.725576965243654],[135.32451167386122,34.72563115451519],[135.32445481665133,34.72562711005997],[135.32442802825767,34.72557690297126],[135.3243288483058,34.7255861617187],[135.32437241783828,34.72626993340245],[135.324362702924,34.726663700337774],[135.32800382062692,34.72684218417373],[135.3289440631492,34.72720142035255]]]},"properties":{"code":"282041090","name":"大浜町","jinko":924,"addr_key":"28204|大浜町","addr_key_town":"28204|大浜町","n":[8,5],"w":[false,false],"neighbors":["282041080","282041180","282041200","282041210","282041220"]}},{"type":"Feature","geometry":{"type":"Polygon","coordinates":[[[135.33315902959498,34.73714529297109],[135.3289072709003,34.73708015127196],[135.32875140648775,34.7376839929558],[135.32855186598306,34.73911978573581],[135.32953802146238,34.73923313001735],[135.33313436083543,34.7392020830837],[135.33315902959498,34.73714529297109]]]},"properties":{"code":"282041100","name":"神楽町","jinko":1156,"addr_key":"28204|神楽町","addr_key_town":"28204|神楽町","n":[36,8],"w":[false,false],"neighbors":["282040930","282040940","282040990","282041000","282041110","282041120"]}},{"type":"Feature","geometry":{"type":"Polygon","coordinates":[[[135.33635266499041,34.73918403403037],[135.33631917010527,34.73859470090581],[135.33617658620864,34.73847277211],[135.33611040181842,34.735851908998555],[135.33521990856786,34.735943343135],[135.33524817272738,34.73627707201238],[135.33375115073628,34.73640038737413],[135.3331888286609,34.73605851226741],[135.33312367729835,34.738429735816524],[135.3331524463519,34.73853006810623],[135.33313436083543,34.7392020830837],[135.33635266499041,34.73918403403037]]]},"properties":{"code":"282041110","name":"産所町","jinko":1227,"addr_key":"28204|産所町","addr_key_town":"28204|産所町","n":[31,6],"w":[false,false],"neighbors":["282040900","282040930","282041100","282041120","282041130","282041140","282041230","282041270"]}},{"type":"Feature","geometry":{"type":"Polygon","coordinates":[[[135.33085978464848,34.73473023158536],[135.32963601478863,34.73436192786144],[135.32963630595478,34.73438615214097],[135.3291453992631,34.73431241982453],[135.3290790258919,34.73490172730728],[135.3291170786195,34.73573991143706],[135.3289366530232,34.73644367933232],[135.3289072709003,34.73708015127196],[135.33315902959498,34.73714529297109],[135.3331888286609,34.73605851226741],[135.33085978464848,34.73473023158536]]]},"properties":{"code":"282041120","name":"宮西町","jinko":1316,"addr_key":"28204|宮西町","addr_key_town":"28204|宮西町","n":[14,4],"w":[false,false],"neighbors":["282041000","282041100","282041110","282041130","282041140"]}},{"type":"Feature","geometry":{"type":"Polygon","coordinates":[[[135.3331888286609,34.73605851226741],[135.3332295598279,34.73392609201332],[135.33200086238156,34.733884911706134],[135.32915796238757,34.73364678735469],[135.3291453992631,34.73431241982453],[135.32963630595478,34.73438615214097],[135.32963601478863,34.73436192786144],[135.3302500455334,34.734522400189995],[135.33085978464848,34.73473023158536],[135.3331888286609,34.73605851226741]]]},"properties":{"code":"282041130","name":"市庭町","jinko":674,"addr_key":"28204|市庭町","addr_key_town":"28204|市庭町","n":[13,null],"w":[false,false],"neighbors":["282041000","282041030","282041110","282041120","282041140","282041150","282041160","282041170"]}},{"type":"Feature","geometry":{"type":"Polygon","coordinates":[[[135.33602579050086,34.73432322837582],[135.3358415969326,34.73380063569639],[135.3332295598279,34.73392609201332],[135.3331888286609,34.73605851226741],[135.33375115073628,34.73640038737413],[135.33524817272738,34.73627707201238],[135.33521990856786,34.735943343135],[135.33611040181842,34.735851908998555],[135.33609001818107,34.734780610360176],[135.33602579050086,34.73432322837582]]]},"properties":{"code":"282041140","name":"社家町","jinko":161,"addr_key":"28204|社家町","addr_key_town":"28204|社家町","n":[9,3],"w":[false,false],"neighbors":["282041110","282041120","282041130","282041150","282041160","282041270","282041280","282041300","282041400"]}},{"type":"Feature","geometry":{"type":"Polygon","coordinates":[[[135.3355989885485,34.7327718778644],[135.33576163361818,34.73083592427271],[135.33310742348363,34.73094369645011],[135.33316838119467,34.73247539102988],[135.33323610238787,34.733287553519325],[135.3332295598279,34.73392609201332],[135.3358415969326,34.73380063569639],[135.33570371819826,34.7334676709542],[135.33561963606778,34.73312482511773],[135.3355989885485,34.7327718778644]]]},"properties":{"code":"282041150","name":"宮前町","jinko":876,"addr_key":"28204|宮前町","addr_key_town":"28204|宮前町","n":[12,3],"w":[false,false],"neighbors":["282041130","282041140","282041160","282041190","282041300","282041400","282041410"]}},{"type":"Feature","geometry":{"type":"Polygon","coordinates":[[[135.33310742348363,34.73094369645011],[135.33169515063344,34.73098402437299],[135.33169167875187,34.73179367408682],[135.33155112033077,34.733850289960465],[135.33248015331984,34.73391506358569],[135.3332295598279,34.73392609201332],[135.33323610238787,34.733287553519325],[135.33316838119467,34.73247539102988],[135.33310742348363,34.73094369645011]]]},"properties":{"code":"282041160","name":"荒戎町","jinko":590,"addr_key":"28204|荒戎町","addr_key_town":"28204|荒戎町","n":[5,5],"w":[false,false],"neighbors":["282041130","282041140","282041150","282041170","282041180","282041190"]}},{"type":"Feature","geometry":{"type":"Polygon","coordinates":[[[135.33169294876416,34.73149533824402],[135.33169515063344,34.73098402437299],[135.32900955945064,34.73119223437484],[135.32909951635165,34.733283724726604],[135.32915796238757,34.73364678735469],[135.33155112033077,34.733850289960465],[135.33169294876416,34.73149533824402]]]},"properties":{"code":"282041170","name":"川東町","jinko":1144,"addr_key":"28204|川東町","addr_key_town":"28204|川東町","n":[15,4],"w":[false,false],"neighbors":["282041030","282041130","282041160","282041180","282041190"]}},{"type":"Feature","geometry":{"type":"Polygon","coordinates":[[[135.3317645015173,34.727746941967624],[135.3289440631492,34.72720142035255],[135.32900157149854,34.72791310374936],[135.32900955945064,34.73119223437484],[135.33170392651107,34.730983248114946],[135.3317645015173,34.727746941967624]]]},"properties":{"code":"282041180","name":"川添町","jinko":1350,"addr_key":"28204|川添町","addr_key_town":"28204|川添町","n":[17,null],"w":[false,false],"neighbors":["282041030","282041060","282041080","282041090","282041160","282041170","282041190","282041200"]}},{"type":"Feature","geometry":{"type":"Polygon","coordinates":[[[135.33170392651107,34.730983248114946],[135.33576163361818,34.73083592427271],[135.3358015505183,34.73063079432896],[135.3359712159218,34.72845758442054],[135.33563174706984,34.72847545880793],[135.33356490857028,34.72806541647322],[135.3317645015173,34.727746941967624],[135.33170392651107,34.730983248114946]]]},"properties":{"code":"282041190","name":"建石町","jinko":950,"addr_key":"28204|建石町","addr_key_town":"28204|建石町","n":[17,3],"w":[false,false],"neighbors":["282041150","282041160","282041170","282041180","282041200","282041410"]}},{"type":"Feature","geometry":{"type":"Polygon","coordinates":[[[135.3359712159218,34.72845758442054],[135.3359674601796,34.728351694122516],[135.3358234180972,34.72835471530331],[135.3359372884894,34.728198695497824],[135.33585031957952,34.727242883961864],[135.33573580357094,34.72725382979984],[135.33561272026157,34.726640870372556],[135.33166791944396,34.7267252831619],[135.3316275883432,34.72621657180901],[135.33118941784213,34.72623960179702],[135.32889446705505,34.726629961879354],[135.3289440631492,34.72720142035255],[135.33563174706984,34.72847545880793],[135.3359712159218,34.72845758442054]]]},"properties":{"code":"282041200","name":"前浜町","jinko":1609,"addr_key":"28204|前浜町","addr_key_town":"28204|前浜町","n":[27,4],"w":[false,false],"neighbors":["282041080","282041090","282041180","282041190","282041210","282041410"]}},{"type":"Feature","geometry":{"type":"Polygon","coordinates":[[[135.33561272026157,34.726640870372556],[135.3354168443929,34.72570779042547],[135.3351999519136,34.72546337146939],[135.33548383137114,34.725286228176145],[135.3354650697478,34.725265678381845],[135.3351811090001,34.72544282065761],[135.3349381321983,34.72512213454182],[135.33548027556319,34.7249004628264],[135.3354668547519,34.72487705021877],[135.33492471587732,34.7250988643606],[135.33488906589864,34.72503605681462],[135.33321807469738,34.724975425910884],[135.33202722527554,34.725019707592025],[135.33078768133223,34.725206920426835],[135.3299507146423,34.72518546267196],[135.3299400886507,34.72513892726866],[135.3287887434,34.725411882281875],[135.32889446705505,34.726629961879354],[135.33118941784213,34.72623960179702],[135.3316275883432,34.72621657180901],[135.33166791944396,34.7267252831619],[135.33561272026157,34.726640870372556]]]},"properties":{"code":"282041210","name":"泉町","jinko":2836,"addr_key":"28204|泉町","addr_key_town":"28204|泉町","n":[12,3],"w":[false,false],"neighbors":["282041090","282041200","282041220"]}},{"type":"Feature","geometry":{"type":"Polygon","coordinates":[[[135.3287887434,34.725411882281875],[135.3299400886507,34.72513892726866],[135.3299507146423,34.72518546267196],[135.33078768133223,34.725206920426835],[135.33202722527554,34.725019707592025],[135.33321807469738,34.724975425910884],[135.33488906589864,34.72503605681462],[135.33470726064246,34.72472289296827],[135.33568755151333,34.72434252246572],[135.33567413342078,34.72431911151225],[135.33469392595205,34.72469962180549],[135.33437384014107,34.724145041381824],[135.33456068044939,34.724063359745195],[135.33454594975353,34.72402291535844],[135.33472423184668,34.72396017848275],[135.3353111025159,34.72381912555063],[135.3353420571157,34.72367012944955],[135.33611703625772,34.72347441717135],[135.33533638054064,34.72365214722286],[135.3351966460908,34.72329821356325],[135.33507736056188,34.72327384564651],[135.33542794680628,34.7229212105638],[135.3354059266955,34.722906040725285],[135.33505424085712,34.72325966914188],[135.3349264914296,34.723078601646364],[135.33485762381164,34.72280070628051],[135.3348752266531,34.722718442768944],[135.33470592688752,34.72226108593393],[135.33462998446018,34.722209313226976],[135.33458807935423,34.722087115502255],[135.3343959132738,34.721995873155024],[135.33413401424477,34.72218366833395],[135.33260332358208,34.72309318581085],[135.3321703243057,34.72321843454226],[135.33117714542507,34.723617866006585],[135.32993896952144,34.72406605763507],[135.32974296963735,34.724110058891654],[135.32938702967763,34.72428875564134],[135.32919429325386,34.724334560484934],[135.32908812694902,34.724401206606956],[135.32871253460564,34.724534707006995],[135.3287887434,34.725411882281875]]]},"properties":{"code":"282041220","name":"西波止町","jinko":416,"addr_key":"28204|西波止町","addr_key_town":"28204|西波止町","n":[10,5],"w":[false,false],"neighbors":["282041090","282041210"]}},{"type":"Feature","geometry":{"type":"Polygon","coordinates":[[[135.33938962769258,34.739175698522],[135.33949565850853,34.73655312039771],[135.3387593241875,34.736623584765255],[135.3387334975114,34.7369911433623],[135.33829901687986,34.7370561490366],[135.33830009712386,34.73730699937196],[135.3366290708585,34.737265873451975],[135.33661647455165,34.73719794553753],[135.33614079377546,34.737186096099705],[135.33617658620864,34.73847277211],[135.33631917010527,34.73859470090581],[135.33635266499041,34.73918403403037],[135.33938962769258,34.739175698522]]]},"properties":{"code":"282041230","name":"和上町","jinko":663,"addr_key":"28204|和上町","addr_key_town":"28204|和上町","n":[34,7],"w":[false,false],"neighbors":["282040860","282040900","282041110","282041240","282041260","282041270"]}},{"type":"Feature","geometry":{"type":"Polygon","coordinates":[[[135.34465837495236,34.73923874615347],[135.34465669262727,34.73910086363168],[135.34490597513505,34.739100057100785],[135.3443091063755,34.73756112337949],[135.34393735327527,34.73607426362318],[135.3420709095945,34.736335279815556],[135.33949565850853,34.73655312039771],[135.33938962769258,34.739175698522],[135.34465837495236,34.73923874615347]]]},"properties":{"code":"282041240","name":"六湛寺町","jinko":721,"addr_key":"28204|6湛寺町","addr_key_town":"28204|6湛寺町","n":[191,76],"w":[false,false],"neighbors":["282040790","282040820","282040840","282040860","282040900","282041230","282041250","282041260","282041290","282041430","282041450"]}},{"type":"Feature","geometry":{"type":"Polygon","coordinates":[[[135.34391636341752,34.73492619839465],[135.34396370678067,34.734107021560135],[135.3442548499112,34.73367851634264],[135.3438237466116,34.73375281173034],[135.34330139149563,34.73440409724659],[135.34287406509827,34.734634845322255],[135.34262562739144,34.73421336269128],[135.34156850311714,34.7342801721785],[135.3420709095945,34.736335279815556],[135.34393735327527,34.73607426362318],[135.34391636341752,34.73492619839465]]]},"properties":{"code":"282041250","name":"与古道町","jinko":721,"addr_key":"28204|与古道町","addr_key_town":"28204|与古道町","n":[5,null],"w":[false,false],"neighbors":["282041240","282041290","282041300","282041450"]}},{"type":"Feature","geometry":{"type":"Polygon","coordinates":[[[135.34044204041678,34.736455275584746],[135.34086365426896,34.73594963856188],[135.3395175554936,34.73603769835053],[135.33955005526377,34.73553838709297],[135.33824484796816,34.735642292150324],[135.33834211588487,34.73666351686154],[135.34044204041678,34.736455275584746]]]},"properties":{"code":"282041260","name":"今在家町","jinko":285,"addr_key":"28204|今在家町","addr_key_town":"28204|今在家町","n":[53,5],"w":[false,false],"neighbors":["282041230","282041240","282041270","282041280","282041290"]}},{"type":"Feature","geometry":{"type":"Polygon","coordinates":[[[135.3387334975114,34.7369911433623],[135.3387593241875,34.736623584765255],[135.33834211588487,34.73666351686154],[135.33824484796816,34.735642292150324],[135.3361099415028,34.73582796729383],[135.33614079377546,34.737186096099705],[135.33661647455165,34.73719794553753],[135.3366290708585,34.737265873451975],[135.33830009712386,34.73730699937196],[135.33829901687986,34.7370561490366],[135.3387334975114,34.7369911433623]]]},"properties":{"code":"282041270","name":"田中町","jinko":740,"addr_key":"28204|田中町","addr_key_town":"28204|田中町","n":[158,14],"w":[false,false],"neighbors":["282041110","282041140","282041230","282041260","282041280"]}},{"type":"Feature","geometry":{"type":"Polygon","coordinates":[[[135.33955005526377,34.73553838709297],[135.33958601010832,34.73447337956461],[135.33609001818107,34.734780610360176],[135.3361099415028,34.73582796729383],[135.33955005526377,34.73553838709297]]]},"properties":{"code":"282041280","name":"馬場町","jinko":1448,"addr_key":"28204|馬場町","addr_key_town":"28204|馬場町","n":[26,6],"w":[false,false],"neighbors":["282041140","282041260","282041270","282041290","282041300"]}},{"type":"Feature","geometry":{"type":"Polygon","coordinates":[[[135.3420709095945,34.736335279815556],[135.34156850311714,34.7342801721785],[135.34096267294717,34.73429801618454],[135.3409706542564,34.73436513704495],[135.33958601010832,34.73447337956461],[135.3395175554936,34.73603769835053],[135.34086365426896,34.73594963856188],[135.34044204041678,34.736455275584746],[135.3406682034395,34.73646213445076],[135.3420709095945,34.736335279815556]]]},"properties":{"code":"282041290","name":"戸田町","jinko":1676,"addr_key":"28204|戸田町","addr_key_town":"28204|戸田町","n":[37,7],"w":[false,false],"neighbors":["282041240","282041250","282041260","282041280","282041300"]}},{"type":"Feature","geometry":{"type":"Polygon","coordinates":[[[135.34096267294717,34.734298016184546],[135.34262562739144,34.73421336269128],[135.34287406509827,34.734634845322255],[135.34330139149563,34.73440409724659],[135.3438237466116,34.73375281173034],[135.3442548499112,34.73367851634264],[135.34476326267048,34.73302508921181],[135.34401728897603,34.73321173155474],[135.34313756639486,34.733330040641384],[135.3358415969326,34.73380063569639],[135.33602579050086,34.73432322837582],[135.33609001818107,34.734780610360176],[135.34097065425638,34.734365137044975],[135.34096267294717,34.734298016184546]]]},"properties":{"code":"282041300","name":"本町","jinko":944,"addr_key":"28204|本町","addr_key_town":"28204|本町","n":[17,9],"w":[false,false],"neighbors":["282041140","282041150","282041250","282041280","282041290","282041310","282041370","282041380","282041390","282041400","282041450"]}},{"type":"Feature","geometry":{"type":"Polygon","coordinates":[[[135.3460121914179,34.73067101111419],[135.34643186534288,34.7296065966576],[135.34492528962647,34.72999946357535],[135.34247461144096,34.73040635774892],[135.34313756639486,34.733330040641384],[135.34401728897603,34.73321173155474],[135.34476326267048,34.73302508921181],[135.3451128402297,34.73256905010943],[135.34529340810138,34.73225893526472],[135.3460121914179,34.73067101111419]]]},"properties":{"code":"282041310","name":"用海町","jinko":472,"addr_key":"28204|用海町","addr_key_town":"28204|用海町","n":[4,3],"w":[false,false],"neighbors":["282041300","282041320","28204134001","282041370","282041450","282041560"]}},{"type":"Feature","geometry":{"type":"Polygon","coordinates":[[[135.34725544875002,34.72543547416865],[135.34688467946674,34.72481021488847],[135.3439891868313,34.72640504733425],[135.34498722237416,34.72755160287715],[135.34572063060267,34.729792118468055],[135.34643186534288,34.7296065966576],[135.34649589492818,34.729478026441335],[135.34689535245872,34.7289939562819],[135.34720856654138,34.728161285500555],[135.34758356574915,34.72666071493326],[135.3475827922389,34.7265416981642],[135.34725544875002,34.72543547416865]]]},"properties":{"code":"282041320","name":"浜松原町","jinko":1184,"addr_key":"28204|浜松原町","addr_key_town":"28204|浜松原町","n":[23,5],"w":[false,false],"neighbors":["282041310","282041330","28204134001","282041560","282041780"]}},{"type":"Feature","geometry":{"type":"Polygon","coordinates":[[[135.345050855971,34.72261944740208],[135.34492410973027,34.7220462379379],[135.3443124896525,34.72214205109431],[135.34182971136445,34.72386988721192],[135.3439891868313,34.72640504733425],[135.34688467946674,34.72481021488847],[135.34648860078406,34.72435405191657],[135.34625517806853,34.72430881490731],[135.3453872032383,34.723151890752995],[135.345050855971,34.72261944740208]]]},"properties":{"code":"282041330","name":"東浜町","jinko":0,"addr_key":"28204|東浜町","addr_key_town":"28204|東浜町","n":[0,0],"w":[false,false],"neighbors":["282041320","28204134001","282041420","282041560","282041780"]}},{"type":"Feature","geometry":{"type":"Polygon","coordinates":[[[135.34498722237416,34.72755160287713],[135.34182971136445,34.72386988721192],[135.34105510982002,34.72427818326943],[135.34152835054354,34.726368754140445],[135.3416876632773,34.72653020129659],[135.3429427084778,34.726322484769824],[135.34330766799806,34.726759759657845],[135.3429169700313,34.72697626448636],[135.34241670968734,34.72708507986876],[135.3425477496495,34.72778741834383],[135.34302897196517,34.72908533030468],[135.3433525499693,34.73026299381648],[135.34492528962647,34.72999946357535],[135.34572063060267,34.729792118468055],[135.34498722237416,34.72755160287713]]]},"properties":{"code":"28204134001","name":"東町一丁目","jinko":2651,"addr_key":"28204|東町1","addr_key_town":"28204|東町1","n":[27,11],"w":[false,false],"neighbors":["282041310","282041320","282041330","28204134002","282041370","282041420"]}},{"type":"Feature","geometry":{"type":"Polygon","coordinates":[[[135.34330766799806,34.72675975965782],[135.3429427084778,34.726322484769824],[135.3416876632773,34.72653020129659],[135.34152835054354,34.726368754140445],[135.34105510982002,34.72427818326943],[135.33927208802598,34.72508908981121],[135.34003171996608,34.72809128542131],[135.3425477496495,34.72778741834383],[135.34241670968734,34.72708507986876],[135.3429169700313,34.72697626448636],[135.34330766799806,34.72675975965782]]]},"properties":{"code":"28204134002","name":"東町二丁目","jinko":2001,"addr_key":"28204|東町2","addr_key_town":"28204|東町2","n":[9,7],"w":[false,false],"neighbors":["28204134001","282041370","282041380","282041420"]}},{"type":"Feature","geometry":{"type":"Polygon","coordinates":[[[135.34302897196517,34.72908533030468],[135.3425477496495,34.72778741834383],[135.34003171996608,34.72809128542131],[135.34137468183891,34.73345975990295],[135.34313756639486,34.733330040641384],[135.34247461144096,34.73040635774892],[135.3433525499693,34.73026299381648],[135.34302897196517,34.72908533030468]]]},"properties":{"code":"282041370","name":"石在町","jinko":1653,"addr_key":"28204|石在町","addr_key_town":"28204|石在町","n":[17,11],"w":[false,false],"neighbors":["282041300","282041310","28204134001","28204134002","282041380"]}},{"type":"Feature","geometry":{"type":"Polygon","coordinates":[[[135.34137468183891,34.73345975990295],[135.33927208802598,34.72508908981121],[135.33797249220248,34.72563636990369],[135.33892216282226,34.72963141546664],[135.33946679907473,34.733578259147805],[135.34137468183891,34.73345975990295]]]},"properties":{"code":"282041380","name":"久保町","jinko":1511,"addr_key":"28204|久保町","addr_key_town":"28204|久保町","n":[26,10],"w":[false,false],"neighbors":["282041300","28204134002","282041370","282041390","282041410","282041420"]}},{"type":"Feature","geometry":{"type":"Polygon","coordinates":[[[135.33892216282226,34.72963141546664],[135.3380034574531,34.72577006496869],[135.33739286036993,34.72585441989714],[135.33752472063463,34.726508154908416],[135.33758501671434,34.72657033558235],[135.33790627530368,34.72830284740272],[135.3379009030994,34.728394587213565],[135.3382408372864,34.72978748735953],[135.33837697801337,34.73078599504198],[135.3384071602853,34.731256053715676],[135.3383431213483,34.73270075013771],[135.33845467421676,34.73364100716624],[135.33946679907473,34.733578259147805],[135.33892216282226,34.72963141546664]]]},"properties":{"code":"282041390","name":"鞍掛町","jinko":297,"addr_key":"28204|鞍掛町","addr_key_town":"28204|鞍掛町","n":[3,null],"w":[false,false],"neighbors":["282041300","282041380","282041400","282041410"]}},{"type":"Feature","geometry":{"type":"Polygon","coordinates":[[[135.3383431213483,34.73270075013771],[135.3384071602853,34.731256053715676],[135.33786267064488,34.73130084326074],[135.33732017476137,34.731510128965866],[135.33728923473973,34.73165321015715],[135.33568418321647,34.731584350080354],[135.3355989885485,34.7327718778644],[135.33561963606778,34.73312482511773],[135.33570371819826,34.7334676709542],[135.3358415969326,34.73380063569639],[135.33845467421676,34.73364100716624],[135.3383431213483,34.73270075013771]]]},"properties":{"code":"282041400","name":"浜脇町","jinko":808,"addr_key":"28204|浜脇町","addr_key_town":"28204|浜脇町","n":[3,3],"w":[false,false],"neighbors":["282041140","282041150","282041300","282041390","282041410"]}},{"type":"Feature","geometry":{"type":"Polygon","coordinates":[[[135.33790627530368,34.72830284740272],[135.33758501671434,34.726570335582366],[135.3375247206346,34.72650815490843],[135.3373928603699,34.72585441989718],[135.33800345745308,34.7257700649687],[135.33797249220248,34.72563636990369],[135.33802290755256,34.725615387837365],[135.33787713566227,34.72509515611596],[135.33765422909244,34.72462922826957],[135.33755423958692,34.724310883357546],[135.3372823828612,34.72440229292152],[135.3374359706327,34.724737239100946],[135.33716835936923,34.724904533918625],[135.33713733369646,34.72487140794083],[135.33716441944844,34.72485399916829],[135.33706708331488,34.72474761657183],[135.33700426343705,34.724786870425035],[135.33715319969767,34.72491367396873],[135.33710765092593,34.724941939249646],[135.33714110259277,34.72499941274242],[135.3367692703186,34.725217852205915],[135.33671415927202,34.7251750667475],[135.33587101490508,34.72570220670945],[135.33593790290843,34.7265355019983],[135.33613827523604,34.72667624845621],[135.33740951693605,34.726694611738246],[135.33747127252366,34.727109617274856],[135.3361585280698,34.72717272844127],[135.3359958514047,34.727264218208525],[135.33607620340166,34.728314737649555],[135.33596495775117,34.72832100832594],[135.3359363638818,34.72908847079412],[135.3358015505183,34.73063079432896],[135.33568418321647,34.731584350080354],[135.33728923473973,34.73165321015715],[135.33732017476137,34.731510128965866],[135.33786267064488,34.73130084326074],[135.3384071602853,34.731256053715676],[135.33837697801337,34.73078599504198],[135.3382408372864,34.729787487359545],[135.3379009030994,34.728394587213565],[135.33790627530368,34.72830284740272]]]},"properties":{"code":"282041410","name":"浜町","jinko":1201,"addr_key":"28204|浜町","addr_key_town":"28204|浜町","n":[16,3],"w":[false,false],"neighbors":["282041150","282041190","282041200","282041380","282041390","282041400","282041420","28204191001"]}},{"type":"Feature","geometry":{"type":"Polygon","coordinates":[[[135.33802290755256,34.725615387837365],[135.33999335326382,34.72477590430739],[135.34105510982002,34.72427818326943],[135.34182971136445,34.72386988721189],[135.3443124896525,34.72214205109431],[135.34492410973027,34.722046237937896],[135.3448042836393,34.721403810696195],[135.34455946998787,34.72143825038293],[135.34465589763442,34.72191071945464],[135.34430931052407,34.72196502324534],[135.34421185517297,34.7218494891197],[135.34429342591972,34.720836482846096],[135.34326957328724,34.71969197540091],[135.33893406133367,34.72230538565918],[135.33886389164098,34.72399621081722],[135.33855146989637,34.724161064006786],[135.33838103069587,34.72397049386992],[135.3381620603516,34.72410386486238],[135.33833137765694,34.72429359998997],[135.3381179078467,34.72442340493105],[135.3380503864551,34.72434903030465],[135.33783899247365,34.72447430850881],[135.33790865502198,34.724549511172704],[135.33776342810458,34.72463719724892],[135.33759866572302,34.72429544311196],[135.33755423958692,34.72431088335753],[135.33765422909244,34.724629228269556],[135.33787713566227,34.72509515611596],[135.33802290755256,34.725615387837365]]]},"properties":{"code":"282041420","name":"朝凪町","jinko":0,"addr_key":"28204|朝凪町","addr_key_town":"28204|朝凪町","n":[0,null],"w":[false,false],"neighbors":["282041330","28204134001","28204134002","282041380","282041410","282041780","28204191001"]}},{"type":"Feature","geometry":{"type":"Polygon","coordinates":[[[135.34528471927408,34.739102538848535],[135.3452840727676,34.739049583130075],[135.3461637566683,34.73904225663922],[135.34616176733982,34.7388794458544],[135.347950514048,34.738840020508924],[135.35060176238323,34.73888181017512],[135.35060034441437,34.73848813272231],[135.35037289984663,34.73846059729793],[135.34964913465848,34.738276356185615],[135.34970907593984,34.73796724285655],[135.34969464281207,34.737569307559205],[135.34976526696093,34.73743575007116],[135.34835404737808,34.73759234267702],[135.3473111108423,34.73774767757612],[135.34608224169142,34.73700012839613],[135.34427276385085,34.736113025473195],[135.3439660604604,34.736168537730485],[135.3443091063755,34.73756112337949],[135.34490597513505,34.739100057100785],[135.34528471927408,34.739102538848535]]]},"properties":{"code":"282041430","name":"池田町","jinko":1209,"addr_key":"28204|池田町","addr_key_town":"28204|池田町","n":[106,25],"w":[false,false],"neighbors":["282040790","282040820","282041240","282041440","282041450","282041470"]}},{"type":"Feature","geometry":{"type":"Polygon","coordinates":[[[135.34955562669313,34.73689084603705],[135.3495445019714,34.736407807727986],[135.3488493647386,34.73648362405902],[135.34816466460757,34.73663160639904],[135.34801670114413,34.73598068714289],[135.34725795615034,34.736003359657815],[135.3469516098153,34.735997322828986],[135.34685648349958,34.73596910035163],[135.34651266158966,34.73467639150744],[135.3457232610203,34.735261882054424],[135.3451838190578,34.73561696108845],[135.34453640072812,34.73589095902068],[135.34450729139365,34.73583359259846],[135.34410999830234,34.73595296163334],[135.34427276385085,34.736113025473195],[135.34608224169142,34.73700012839613],[135.3473111108423,34.73774767757612],[135.34835404737808,34.73759234267702],[135.34980538896795,34.73743090716222],[135.34955562669313,34.73689084603705]]]},"properties":{"code":"282041440","name":"松原町","jinko":1501,"addr_key":"28204|松原町","addr_key_town":"28204|松原町","n":[25,6],"w":[false,false],"neighbors":["282041430","282041450","282041470","282041510","282041530","282041550"]}},{"type":"Feature","geometry":{"type":"Polygon","coordinates":[[[135.34410999830234,34.73595296163334],[135.34450729139365,34.73583359259846],[135.34453640072812,34.73589095902068],[135.3451838190578,34.73561696108845],[135.3457232610203,34.735261882054424],[135.34651266158966,34.73467639150744],[135.34595665567682,34.732592020720716],[135.34568144984485,34.731683834038314],[135.345601188471,34.73160801871786],[135.34529340810138,34.73225893526472],[135.3451128402297,34.73256905010943],[135.3442548499112,34.73367851634264],[135.34396370678067,34.734107021560135],[135.34391636341752,34.73492619839465],[135.34393735327527,34.73607426362318],[135.3439660604604,34.736168537730485],[135.34427276385085,34.736113025473195],[135.34410999830234,34.73595296163334]]]},"properties":{"code":"282041450","name":"染殿町","jinko":1021,"addr_key":"28204|染殿町","addr_key_town":"28204|染殿町","n":[22,8],"w":[false,false],"neighbors":["282041240","282041250","282041300","282041310","282041430","282041440","282041530","282041550","282041560"]}},{"type":"Feature","geometry":{"type":"Polygon","coordinates":[[[135.364417223483,34.738875719716326],[135.36443172972025,34.73864262172546],[135.36432782402696,34.73843714925426],[135.36341231757498,34.73812784032432],[135.36360099336065,34.73514954021018],[135.35961843306725,34.73588776225386],[135.35967499020904,34.738894423546284],[135.364417223483,34.738875719716326]]]},"properties":{"code":"282041460","name":"津門飯田町","jinko":22,"addr_key":"28204|津門飯田町","addr_key_town":"28204|津門飯田町","n":[null,null],"w":[false,false],"neighbors":["282041470","282041480","282043210","282043240","28204332006","28204338004","28204338005"]}},{"type":"Feature","geometry":{"type":"Polygon","coordinates":[[[135.3557024981341,34.73892423594931],[135.3557474371755,34.738839344551955],[135.35967881418347,34.73884480980503],[135.35961843306725,34.73588776225386],[135.35529637221362,34.7366646635387],[135.3537337249716,34.736979085166276],[135.34976526696093,34.73743575007116],[135.34969464281207,34.737569307559205],[135.34970907593984,34.73796724285655],[135.34964913465848,34.738276356185615],[135.35037289984663,34.73846059729793],[135.35060034441437,34.73848813272231],[135.35060176238323,34.73888181017512],[135.35185196876097,34.738923598784105],[135.3519122333203,34.738863652995015],[135.35265722136398,34.73891375041311],[135.3557024981341,34.73892423594931]]]},"properties":{"code":"282041470","name":"津門大塚町","jinko":2288,"addr_key":"28204|津門大塚町","addr_key_town":"28204|津門大塚町","n":[34,10],"w":[false,false],"neighbors":["282040760","282040790","282041430","282041440","282041460","282041480","282041510","282043200","282043210","28204338005"]}},{"type":"Feature","geometry":{"type":"Polygon","coordinates":[[[135.35961843306725,34.73588776225386],[135.35891243198773,34.73359270781772],[135.35331876704956,34.73494003034211],[135.35400839801838,34.73613037923837],[135.353981698916,34.73616539465971],[135.3543680929717,34.736852621310135],[135.35961843306725,34.73588776225386]]]},"properties":{"code":"282041480","name":"津門大箇町","jinko":2218,"addr_key":"28204|津門大箇町","addr_key_town":"28204|津門大箇町","n":[36,13],"w":[false,false],"neighbors":["282041460","282041470","282041490","282041510","282041520","28204338005"]}},{"type":"Feature","geometry":{"type":"Polygon","coordinates":[[[135.35891243198773,34.73359270781772],[135.35869925143948,34.73304136682233],[135.35744573835058,34.7333333698942],[135.35712153080613,34.73245265786648],[135.35388811634596,34.73325358270272],[135.35253909365576,34.73365437099875],[135.35331876704956,34.73494003034211],[135.35891243198773,34.73359270781772]]]},"properties":{"code":"282041490","name":"津門綾羽町","jinko":1208,"addr_key":"28204|津門綾羽町","addr_key_town":"28204|津門綾羽町","n":[18,0],"w":[false,false],"neighbors":["282041480","282041500","282041510","282041520","282041540","282041600","28204338005"]}},{"type":"Feature","geometry":{"type":"Polygon","coordinates":[[[135.35712153080613,34.73245265786648],[135.35666532116946,34.7312095098854],[135.35498800322205,34.73162506754776],[135.35417681418417,34.73024587397515],[135.35125010646567,34.731593627721544],[135.35253909365576,34.73365437099875],[135.35388811634596,34.73325358270272],[135.35712153080613,34.73245265786648]]]},"properties":{"code":"282041500","name":"津門呉羽町","jinko":1733,"addr_key":"28204|津門呉羽町","addr_key_town":"28204|津門呉羽町","n":[32,16],"w":[false,false],"neighbors":["282041490","282041520","282041540","282041600","282041660"]}},{"type":"Feature","geometry":{"type":"Polygon","coordinates":[[[135.35400839801838,34.73613037923837],[135.35331876704956,34.73494003034211],[135.3510007311374,34.735499363854146],[135.34976507199912,34.735540694522484],[135.3495354471438,34.73607955229833],[135.34955562669313,34.73689084603705],[135.34980538896795,34.73743090716222],[135.35286585585473,34.73709186913325],[135.3537337249716,34.736979085166276],[135.3543680929717,34.736852621310135],[135.353981698916,34.73616539465971],[135.35400839801838,34.73613037923837]]]},"properties":{"code":"282041510","name":"津門稲荷町","jinko":1330,"addr_key":"28204|津門稲荷町","addr_key_town":"28204|津門稲荷町","n":[13,4],"w":[false,false],"neighbors":["282041440","282041470","282041480","282041490","282041520","282041530"]}},{"type":"Feature","geometry":{"type":"Polygon","coordinates":[[[135.35331876704956,34.73494003034211],[135.35253909365576,34.73365437099875],[135.34983108632608,34.7343144258642],[135.34986911685783,34.73553785162249],[135.3510007311374,34.735499363854146],[135.35331876704956,34.73494003034211]]]},"properties":{"code":"282041520","name":"津門仁辺町","jinko":842,"addr_key":"28204|津門仁辺町","addr_key_town":"28204|津門仁辺町","n":[8,3],"w":[false,false],"neighbors":["282041480","282041490","282041500","282041510","282041530","282041540"]}},{"type":"Feature","geometry":{"type":"Polygon","coordinates":[[[135.3495354471438,34.73607955229833],[135.34976507199912,34.735540694522484],[135.34986911685783,34.73553785162249],[135.34983108632608,34.7343144258642],[135.3498566119031,34.733508524403874],[135.3497375720437,34.73290032455244],[135.3495622210111,34.73236795291599],[135.34651266158966,34.73467639150744],[135.34685648349958,34.73596910035163],[135.3469516098153,34.735997322828986],[135.34725795615034,34.736003359657815],[135.34801670114413,34.73598068714289],[135.34816466460757,34.73663160639904],[135.3488493647386,34.73648362405902],[135.3495445019714,34.736407807727986],[135.3495354471438,34.73607955229833]]]},"properties":{"code":"282041530","name":"津門西口町","jinko":1320,"addr_key":"28204|津門西口町","addr_key_town":"28204|津門西口町","n":[15,4],"w":[false,false],"neighbors":["282041440","282041450","282041510","282041520","282041540","282041550"]}},{"type":"Feature","geometry":{"type":"Polygon","coordinates":[[[135.35253909365576,34.73365437099875],[135.35125010646567,34.731593627721544],[135.35117189484117,34.731629778521715],[135.35101529516194,34.731270221457635],[135.3495622210111,34.73236795291599],[135.3497375720437,34.73290032455244],[135.3498566119031,34.733508524403874],[135.34983108632608,34.7343144258642],[135.35253909365576,34.73365437099875]]]},"properties":{"code":"282041540","name":"津門宝津町","jinko":786,"addr_key":"28204|津門宝津町","addr_key_town":"28204|津門宝津町","n":[23,9],"w":[false,false],"neighbors":["282041490","282041500","282041520","282041530","282041550","282041660"]}},{"type":"Feature","geometry":{"type":"Polygon","coordinates":[[[135.35070540231527,34.73054938786706],[135.35030505312915,34.72983945278476],[135.34710150138397,34.73200581300559],[135.34595665567682,34.732592020720716],[135.34651266158966,34.73467639150744],[135.35101529516194,34.731270221457635],[135.35070540231527,34.73054938786706]]]},"properties":{"code":"282041550","name":"津門川町","jinko":1452,"addr_key":"28204|津門川町","addr_key_town":"28204|津門川町","n":[33,16],"w":[false,false],"neighbors":["282041440","282041450","282041530","282041540","282041560","282041660","282041670","282041740"]}},{"type":"Feature","geometry":{"type":"Polygon","coordinates":[[[135.34807417993892,34.726342788213785],[135.34707521424946,34.724696078315496],[135.34688467946674,34.724810214888464],[135.34725544875002,34.72543547416865],[135.3475827922389,34.7265416981642],[135.34758356574915,34.72666071493326],[135.34720856654138,34.72816128550052],[135.34706453191632,34.72859082726503],[135.34689535245872,34.7289939562819],[135.34649589492818,34.729478026441335],[135.34643186534288,34.7296065966576],[135.34583604381822,34.731098141071094],[135.345601188471,34.73160801871786],[135.34568144984485,34.731683834038314],[135.34595665567682,34.732592020720716],[135.34710150138397,34.73200581300559],[135.35030505312915,34.72983945278476],[135.34807417993892,34.726342788213785]]]},"properties":{"code":"282041560","name":"津門住江町","jinko":996,"addr_key":"28204|津門住江町","addr_key_town":"28204|津門住江町","n":[12,9],"w":[false,false],"neighbors":["282041310","282041320","282041330","282041450","282041550","282041670","282041740","282041750","282041780"]}},{"type":"Feature","geometry":{"type":"Polygon","coordinates":[[[135.36430850670328,34.73155341840022],[135.36323431613994,34.72958039574113],[135.36001485490644,34.73038400481191],[135.36093403429447,34.732395832961124],[135.36430850670328,34.73155341840022]]]},"properties":{"code":"282041580","name":"甲子園春風町","jinko":918,"addr_key":"28204|甲子園春風町","addr_key_town":"28204|甲子園春風町","n":[7,10],"w":[false,false],"neighbors":["282041590","282041610","282041620","282041630","28204338003","28204338004","28204338005"]}},{"type":"Feature","geometry":{"type":"Polygon","coordinates":[[[135.36093403429447,34.732395832961124],[135.36001485490644,34.73038400481191],[135.35807136541098,34.730864673369254],[135.35883519133512,34.733010218051334],[135.3598291552389,34.73266715200931],[135.36093403429447,34.732395832961124]]]},"properties":{"code":"282041590","name":"今津野田町","jinko":675,"addr_key":"28204|今津野田町","addr_key_town":"28204|今津野田町","n":[13,3],"w":[false,false],"neighbors":["282041580","282041600","282041610","28204338004","28204338005"]}},{"type":"Feature","geometry":{"type":"Polygon","coordinates":[[[135.35883519133512,34.733010218051334],[135.35789255118448,34.730366285838066],[135.3573113298589,34.7289124887693],[135.35676237583348,34.729132625120116],[135.35571506069758,34.7294634419482],[135.35483212791522,34.72994696223364],[135.35417681418417,34.73024587397515],[135.35498800322205,34.73162506754776],[135.35666532116946,34.7312095098854],[135.35744573835058,34.7333333698942],[135.35883519133512,34.733010218051334]]]},"properties":{"code":"282041600","name":"今津山中町","jinko":1379,"addr_key":"28204|今津山中町","addr_key_town":"28204|今津山中町","n":[17,6],"w":[false,false],"neighbors":["282041490","282041500","282041590","282041610","282041660","28204338005"]}},{"type":"Feature","geometry":{"type":"Polygon","coordinates":[[[135.35900408032722,34.72886721522308],[135.35865979672846,34.72826726065789],[135.35728064326258,34.72883147448274],[135.35807136541098,34.73086467336922],[135.36003850962544,34.73037901663855],[135.35900408032722,34.72886721522308]]]},"properties":{"code":"282041610","name":"今津上野町","jinko":496,"addr_key":"28204|今津上野町","addr_key_town":"28204|今津上野町","n":[4,3],"w":[false,false],"neighbors":["282041580","282041590","282041600","282041620","282041650","282041660"]}},{"type":"Feature","geometry":{"type":"Polygon","coordinates":[[[135.36214725459692,34.72771381178532],[135.36175525547108,34.726946918079655],[135.3613483287868,34.72698571335655],[135.36072454787623,34.72722311611713],[135.3600708627275,34.72768458974723],[135.35865979672846,34.72826726065789],[135.35900408032722,34.72886721522308],[135.36003850962544,34.73037901663855],[135.36323431613994,34.72958039574113],[135.36214725459692,34.72771381178532]]]},"properties":{"code":"282041620","name":"甲子園浜田町","jinko":1589,"addr_key":"28204|甲子園浜田町","addr_key_town":"28204|甲子園浜田町","n":[15,5],"w":[false,false],"neighbors":["282041580","282041610","282041630","282041640","282041650","282041660"]}},{"type":"Feature","geometry":{"type":"Polygon","coordinates":[[[135.36354549593398,34.73013597192062],[135.36482696282297,34.72974480313198],[135.36598829300738,34.72975016329292],[135.36503655169165,34.72887267839119],[135.36448620182207,34.72820940662594],[135.36431374296987,34.72794337885359],[135.36264227451127,34.72853293251218],[135.36354549593398,34.73013597192062]]]},"properties":{"code":"282041630","name":"甲子園砂田町","jinko":732,"addr_key":"28204|甲子園砂田町","addr_key_town":"28204|甲子園砂田町","n":[4,null],"w":[false,false],"neighbors":["282041580","282041620","282041640","282041800","28204338003"]}},{"type":"Feature","geometry":{"type":"Polygon","coordinates":[[[135.36431374296987,34.72794337885359],[135.3634340352646,34.726563808194435],[135.3625330469546,34.72683004868866],[135.36175525547108,34.726946918079655],[135.36214725459692,34.72771381178532],[135.36264227451127,34.72853293251218],[135.36431374296987,34.72794337885359]]]},"properties":{"code":"282041640","name":"甲子園六石町","jinko":705,"addr_key":"28204|甲子園6石町","addr_key_town":"28204|甲子園6石町","n":[5,3],"w":[false,false],"neighbors":["282041620","282041630","282041650","282041800"]}},{"type":"Feature","geometry":{"type":"Polygon","coordinates":[[[135.3633607855103,34.72391813850781],[135.36333328432644,34.723729763697236],[135.3624483313322,34.72407615677737],[135.36004038343313,34.72513701910959],[135.3585003875194,34.72585149746131],[135.35731664912203,34.72661225599588],[135.3586268827829,34.72816471305287],[135.35865979672846,34.72826726065789],[135.3600708627275,34.72768458974723],[135.36058510373408,34.7273148644532],[135.3608926627992,34.727139012347905],[135.3613483287868,34.72698571335655],[135.3625330469546,34.72683004868866],[135.3640723303069,34.72634894633246],[135.3636351771184,34.72551187126164],[135.3633051494888,34.724239764791164],[135.3633607855103,34.72391813850781]]]},"properties":{"code":"282041650","name":"甲子園浦風町","jinko":1996,"addr_key":"28204|甲子園浦風町","addr_key_town":"28204|甲子園浦風町","n":[55,3],"w":[false,false],"neighbors":["282041610","282041620","282041640","282041660","282041670","282041680","282041710","282041800","282042310","282042320","282042330"]}},{"type":"Feature","geometry":{"type":"Polygon","coordinates":[[[135.3586268827829,34.72816471305287],[135.35731664912203,34.72661225599588],[135.35688571142708,34.726841683612804],[135.35480726166168,34.7284398808198],[135.3510048002823,34.73123523601659],[135.35117189484117,34.731629778521715],[135.35452240782408,34.73009464765851],[135.35571506069758,34.7294634419482],[135.35676237583348,34.729132625120116],[135.3573113298589,34.7289124887693],[135.35728064326258,34.72883147448274],[135.35865979672846,34.72826726065789],[135.3586268827829,34.72816471305287]]]},"properties":{"code":"282041660","name":"今津曙町","jinko":1465,"addr_key":"28204|今津曙町","addr_key_town":"28204|今津曙町","n":[68,14],"w":[false,false],"neighbors":["282041500","282041540","282041550","282041600","282041610","282041620","282041650","282041670","282041710"]}},{"type":"Feature","geometry":{"type":"Polygon","coordinates":[[[135.35731664912203,34.72661225599588],[135.3565276403175,34.72556388934548],[135.35030505312915,34.72983945278476],[135.35070540231527,34.73054938786706],[135.3510048002823,34.73123523601659],[135.35480726166168,34.7284398808198],[135.35688571142708,34.726841683612804],[135.35731664912203,34.72661225599588]]]},"properties":{"code":"282041670","name":"今津水波町","jinko":1352,"addr_key":"28204|今津水波町","addr_key_town":"28204|今津水波町","n":[76,12],"w":[false,false],"neighbors":["282041550","282041560","282041650","282041660","282041710","282041720","282041730","282041740"]}},{"type":"Feature","geometry":{"type":"Polygon","coordinates":[[[135.36279355411818,34.722694381195616],[135.36201354663447,34.722519133427845],[135.36019391520995,34.72324640320333],[135.3595802850599,34.72353034055454],[135.35901792981645,34.72385709403469],[135.35862260538553,34.724095384008486],[135.35753403306995,34.72484477912517],[135.35815182402803,34.72545609632847],[135.3585003875194,34.72585149746131],[135.35868549838034,34.725782886096596],[135.36004038343313,34.72513701910959],[135.3624483313322,34.72407615677737],[135.36333328432644,34.723729763697236],[135.36323253355076,34.72343298427731],[135.36279355411818,34.722694381195616]]]},"properties":{"code":"282041680","name":"甲子園高潮町","jinko":872,"addr_key":"28204|甲子園高潮町","addr_key_town":"28204|甲子園高潮町","n":[190,17],"w":[false,false],"neighbors":["282041650","282041690","282041710","282042320","282042330","282042540"]}},{"type":"Feature","geometry":{"type":"Polygon","coordinates":[[[135.36112645749446,34.722320276428945],[135.35831083361785,34.72182218702073],[135.35823262593806,34.72203032977849],[135.35756747067333,34.722528382301256],[135.35710273102083,34.722809510488084],[135.35612102997504,34.72350939563158],[135.35753403306995,34.72484477912517],[135.35862260538553,34.724095384008486],[135.3595802850599,34.72353034055454],[135.36019391520995,34.72324640320333],[135.36201354663447,34.722519133427845],[135.36112645749446,34.722320276428945]]]},"properties":{"code":"282041690","name":"甲子園洲鳥町","jinko":1135,"addr_key":"28204|甲子園洲鳥町","addr_key_town":"28204|甲子園洲鳥町","n":[8,7],"w":[false,false],"neighbors":["282041680","282041700","282041710","282042540"]}},{"type":"Feature","geometry":{"type":"Polygon","coordinates":[[[135.35146949262176,34.719736222354115],[135.35082892369988,34.719200419190265],[135.3504715489623,34.719584860273564],[135.3505021674423,34.71982828786708],[135.352017139197,34.72066452070913],[135.354141362352,34.7217591548679],[135.35612102997504,34.72350939563158],[135.35710273102083,34.722809510488084],[135.35756747067333,34.722528382301256],[135.35823262593806,34.72203032977849],[135.35831083361785,34.72182218702073],[135.35765724478983,34.72168107284431],[135.35729253435275,34.72156540883731],[135.35380986128698,34.72091680253484],[135.35310332671853,34.72068638505639],[135.352640950153,34.72050039551582],[135.35220019732495,34.720269148669324],[135.35146949262176,34.719736222354115]]]},"properties":{"code":"282041700","name":"甲子園網引町","jinko":936,"addr_key":"28204|甲子園網引町","addr_key_town":"28204|甲子園網引町","n":[13,10],"w":[false,false],"neighbors":["282041690","282041710","282041790","282042540","28204255003","28204258004"]}},{"type":"Feature","geometry":{"type":"Polygon","coordinates":[[[135.352017139197,34.72066452070913],[135.3505021674423,34.71982828786708],[135.35035671132115,34.7198958515366],[135.34977836714236,34.72059681032317],[135.3522145327135,34.72170125792363],[135.35616560002475,34.724613902150715],[135.3565276403175,34.72556388934548],[135.35731664912203,34.72661225599588],[135.3585003875194,34.72585149746131],[135.357958808232,34.72525756814437],[135.35612102997504,34.72350939563158],[135.354141362352,34.72175915486791],[135.352017139197,34.72066452070913]]]},"properties":{"code":"282041710","name":"今津久寿川町","jinko":1033,"addr_key":"28204|今津久寿川町","addr_key_town":"28204|今津久寿川町","n":[8,4],"w":[false,false],"neighbors":["282041650","282041660","282041670","282041680","282041690","282041700","282041730","282041770","282041790"]}},{"type":"Feature","geometry":{"type":"Polygon","coordinates":[[[135.3546823585669,34.725693240718456],[135.35167525054953,34.72362523644767],[135.35045053271094,34.72454571890338],[135.3523843673264,34.72616963199296],[135.3524773439497,34.726176316903995],[135.35403017846687,34.72728505374252],[135.35528683276695,34.72641581995365],[135.3546823585669,34.725693240718456]]]},"properties":{"code":"282041720","name":"今津社前町","jinko":247,"addr_key":"28204|今津社前町","addr_key_town":"28204|今津社前町","n":[10,6],"w":[false,false],"neighbors":["282041670","282041730","282041740","282041750","282041760","282041770"]}},{"type":"Feature","geometry":{"type":"Polygon","coordinates":[[[135.35616560002475,34.724613902150715],[135.35470368633327,34.7235441501065],[135.35363630249415,34.72497873813511],[135.3546823585669,34.725693240718456],[135.35528683276695,34.72641581995365],[135.3565276403175,34.72556388934548],[135.35616560002475,34.724613902150715]]]},"properties":{"code":"282041730","name":"今津大東町","jinko":629,"addr_key":"28204|今津大東町","addr_key_town":"28204|今津大東町","n":[5,12],"w":[false,false],"neighbors":["282041670","282041710","282041720","282041770"]}},{"type":"Feature","geometry":{"type":"Polygon","coordinates":[[[135.3524773439497,34.726176316903995],[135.3523843673264,34.72616963199296],[135.35136745568227,34.726898362219934],[135.34923752698768,34.72819531762803],[135.35030505312915,34.72983945278476],[135.35403017846687,34.72728505374252],[135.3524773439497,34.726176316903995]]]},"properties":{"code":"282041740","name":"今津二葉町","jinko":506,"addr_key":"28204|今津2葉町","addr_key_town":"28204|今津2葉町","n":[6,null],"w":[false,false],"neighbors":["282041550","282041560","282041670","282041720","282041750"]}},{"type":"Feature","geometry":{"type":"Polygon","coordinates":[[[135.3523843673264,34.72616963199296],[135.35045053271094,34.72454571890338],[135.35006013071052,34.72483281440996],[135.34801526834218,34.723379951839284],[135.34707521424946,34.724696078315496],[135.34923752698768,34.72819531762803],[135.35136745568227,34.726898362219934],[135.3523843673264,34.72616963199296]]]},"properties":{"code":"282041750","name":"今津出在家町","jinko":262,"addr_key":"28204|今津出在家町","addr_key_town":"28204|今津出在家町","n":[26,7],"w":[false,false],"neighbors":["282041560","282041720","282041740","282041760","282041780"]}},{"type":"Feature","geometry":{"type":"Polygon","coordinates":[[[135.35167525054953,34.72362523644767],[135.34915695486896,34.721912258351956],[135.34801526834218,34.723379951839284],[135.35006013071052,34.72483281440996],[135.35167525054953,34.72362523644767]]]},"properties":{"code":"282041760","name":"今津港町","jinko":122,"addr_key":"28204|今津港町","addr_key_town":"28204|今津港町","n":[11,3],"w":[false,false],"neighbors":["282041720","282041750","282041770","282041780"]}},{"type":"Feature","geometry":{"type":"Polygon","coordinates":[[[135.35470368633327,34.7235441501065],[135.3522145327135,34.72170125792361],[135.34977836714236,34.72059681032317],[135.34941420786,34.72099876533999],[135.34827412714202,34.721487640320895],[135.3488270249951,34.72185684729247],[135.34884706514964,34.7219748573461],[135.34880527325578,34.72202380299429],[135.3489822530617,34.72214824673681],[135.34915695486896,34.721912258351985],[135.349217674893,34.7219459791989],[135.35363630249415,34.72497873813511],[135.35470368633327,34.7235441501065]]]},"properties":{"code":"282041770","name":"今津巽町","jinko":2868,"addr_key":"28204|今津巽町","addr_key_town":"28204|今津巽町","n":[25,5],"w":[false,false],"neighbors":["282041710","282041720","282041730","282041760","282041780","282041790"]}},{"type":"Feature","geometry":{"type":"Polygon","coordinates":[[[135.3481764621111,34.72316196803648],[135.3489822530617,34.72214824673681],[135.34880527325578,34.72202380299429],[135.348619928952,34.72224086314729],[135.34759048829895,34.721629282544725],[135.34746809259283,34.721615797906935],[135.34691295008432,34.72130675178172],[135.34654774245888,34.72081399303311],[135.34635472975572,34.7207453201625],[135.3457751929591,34.720407602569125],[135.34527727086555,34.720222452104785],[135.34575787105058,34.72042126943348],[135.34606915047016,34.72060530201731],[135.34601971787757,34.720671494720314],[135.34622016717756,34.72081137942839],[135.34540962849516,34.72158440507044],[135.3452665099178,34.7215784169417],[135.34521452527656,34.721526452727815],[135.34517639117442,34.721350983546294],[135.3448042836393,34.721403810696195],[135.345050855971,34.72261944740208],[135.3453872032383,34.723151890752995],[135.34625517806853,34.72430881490731],[135.34648860078406,34.72435405191657],[135.34688467946674,34.72481021488847],[135.34707521424946,34.72469607831553],[135.3481764621111,34.72316196803648]]]},"properties":{"code":"282041780","name":"今津西浜町","jinko":4,"addr_key":"28204|今津西浜町","addr_key_town":"28204|今津西浜町","n":[null,0],"w":[false,false],"neighbors":["282041320","282041330","282041420","282041560","282041750","282041760","282041770"]}},{"type":"Feature","geometry":{"type":"Polygon","coordinates":[[[135.34941420786,34.72099876533999],[135.35035671132115,34.7198958515366],[135.3505021674423,34.71982828786708],[135.3504715489623,34.719584860273564],[135.35034163800546,34.71958439937556],[135.34750272733925,34.71756515906761],[135.34597813535723,34.71856940727745],[135.34508062091453,34.71956826447746],[135.34533768396182,34.71971345588473],[135.3453241531813,34.7197721659279],[135.34554857296078,34.71990551511082],[135.34592429114363,34.72009985486037],[135.34607396299444,34.720104942446554],[135.346347779753,34.720266750984116],[135.34827412714202,34.721487640320895],[135.34941420786,34.72099876533999]]]},"properties":{"code":"282041790","name":"今津真砂町","jinko":2152,"addr_key":"28204|今津真砂町","addr_key_town":"28204|今津真砂町","n":[49,12],"w":[false,false],"neighbors":["282041700","282041710","282041770","28204258004","28204265003"]}},{"type":"Feature","geometry":{"type":"Polygon","coordinates":[[[135.3654170088843,34.72814517034335],[135.3640723303069,34.72634894633246],[135.3634340352646,34.726563808194435],[135.36448620182207,34.72820940662594],[135.36503655169165,34.72887267839119],[135.36596776180798,34.72970441860405],[135.3660906048672,34.729876205788855],[135.36629005868178,34.729952264776415],[135.36659452098345,34.73019265536076],[135.366753606537,34.73028088832312],[135.367420892384,34.73059087634563],[135.36781210090513,34.73069319163859],[135.36887582620116,34.730436518017314],[135.36712847297702,34.72951637823118],[135.36640990983162,34.72907456105666],[135.36597234452,34.728749377873086],[135.3654170088843,34.72814517034335]]]},"properties":{"code":"282041800","name":"甲子園三保町","jinko":460,"addr_key":"28204|甲子園3保町","addr_key_town":"28204|甲子園3保町","n":[11,null],"w":[false,false],"neighbors":["282041630","282041640","282041650","282042290","282042300","282042310","282042320","28204338001","28204338002","28204338003"]}},{"type":"Feature","geometry":{"type":"Polygon","coordinates":[[[135.31257235545206,34.75379339359965],[135.31315176963554,34.75378112592289],[135.31322395403942,34.75372293652001],[135.31325819109003,34.7535372997812],[135.313333391456,34.75348162137962],[135.31353171999632,34.75357017006771],[135.31363171500308,34.753561899821854],[135.31383964061115,34.753437543445145],[135.31390801086275,34.75331684611095],[135.31415741755933,34.75310693923186],[135.3144781851834,34.75302914006574],[135.31465907469627,34.75292753558562],[135.3146978693968,34.75287454408199],[135.31470264915478,34.7527667534479],[135.31464994952253,34.752416596518636],[135.3146734634413,34.75234879782223],[135.31474794413342,34.75228312363627],[135.3143855712974,34.75198898635747],[135.31432196508325,34.75183470204152],[135.31445391998298,34.751290370839584],[135.31407548911127,34.751376523362715],[135.3137848025705,34.75133534067189],[135.3133641180276,34.751650856760776],[135.31312067995103,34.751766343157094],[135.31316986097423,34.75185567035855],[135.31291554906684,34.75198251259126],[135.31267107218753,34.75282564999445],[135.3121466005667,34.753601878070185],[135.3123130892081,34.75372547573754],[135.31235805360845,34.75380455469868],[135.31234744094735,34.75395337974527],[135.31257235545206,34.75379339359965]]]},"properties":{"code":"282041820","name":"苦楽園六番町","jinko":184,"addr_key":"28204|苦楽園6番町","addr_key_town":"28204|苦楽園6番町","n":[0,0],"w":[false,false],"neighbors":["282040290","282040300","282040320"]}},{"type":"Feature","geometry":{"type":"Polygon","coordinates":[[[135.31642869516565,34.77139684414491],[135.3160968098251,34.77088893329045],[135.31593180614283,34.77051996408791],[135.3159554075363,34.77031525563958],[135.31621628358494,34.76961550736998],[135.31623958762918,34.769450522566615],[135.31582680586013,34.76843972041539],[135.31577864491257,34.768358274109296],[135.3156884006616,34.7683122396045],[135.31507914848592,34.76811249666484],[135.31497906997652,34.76804316006309],[135.31474342390212,34.76768264794935],[135.31474599684753,34.7675034633598],[135.31479611584655,34.76734713597691],[135.315069688992,34.76712083456842],[135.3152625769287,34.767064204344095],[135.31513593538065,34.76677704311095],[135.31397908102653,34.76727892955384],[135.3137249807944,34.76760056907203],[135.3137826268603,34.768280983883656],[135.3133212755572,34.76878049849249],[135.31268010192298,34.76928004949371],[135.31241416492253,34.76936684129711],[135.31224649370478,34.769376781885505],[135.31188280042863,34.76930899836491],[135.31126982735566,34.769314348222515],[135.31112622677463,34.76933198103212],[135.31092553620726,34.769407681236],[135.31095108677007,34.76946832408797],[135.3103509111268,34.76977710148666],[135.30924147326726,34.77092620083188],[135.3088237701369,34.771236182000656],[135.30840652022135,34.77130248476106],[135.30803146422454,34.77129182322838],[135.30787563572338,34.77158322680301],[135.30738702749866,34.772338162470575],[135.30824734215287,34.77238198601918],[135.30871906456954,34.77251990691842],[135.30982874152699,34.772669895910525],[135.3102670802057,34.772892869312095],[135.31058775515373,34.772988328399386],[135.31152924191568,34.77298076558052],[135.3123145539374,34.772880643941896],[135.31260267711227,34.77274944667444],[135.3128189780172,34.77260009278522],[135.31292166348064,34.772478414385574],[135.31296873091745,34.77233028127087],[135.31286662016663,34.77222644963955],[135.31335150852726,34.7718102710797],[135.31399080008472,34.77138073333962],[135.31413214066743,34.77135945257693],[135.3142794104735,34.77142812864078],[135.31459603680705,34.77150614410505],[135.31464850738868,34.77154065251231],[135.3147681304412,34.77174645953931],[135.31545255298542,34.77182685868264],[135.31564873515535,34.77190316726923],[135.31585242372273,34.77206533443411],[135.31598855171475,34.77229523363614],[135.3160103250101,34.772482955380994],[135.31592897268078,34.77275489381274],[135.3159392739083,34.772803123886916],[135.31667284681396,34.77315496492963],[135.3166530259046,34.77258565729661],[135.31655408473773,34.77181472619249],[135.31642869516565,34.77139684414491]]]},"properties":{"code":"282041830","name":"鷲林寺南町","jinko":520,"addr_key":"28204|鷲林寺南町","addr_key_town":"28204|鷲林寺南町","n":[0,null],"w":[false,false],"neighbors":["28204003000","282040040","282040060","282041860"]}},{"type":"Feature","geometry":{"type":"Polygon","coordinates":[[[135.31032049103467,34.765348817265505],[135.31035707740978,34.76524556015035],[135.3104670478465,34.765293271319116],[135.3111344709377,34.76599118585779],[135.31211494769295,34.76507987978164],[135.3123789727805,34.76488324006651],[135.3126850602997,34.76479401265205],[135.31259547812496,34.764572609073404],[135.312608406836,34.76448221883645],[135.3127857650818,34.76418105837851],[135.3127876513102,34.764102448254725],[135.3125689580327,34.76317458373635],[135.31256348285066,34.762625022076946],[135.3121483131828,34.76258934555538],[135.31192797456814,34.76260421658583],[135.31130465593967,34.762719654728315],[135.31102479260733,34.76281049915331],[135.3107617809471,34.76302036852418],[135.31063766430262,34.76326334974058],[135.31031880170443,34.76344127003508],[135.31007058506796,34.763538478259456],[135.30988774474824,34.76359994841517],[135.30931611369195,34.76368453491561],[135.30899630786755,34.76378245421632],[135.3084191520148,34.76388327693915],[135.30807053173305,34.76388987001781],[135.30742518344536,34.76408461967113],[135.3077437852127,34.764572800218936],[135.30821580480833,34.764652830070034],[135.30966077829248,34.765007051064124],[135.30997324892448,34.765856276534265],[135.31010558861053,34.76611438239467],[135.31019926865793,34.76622800245392],[135.31041842901513,34.766401604690216],[135.31062688371273,34.76636232305446],[135.310595940163,34.76611946081937],[135.31038232009757,34.765598192019525],[135.3104074390645,34.765593483109946],[135.31032049103467,34.765348817265505]]]},"properties":{"code":"282041840","name":"柏堂西町","jinko":450,"addr_key":"28204|柏堂西町","addr_key_town":"28204|柏堂西町","n":[0,null],"w":[false,false],"neighbors":["28204003000","282040050","282040280","282041860"]}},{"type":"Feature","geometry":{"type":"Polygon","coordinates":[[[135.31112622677463,34.76933198103212],[135.31188280042863,34.76930899836491],[135.31224649370478,34.769376781885505],[135.31241416492253,34.76936684129711],[135.31268010192298,34.76928004949371],[135.3133212755572,34.76878049849249],[135.3137826268603,34.768280983883656],[135.3137249807944,34.76760056907203],[135.31397908102653,34.76727892955384],[135.31513593538065,34.76677704311095],[135.3152625769287,34.767064204344095],[135.31588595805863,34.76709579521271],[135.31670929460228,34.76724182968453],[135.31695253057032,34.76725676651663],[135.3171809714564,34.76717576187056],[135.3174535491098,34.76692368607798],[135.3175069582857,34.7668073334902],[135.31751457489202,34.76658683778822],[135.31733836693311,34.76630162895122],[135.31655615707632,34.76559368908794],[135.31641262274954,34.76542934778168],[135.31626361852665,34.76540054913577],[135.31620081920687,34.765308375287866],[135.316014222784,34.76518269274555],[135.31576923802885,34.76509903233035],[135.31530275973137,34.765012510207754],[135.31499417011952,34.76500570350847],[135.31468375284447,34.76508229467676],[135.3145181181269,34.76518419873603],[135.31448408751288,34.76514982316654],[135.31423714745102,34.76537633209654],[135.3139972263565,34.76548235512256],[135.31376941942955,34.765667016972195],[135.31366087557882,34.76573282326805],[135.31345676041,34.76578531499529],[135.31345344638356,34.76609648398438],[135.31277601172147,34.7657947387832],[135.31148932602844,34.765659022392796],[135.3111344709377,34.76599118585779],[135.3104670478465,34.765293271319116],[135.31035707740978,34.76524556015035],[135.31032049103467,34.765348817265505],[135.3104074390645,34.765593483109946],[135.31038232009757,34.765598192019525],[135.3105463577264,34.76595337175066],[135.31062688371273,34.76636232305446],[135.31041842901513,34.766401604690216],[135.31049766866374,34.76665816388874],[135.31049228110277,34.766989773453275],[135.31064273398775,34.76721336537741],[135.31058996238932,34.76743478514176],[135.31049021554466,34.7675957350251],[135.31063015805148,34.76771658988379],[135.31058434875072,34.767747381734885],[135.3107375819925,34.768010953177864],[135.31018320676677,34.76842514139116],[135.31040491266418,34.76894395093887],[135.3107973141198,34.769202785089256],[135.3108822446468,34.76929760095483],[135.31092553620726,34.769407681236],[135.31112622677463,34.76933198103212]]]},"properties":{"code":"282041860","name":"剣谷町","jinko":555,"addr_key":"28204|剣谷町","addr_key_town":"28204|剣谷町","n":[0,null],"w":[false,false],"neighbors":["28204003000","282040050","282040060","282041830","282041840"]}},{"type":"Feature","geometry":{"type":"Polygon","coordinates":[[[135.33755423958692,34.72431088335753],[135.3370281779303,34.72324602123893],[135.3370621243101,34.7232529248448],[135.3370998558397,34.72321303222928],[135.33702631732783,34.72318392153426],[135.33700691716157,34.723202111316205],[135.33646512438943,34.72210498351752],[135.33652673346748,34.722050386130185],[135.3365166524308,34.722027933086174],[135.33642807504935,34.722017820434594],[135.33572932572736,34.72057309957256],[135.33597998810527,34.720443975942075],[135.33635104974152,34.72088261981021],[135.33696130469943,34.72051881443066],[135.3363648377202,34.720851800297574],[135.3359894809094,34.72041769931273],[135.33622684581272,34.72027516318272],[135.33634759166034,34.7204202282192],[135.3363768924503,34.720402801061596],[135.33624200482294,34.720266023123706],[135.3363753728715,34.72018561892796],[135.33648279996342,34.72031544113136],[135.3365077820173,34.72030072699352],[135.3363872264133,34.72017833784804],[135.3368663559804,34.719890409478644],[135.33693614291408,34.71997631577141],[135.33695679991177,34.71996346842758],[135.3368760889715,34.719883989640806],[135.3369964221229,34.71981171749667],[135.33707734362088,34.71991570657902],[135.33710012562452,34.71990199535269],[135.33700726252917,34.719805290126175],[135.3370603587519,34.71977329777917],[135.33713028404415,34.719863853801535],[135.3371540673827,34.719848303089826],[135.3370712008346,34.7197670101485],[135.33711996637678,34.71973674396836],[135.33721758707196,34.71986045465062],[135.33724248799962,34.71984573871704],[135.33713080844947,34.719730456333075],[135.3373096513652,34.71962248487663],[135.33749906780795,34.71984628975963],[135.33751965299567,34.7198344267272],[135.33732049340625,34.719616197226685],[135.3374039873913,34.71956592286706],[135.33756126156604,34.719755624390324],[135.33758192047387,34.71974291613361],[135.33741372916398,34.71956034752361],[135.33762288695883,34.719434235856454],[135.33770050288442,34.719532757305515],[135.33772328467091,34.71951904596762],[135.3376337272396,34.719427806787046],[135.33769444573204,34.719391243520015],[135.33775988199093,34.71947733053138],[135.3377837592356,34.719462622987706],[135.33770417461318,34.71938482530889],[135.33776379353654,34.71934925659038],[135.33783147306056,34.719437014172925],[135.3378510408537,34.719426005234276],[135.3377736205634,34.71934368216535],[135.3381638279966,34.71910887424506],[135.33867323872994,34.719703157435276],[135.33869703363305,34.71968859291282],[135.33817025537232,34.71910431344949],[135.3386006136588,34.718846492436896],[135.33911986946976,34.71944351082082],[135.33914484096474,34.71942794934035],[135.33861034638002,34.71884007302992],[135.33904721028168,34.71857768915837],[135.339561009231,34.71917475087432],[135.33958157043298,34.71916105765804],[135.33905695486655,34.71857225618487],[135.33948400186068,34.71831629161676],[135.33999356053394,34.718922401605404],[135.3400228604916,34.71890497283908],[135.33949594033902,34.71830900922865],[135.3399294849279,34.71804749472802],[135.34036916954838,34.71856769672437],[135.34039626340598,34.718551131919604],[135.33993813088782,34.718042915421435],[135.3402654561364,34.71784285371838],[135.34044473075093,34.71804589097237],[135.34071259319452,34.71807704688532],[135.3411366390314,34.715857671723256],[135.3405340482194,34.714597767742184],[135.3386659445364,34.715199390245],[135.3357814561727,34.71604110991022],[135.33362688277273,34.71662076101968],[135.33551685043264,34.72070021541015],[135.33620323115866,34.72211700963422],[135.33613810958812,34.72214909941502],[135.33615272579405,34.72217968497364],[135.3362279062128,34.72216821734172],[135.33676944896774,34.7232518253659],[135.33671994073686,34.72331266154529],[135.33673342467344,34.72334128397512],[135.3368186654293,34.72335057858653],[135.33732913143152,34.72438838423525],[135.33755423958692,34.72431088335753]]]},"properties":{"code":"28204191001","name":"西宮浜一丁目","jinko":0,"addr_key":"28204|西宮浜1","addr_key_town":"28204|西宮浜1","n":[3,null],"w":[false,false],"neighbors":["282041410","282041420","28204191002","28204191003"]}},{"type":"Feature","geometry":{"type":"Polygon","coordinates":[[[135.3405340482194,34.714597767742184],[135.3387889274945,34.71094597588108],[135.33454288115777,34.71072418071484],[135.33454166042907,34.71040317429473],[135.33444955204118,34.71040308699639],[135.3343174482816,34.71193361890961],[135.33272310964995,34.711891936632966],[135.33275410556053,34.714109368280205],[135.33284384171048,34.71461403376248],[135.33310628649687,34.71538815270153],[135.33362688277273,34.71662076101968],[135.3357814561727,34.71604110991022],[135.3386659445364,34.715199390245],[135.3405340482194,34.714597767742184]]]},"properties":{"code":"28204191002","name":"西宮浜二丁目","jinko":0,"addr_key":"28204|西宮浜2","addr_key_town":"28204|西宮浜2","n":[3,0],"w":[false,false],"neighbors":["28204191001","28204191003","28204191004"]}},{"type":"Feature","geometry":{"type":"Polygon","coordinates":[[[135.33467369074413,34.72121650692439],[135.33510391330523,34.720953361468005],[135.3351450573267,34.721012460594444],[135.33516996020083,34.72099788831355],[135.3351147537797,34.72094693348919],[135.33528384496506,34.72084369911899],[135.33533820439567,34.720916210782704],[135.33535877558796,34.72090350590356],[135.3352935779847,34.72083728027602],[135.33537275405524,34.7207897211186],[135.3354665514671,34.72087190826294],[135.335382487076,34.72078330336668],[135.33551685043264,34.720700215410154],[135.33361625963343,34.71659563448876],[135.332417474835,34.7167928201809],[135.3315937009318,34.71688240219685],[135.3301843274515,34.71693085467507],[135.3286382901053,34.716862931998634],[135.32790165039233,34.71677922519678],[135.32491500212612,34.71655018414621],[135.3249168329181,34.7169538648743],[135.33020363904168,34.72165248584142],[135.33026368463416,34.722106387204924],[135.33029748071976,34.722100617873636],[135.3302353017665,34.72164687485481],[135.33467369074413,34.72121650692439]]]},"properties":{"code":"28204191003","name":"西宮浜三丁目","jinko":143,"addr_key":"28204|西宮浜3","addr_key_town":"28204|西宮浜3","n":[16,6],"w":[false,false],"neighbors":["28204191001","28204191002","28204191004"]}},{"type":"Feature","geometry":{"type":"Polygon","coordinates":[[[135.33275410556053,34.714109368280226],[135.33272310964995,34.71189193663298],[135.3343174482816,34.711933618909626],[135.33444955204118,34.7104030869964],[135.33011115893754,34.71038731740347],[135.3301122734521,34.71048027447052],[135.32994956507724,34.71048160819759],[135.3299508280009,34.71058695952572],[135.32977515730676,34.710588399245026],[135.32977314844814,34.710420794330936],[135.32968906678235,34.71042148334936],[135.32968251931044,34.70960484381915],[135.32961599214892,34.709604401886764],[135.3296211716266,34.7104066856304],[135.3292555044114,34.71040968126381],[135.32925739414657,34.71056742648555],[135.32914389308,34.71056835607437],[135.3291420035525,34.71041061086632],[135.32885606749528,34.71041295228973],[135.3288518223344,34.70960263366081],[135.32879724563819,34.709603080532986],[135.32880149028577,34.7104133991256],[135.3282600685807,34.710417830539804],[135.3282581955758,34.709627213012084],[135.32820361885425,34.709627659616935],[135.32820549135826,34.71041827710822],[135.32769459600098,34.710422456230475],[135.32769056559235,34.70962917937257],[135.32763598886027,34.70962962572278],[135.32764001876637,34.71042290254511],[135.3271357775614,34.710427024904654],[135.3271284571989,34.70963645273803],[135.32707388045293,34.70963689883584],[135.32708120031478,34.71042747096852],[135.32656484700422,34.710431689949644],[135.32656312124283,34.70964473421983],[135.32650854448232,34.70964518006377],[135.32651026974523,34.71043213575727],[135.32602240149603,34.710436119760644],[135.32601289685616,34.70964021307515],[135.32595832008948,34.709640658672605],[135.32596782422533,34.710436565324834],[135.32547441286633,34.71044059238106],[135.3254746535148,34.70963925451943],[135.32541358396813,34.709638765754754],[135.32541326658952,34.71044109129675],[135.3249668558683,34.71044571990035],[135.32496898537877,34.70961633533852],[135.32530698883895,34.70921776857247],[135.3252531968985,34.70919116287866],[135.32490653752814,34.709600505228536],[135.32491500212612,34.71655018414621],[135.32790165039233,34.71677922519675],[135.3286382901053,34.716862931998634],[135.3301843274515,34.71693085467507],[135.3315937009318,34.71688240219685],[135.332417474835,34.7167928201809],[135.33361625963343,34.71659563448876],[135.33310628649687,34.71538815270155],[135.33284384171048,34.71461403376248],[135.33275410556053,34.714109368280226]]]},"properties":{"code":"28204191004","name":"西宮浜四丁目","jinko":6899,"addr_key":"28204|西宮浜4","addr_key_town":"28204|西宮浜4","n":[86,42],"w":[false,false],"neighbors":["28204191002","28204191003"]}},{"type":"Feature","geometry":{"type":"Polygon","coordinates":[[[135.37955580783947,34.73047499515884],[135.3778946016995,34.73034176595502],[135.37611980550884,34.73061881075176],[135.37649205707902,34.73255238443597],[135.37964029469805,34.73185887260112],[135.3795321278523,34.7311751059447],[135.37952259891472,34.73078445704216],[135.37955580783947,34.73047499515884]]]},"properties":{"code":"28204202001","name":"小曽根町一丁目","jinko":858,"addr_key":"28204|小曽根町1","addr_key_town":"28204|小曽根町1","n":[6,4],"w":[false,false],"neighbors":["28204202002","282042270","282043420"]}},{"type":"Feature","geometry":{"type":"Polygon","coordinates":[[[135.37789238635312,34.730355589280634],[135.37955580783947,34.73047499515884],[135.37963766542413,34.72995749683617],[135.37981123022212,34.729284692514966],[135.37849367035622,34.728800607770225],[135.37719230568186,34.728999939001774],[135.37715189456443,34.729056063626395],[135.37649643489183,34.7290912531976],[135.3759337396272,34.729231710073314],[135.37611980550884,34.73061881075176],[135.37789238635312,34.730355589280634]]]},"properties":{"code":"28204202002","name":"小曽根町二丁目","jinko":566,"addr_key":"28204|小曽根町2","addr_key_town":"28204|小曽根町2","n":[4,null],"w":[false,false],"neighbors":["28204202001","28204202003","28204218001","282042270"]}},{"type":"Feature","geometry":{"type":"Polygon","coordinates":[[[135.37992796431809,34.72897634584549],[135.38047876015716,34.728028167688386],[135.37933343459534,34.72745541425217],[135.37736487212734,34.72751355612544],[135.37699040138472,34.72767691696276],[135.37575758870335,34.727791133513826],[135.3759337396272,34.729231710073314],[135.37649643489183,34.7290912531976],[135.37715189456443,34.729056063626395],[135.37719230568186,34.728999939001774],[135.3784936703562,34.7288006077702],[135.37981123022212,34.729284692514966],[135.37992796431809,34.72897634584549]]]},"properties":{"code":"28204202003","name":"小曽根町三丁目","jinko":619,"addr_key":"28204|小曽根町3","addr_key_town":"28204|小曽根町3","n":[3,null],"w":[false,false],"neighbors":["28204202002","28204202004","28204218001","282042270"]}},{"type":"Feature","geometry":{"type":"Polygon","coordinates":[[[135.38070893920803,34.7276991218982],[135.38099951046297,34.72736335813157],[135.38128676982973,34.72710988368656],[135.38013247128478,34.72653552400045],[135.3756730386235,34.72672274839796],[135.37575758870335,34.727791133513826],[135.37699040138472,34.72767691696276],[135.37736487212734,34.72751355612544],[135.37933343459534,34.72745541425217],[135.38047876015716,34.728028167688386],[135.38070893920803,34.7276991218982]]]},"properties":{"code":"28204202004","name":"小曽根町四丁目","jinko":556,"addr_key":"28204|小曽根町4","addr_key_town":"28204|小曽根町4","n":[6,3],"w":[false,false],"neighbors":["28204202003","28204206001","28204208001","28204218001","28204218002"]}},{"type":"Feature","geometry":{"type":"Polygon","coordinates":[[[135.3795149825265,34.72656321860245],[135.37963264940848,34.72513039860406],[135.37558711231188,34.72525884813875],[135.3756730386235,34.72672274839796],[135.3795149825265,34.72656321860245]]]},"properties":{"code":"28204206001","name":"小松北町一丁目","jinko":1367,"addr_key":"28204|小松北町1","addr_key_town":"28204|小松北町1","n":[25,6],"w":[false,false],"neighbors":["28204202004","28204206002","28204208001","28204218002","28204221001"]}},{"type":"Feature","geometry":{"type":"Polygon","coordinates":[[[135.37963264940848,34.72513039860406],[135.3797180921089,34.72412591968316],[135.37816280382685,34.72421165171503],[135.3766160683084,34.72435391614761],[135.37662196056078,34.72402848590667],[135.37553788170294,34.724217768421695],[135.37558711231188,34.72525884813875],[135.37963264940848,34.72513039860406]]]},"properties":{"code":"28204206002","name":"小松北町二丁目","jinko":713,"addr_key":"28204|小松北町2","addr_key_town":"28204|小松北町2","n":[9,5],"w":[false,false],"neighbors":["28204206001","28204208001","28204208002","28204211001","28204213001","28204218002","28204221001"]}},{"type":"Feature","geometry":{"type":"Polygon","coordinates":[[[135.381875595611,34.72660210471146],[135.3828011931777,34.72543996377903],[135.38329591117397,34.724668742799025],[135.3820079159261,34.724184429991716],[135.3808004887204,34.72423030050813],[135.3797180921089,34.72412591968316],[135.3795149825265,34.72656321860245],[135.38013247128478,34.72653552400045],[135.38128676982973,34.72710988368656],[135.381875595611,34.72660210471146]]]},"properties":{"code":"28204208001","name":"小松東町一丁目","jinko":275,"addr_key":"28204|小松東町1","addr_key_town":"28204|小松東町1","n":[0,null],"w":[false,false],"neighbors":["28204202004","28204206001","28204206002","28204208002","28204211001"]}},{"type":"Feature","geometry":{"type":"Polygon","coordinates":[[[135.38357802159567,34.724177964089264],[135.38403986250495,34.72324968685592],[135.38264087749744,34.72295860506607],[135.38149651659305,34.7228839287621],[135.37982133464607,34.722828163580964],[135.3797180921089,34.72412591968316],[135.3808004887204,34.72423030050813],[135.3820079159261,34.724184429991716],[135.38329591117397,34.724668742799025],[135.38357802159567,34.724177964089264]]]},"properties":{"code":"28204208002","name":"小松東町二丁目","jinko":814,"addr_key":"28204|小松東町2","addr_key_town":"28204|小松東町2","n":[5,null],"w":[false,false],"neighbors":["28204206002","28204208001","28204208003","28204211001","28204211002"]}},{"type":"Feature","geometry":{"type":"Polygon","coordinates":[[[135.3842311225351,34.72242881897915],[135.38414860423762,34.72134662537981],[135.38237844069985,34.721413551719586],[135.3799026164735,34.72165624069977],[135.37982133464607,34.722828163580964],[135.38149651659305,34.7228839287621],[135.38264087749744,34.72295860506607],[135.38403986250495,34.72324968685592],[135.38416677275904,34.72285757681944],[135.3842311225351,34.72242881897915]]]},"properties":{"code":"28204208003","name":"小松東町三丁目","jinko":1090,"addr_key":"28204|小松東町3","addr_key_town":"28204|小松東町3","n":[null,null],"w":[false,false],"neighbors":["28204208002","28204211001","28204211002","28204215001","28204215002"]}},{"type":"Feature","geometry":{"type":"Polygon","coordinates":[[[135.3797180921089,34.72412591968316],[135.37982133464607,34.722828163580964],[135.3793734884457,34.72281200275997],[135.37866037568403,34.72282374952468],[135.37844436408588,34.72288856339039],[135.3783673525332,34.72297092025244],[135.3778035569783,34.722843906284105],[135.37773806333584,34.72287897701385],[135.37746023142589,34.72286417066397],[135.37667582460975,34.72299258247516],[135.3766160683084,34.72435391614761],[135.37816280382685,34.72421165171503],[135.3797180921089,34.72412591968316]]]},"properties":{"code":"28204211001","name":"小松町一丁目","jinko":772,"addr_key":"28204|小松町1","addr_key_town":"28204|小松町1","n":[4,4],"w":[false,false],"neighbors":["28204206002","28204208001","28204208002","28204208003","28204211002","28204213001"]}},{"type":"Feature","geometry":{"type":"Polygon","coordinates":[[[135.37667582460975,34.72299258247516],[135.37746023142589,34.72286417066397],[135.37773806333584,34.72287897701385],[135.3778035569783,34.722843906284105],[135.3783673525332,34.72297092025244],[135.37844436408588,34.72288856339039],[135.37866037568403,34.72282374952468],[135.37982133464607,34.722828163580964],[135.3799026164735,34.72165624069977],[135.37671364068356,34.72199653906142],[135.37667582460975,34.72299258247516]]]},"properties":{"code":"28204211002","name":"小松町二丁目","jinko":462,"addr_key":"28204|小松町2","addr_key_town":"28204|小松町2","n":[4,7],"w":[false,false],"neighbors":["28204208002","28204208003","28204211001","28204213001","28204213002","28204215002","28204215003"]}},{"type":"Feature","geometry":{"type":"Polygon","coordinates":[[[135.37662196056078,34.72402848590667],[135.37671364068356,34.72199653906142],[135.37535494886308,34.722153233643525],[135.37553788170294,34.724217768421695],[135.37662196056078,34.72402848590667]]]},"properties":{"code":"28204213001","name":"小松西町一丁目","jinko":325,"addr_key":"28204|小松西町1","addr_key_town":"28204|小松西町1","n":[7,6],"w":[false,false],"neighbors":["28204206002","28204211001","28204211002","28204213002","28204215003","28204221001","28204223001"]}},{"type":"Feature","geometry":{"type":"Polygon","coordinates":[[[135.37671364068356,34.72199653906142],[135.37670522777006,34.719112542962534],[135.37493726168276,34.71916764990845],[135.3751652272393,34.7199001466864],[135.37525252053842,34.72042677236661],[135.37535494886308,34.722153233643525],[135.37671364068356,34.72199653906142]]]},"properties":{"code":"28204213002","name":"小松西町二丁目","jinko":1219,"addr_key":"28204|小松西町2","addr_key_town":"28204|小松西町2","n":[8,4],"w":[false,false],"neighbors":["28204211002","28204213001","28204215003","28204221001","28204223001","282042370","28204247001"]}},{"type":"Feature","geometry":{"type":"Polygon","coordinates":[[[135.38388525372284,34.720473329147204],[135.38275626344313,34.71820958769435],[135.38122700121963,34.718747146784295],[135.38056335392903,34.71892483261186],[135.37960355291935,34.718993352927285],[135.3799383903809,34.72165227210156],[135.38237844069985,34.721413551719586],[135.38414860423762,34.72134662537981],[135.38406621852485,34.7209832203498],[135.38388525372284,34.720473329147204]]]},"properties":{"code":"28204215001","name":"小松南町一丁目","jinko":1104,"addr_key":"28204|小松南町1","addr_key_town":"28204|小松南町1","n":[22,6],"w":[false,false],"neighbors":["28204208003","28204215002","282042360"]}},{"type":"Feature","geometry":{"type":"Polygon","coordinates":[[[135.3799383903809,34.72165227210156],[135.37960355291935,34.718993352927285],[135.3784972809661,34.719053541838996],[135.378503733294,34.72181077946809],[135.3799383903809,34.72165227210156]]]},"properties":{"code":"28204215002","name":"小松南町二丁目","jinko":255,"addr_key":"28204|小松南町2","addr_key_town":"28204|小松南町2","n":[4,0],"w":[false,false],"neighbors":["28204208003","28204211002","28204215001","28204215003","282042360","282042370"]}},{"type":"Feature","geometry":{"type":"Polygon","coordinates":[[[135.378503733294,34.72181077946809],[135.3784972809661,34.719053541838996],[135.37670522777006,34.719112542962534],[135.37671364068356,34.72199653906142],[135.378503733294,34.72181077946809]]]},"properties":{"code":"28204215003","name":"小松南町三丁目","jinko":851,"addr_key":"28204|小松南町3","addr_key_town":"28204|小松南町3","n":[3,null],"w":[false,false],"neighbors":["28204211002","28204213001","28204213002","28204215002","282042370"]}},{"type":"Feature","geometry":{"type":"Polygon","coordinates":[[[135.3759337396272,34.729231710073314],[135.37571197080976,34.727242038426155],[135.37201512190745,34.728441155600265],[135.37277544191238,34.7300159181166],[135.3759337396272,34.729231710073314]]]},"properties":{"code":"28204218001","name":"若草町一丁目","jinko":1430,"addr_key":"28204|若草町1","addr_key_town":"28204|若草町1","n":[6,null],"w":[false,false],"neighbors":["28204202002","28204202003","28204202004","28204218002","282042270","282042280","282042290"]}},{"type":"Feature","geometry":{"type":"Polygon","coordinates":[[[135.37558711231188,34.72525884813875],[135.3754846538737,34.72524422878835],[135.37442736789797,34.72550370363534],[135.3711396605079,34.72658550399627],[135.37201512190745,34.728441155600265],[135.37571197080976,34.727242038426155],[135.37558711231188,34.72525884813875]]]},"properties":{"code":"28204218002","name":"若草町二丁目","jinko":1837,"addr_key":"28204|若草町2","addr_key_town":"28204|若草町2","n":[9,7],"w":[false,false],"neighbors":["28204202004","28204206001","28204206002","28204218001","282042200","28204221001","28204221002","282042290","282042300"]}},{"type":"Feature","geometry":{"type":"Polygon","coordinates":[[[135.3711396605079,34.72658550399627],[135.36984470997268,34.72390109097484],[135.36745102457732,34.72500339263816],[135.36875650057368,34.727366584325694],[135.3711396605079,34.72658550399627]]]},"properties":{"code":"282042200","name":"花園町","jinko":1355,"addr_key":"28204|花園町","addr_key_town":"28204|花園町","n":[11,3],"w":[false,false],"neighbors":["28204218002","28204221002","282042260","282042300","282042310","282042320"]}},{"type":"Feature","geometry":{"type":"Polygon","coordinates":[[[135.37553788170294,34.724217768421695],[135.37535494886308,34.722153233643525],[135.37379760884045,34.72231794686746],[135.3733149845237,34.72239868849576],[135.3728027868861,34.72256334979567],[135.37140840499745,34.723189946418685],[135.3743000390659,34.725553385784146],[135.37558610302136,34.72523970015512],[135.37553788170294,34.724217768421695]]]},"properties":{"code":"28204221001","name":"学文殿町一丁目","jinko":959,"addr_key":"28204|学文殿町1","addr_key_town":"28204|学文殿町1","n":[10,7],"w":[false,false],"neighbors":["28204206001","28204206002","28204213001","28204213002","28204218002","28204221002","28204223001","28204223002","28204223003","282042260"]}},{"type":"Feature","geometry":{"type":"Polygon","coordinates":[[[135.3743000390659,34.725553385784146],[135.37140840499745,34.723189946418685],[135.36984470997268,34.72390109097484],[135.3711396605079,34.72658550399627],[135.3743000390659,34.725553385784146]]]},"properties":{"code":"28204221002","name":"学文殿町二丁目","jinko":405,"addr_key":"28204|学文殿町2","addr_key_town":"28204|学文殿町2","n":[3,0],"w":[false,false],"neighbors":["28204218002","282042200","28204221001","282042260","282042300"]}},{"type":"Feature","geometry":{"type":"Polygon","coordinates":[[[135.3751652272393,34.7199001466864],[135.37493726168276,34.71916764990845],[135.37330440170243,34.71922298862917],[135.37353754173978,34.719818106718336],[135.37406357711416,34.72229145080235],[135.37535494886308,34.722153233643525],[135.37525252053842,34.72042677236661],[135.3751652272393,34.7199001466864]]]},"properties":{"code":"28204223001","name":"里中町一丁目","jinko":709,"addr_key":"28204|里中町1","addr_key_town":"28204|里中町1","n":[11,6],"w":[false,false],"neighbors":["28204213001","28204213002","28204221001","28204223002","282042370","28204247001"]}},{"type":"Feature","geometry":{"type":"Polygon","coordinates":[[[135.3735124607819,34.719736058332515],[135.37330440170243,34.71922298862917],[135.37162873061985,34.719299815621696],[135.37162869777382,34.71951561338683],[135.37176025680162,34.720071166515474],[135.3728027868861,34.72256334979567],[135.3733149845237,34.72239868849576],[135.37406357711416,34.72229145080235],[135.3735124607819,34.719736058332515]]]},"properties":{"code":"28204223002","name":"里中町二丁目","jinko":922,"addr_key":"28204|里中町2","addr_key_town":"28204|里中町2","n":[23,5],"w":[false,false],"neighbors":["28204221001","28204223001","28204223003","28204247001","28204247003"]}},{"type":"Feature","geometry":{"type":"Polygon","coordinates":[[[135.37162869777382,34.71951561338683],[135.37162873061985,34.719299815621696],[135.37080307303702,34.71934757092666],[135.36983159256124,34.71967785948074],[135.3695650918516,34.71979803011308],[135.36940424670553,34.71990941250593],[135.37004033811067,34.720842245843535],[135.37145692034002,34.72316784025247],[135.3728027868861,34.72256334979567],[135.37194083666105,34.720542625497245],[135.37176025680162,34.720071166515474],[135.37162869777382,34.71951561338683]]]},"properties":{"code":"28204223003","name":"里中町三丁目","jinko":1089,"addr_key":"28204|里中町3","addr_key_town":"28204|里中町3","n":[26,7],"w":[false,false],"neighbors":["28204221001","28204223002","282042260","28204247001","28204247003","28204247005"]}},{"type":"Feature","geometry":{"type":"Polygon","coordinates":[[[135.37004033811067,34.720842245843556],[135.36940424670553,34.71990941250593],[135.36906681141195,34.72007286457712],[135.36851904047288,34.72038107615542],[135.36783758869274,34.72087227003433],[135.36599714590028,34.72234747776314],[135.36745102457732,34.72500339263816],[135.37145692034002,34.72316784025247],[135.37004033811067,34.720842245843556]]]},"properties":{"code":"282042260","name":"上鳴尾町","jinko":2026,"addr_key":"28204|上鳴尾町","addr_key_town":"28204|上鳴尾町","n":[29,10],"w":[false,false],"neighbors":["282042200","28204221001","28204221002","28204223003","282042310","282042320","282042330","28204247003","28204247005"]}},{"type":"Feature","geometry":{"type":"Polygon","coordinates":[[[135.37649205707902,34.73255238443597],[135.37610085454247,34.73051586682456],[135.3759337396272,34.729231710073314],[135.37277544191238,34.7300159181166],[135.37379627043543,34.73219300635481],[135.37384927407962,34.732249740642516],[135.3743403691373,34.732527257899825],[135.37419038971507,34.73310491930783],[135.37649205707902,34.73255238443597]]]},"properties":{"code":"282042270","name":"甲子園一番町","jinko":1433,"addr_key":"28204|甲子園1番町","addr_key_town":"28204|甲子園1番町","n":[15,6],"w":[false,false],"neighbors":["28204202001","28204202002","28204202003","28204218001","282042280","282042290","282043420"]}},{"type":"Feature","geometry":{"type":"Polygon","coordinates":[[[135.37384927407962,34.732249740642516],[135.37379627043543,34.73219300635481],[135.37277544191238,34.7300159181166],[135.3715616254825,34.730301927587576],[135.3708957701404,34.73057833296664],[135.37031287610745,34.73126166344017],[135.37371635519048,34.73321559463606],[135.37419038971507,34.73310491930783],[135.3743403691373,34.732527257899825],[135.37384927407962,34.732249740642516]]]},"properties":{"code":"282042280","name":"甲子園二番町","jinko":793,"addr_key":"28204|甲子園2番町","addr_key_town":"28204|甲子園2番町","n":[11,4],"w":[false,false],"neighbors":["28204218001","282042270","282042290","28204332002","28204338001","282043420"]}},{"type":"Feature","geometry":{"type":"Polygon","coordinates":[[[135.37031287610745,34.73126166344017],[135.3708957701404,34.73057833296664],[135.3715616254825,34.730301927587576],[135.37277544191238,34.7300159181166],[135.3718010165089,34.72798463448649],[135.36712847297702,34.72951637823118],[135.36887582620116,34.730436518017314],[135.37031287610745,34.73126166344017]]]},"properties":{"code":"282042290","name":"甲子園三番町","jinko":1372,"addr_key":"28204|甲子園3番町","addr_key_town":"28204|甲子園3番町","n":[10,9],"w":[false,false],"neighbors":["282041800","28204218001","28204218002","282042270","282042280","282042300","28204338001"]}},{"type":"Feature","geometry":{"type":"Polygon","coordinates":[[[135.3718010165089,34.72798463448649],[135.3711396605079,34.72658550399627],[135.36875650057368,34.727366584325694],[135.36784594092737,34.72773365893688],[135.36754489560428,34.727725936579546],[135.36677025440926,34.72797268130602],[135.36586937208452,34.728645596624766],[135.36640990983162,34.72907456105666],[135.36712847297702,34.72951637823118],[135.3718010165089,34.72798463448649]]]},"properties":{"code":"282042300","name":"甲子園四番町","jinko":1623,"addr_key":"28204|甲子園4番町","addr_key_town":"28204|甲子園4番町","n":[7,5],"w":[false,false],"neighbors":["282041800","28204218002","282042200","28204221002","282042290","282042310"]}},{"type":"Feature","geometry":{"type":"Polygon","coordinates":[[[135.36677025440926,34.72797268130602],[135.36754489560428,34.727725936579546],[135.36784594092737,34.72773365893688],[135.36875650057368,34.727366584325694],[135.36745102457732,34.72500339263816],[135.3663312614852,34.72549548577277],[135.3640723303069,34.72634894633246],[135.3654170088843,34.72814517034335],[135.36586937208452,34.728645596624766],[135.36677025440926,34.72797268130602]]]},"properties":{"code":"282042310","name":"甲子園五番町","jinko":1655,"addr_key":"28204|甲子園5番町","addr_key_town":"28204|甲子園5番町","n":[25,3],"w":[false,false],"neighbors":["282041650","282041800","282042200","282042260","282042300","282042320"]}},{"type":"Feature","geometry":{"type":"Polygon","coordinates":[[[135.36745102457732,34.72500339263816],[135.36599714590028,34.72234747776314],[135.36531932882482,34.72285933267627],[135.36493961371698,34.72307496703736],[135.3642287816854,34.723367356634455],[135.36364766210087,34.72355497269191],[135.36333328432644,34.723729763697236],[135.36335824921343,34.72398196899832],[135.3633051494888,34.724239764791164],[135.3636351771184,34.72551187126164],[135.3640723303069,34.72634894633246],[135.3663312614852,34.72549548577277],[135.36745102457732,34.72500339263816]]]},"properties":{"code":"282042320","name":"甲子園六番町","jinko":1326,"addr_key":"28204|甲子園6番町","addr_key_town":"28204|甲子園6番町","n":[56,7],"w":[false,false],"neighbors":["282041650","282041680","282041800","282042200","282042260","282042310","282042330"]}},{"type":"Feature","geometry":{"type":"Polygon","coordinates":[[[135.36783758869274,34.72087227003433],[135.36638749896517,34.71855704450075],[135.3626769289935,34.72010499759162],[135.36306242802772,34.7207691176408],[135.3632574926688,34.72121567484942],[135.36331836507136,34.721474478744454],[135.36337360148693,34.72203560960341],[135.36330959953307,34.7230168019565],[135.36323253355076,34.72343298427731],[135.36333328432644,34.723729763697236],[135.36364766210087,34.72355497269191],[135.36467509716093,34.72319820631478],[135.36531932882482,34.72285933267627],[135.36783758869274,34.72087227003433]]]},"properties":{"code":"282042330","name":"甲子園七番町","jinko":2206,"addr_key":"28204|甲子園7番町","addr_key_town":"28204|甲子園7番町","n":[144,13],"w":[false,false],"neighbors":["282041650","282041680","282042260","282042320","282042340","28204247005","282042540"]}},{"type":"Feature","geometry":{"type":"Polygon","coordinates":[[[135.36637016820893,34.71771879529383],[135.3652237346651,34.71582284054164],[135.36111307586768,34.71755092558859],[135.36153997920863,34.71819273378365],[135.3626769289935,34.72010499759162],[135.36638749896517,34.71855704450075],[135.36596754839746,34.71789448676157],[135.36637016820893,34.71771879529383]]]},"properties":{"code":"282042340","name":"甲子園八番町","jinko":399,"addr_key":"28204|甲子園8番町","addr_key_town":"28204|甲子園8番町","n":[164,23],"w":[false,false],"neighbors":["282042330","282042350","28204247005","282042540"]}},{"type":"Feature","geometry":{"type":"Polygon","coordinates":[[[135.36049296211738,34.7178863391527],[135.36111307586768,34.71755092558859],[135.36648788589804,34.7152914881177],[135.3660252709028,34.71453674756288],[135.36561923419515,34.71378363857911],[135.36520994460182,34.71288504807256],[135.36523642249747,34.712840170813],[135.36519284323603,34.712757997520015],[135.36365029769303,34.71332747555117],[135.3626280644886,34.71344783631716],[135.3625861859456,34.7133994529641],[135.3594614542355,34.714629233990195],[135.35893318413693,34.71375375464477],[135.35777337897545,34.71475436025801],[135.35856051624765,34.71571371993553],[135.35872698977886,34.716058262578365],[135.35891966069767,34.71604395683671],[135.36049296211738,34.7178863391527]]]},"properties":{"code":"282042350","name":"甲子園九番町","jinko":3386,"addr_key":"28204|甲子園9番町","addr_key_town":"28204|甲子園9番町","n":[30,9],"w":[false,false],"neighbors":["282042340","28204247005","282042520","282042530","282042540","28204255001","28204258001"]}},{"type":"Feature","geometry":{"type":"Polygon","coordinates":[[[135.3819008917453,34.716245616030804],[135.38143812206727,34.71495551592592],[135.37740993491929,34.715922948832315],[135.37853035129848,34.71905170970411],[135.38056335392903,34.71892483261186],[135.38122700121963,34.718747146784295],[135.38275626344313,34.71820958769435],[135.3819008917453,34.716245616030804]]]},"properties":{"code":"282042360","name":"武庫川町","jinko":363,"addr_key":"28204|武庫川町","addr_key_town":"28204|武庫川町","n":[49,8],"w":[false,false],"neighbors":["28204215001","28204215002","282042370","28204238001","282042400"]}},{"type":"Feature","geometry":{"type":"Polygon","coordinates":[[[135.37853035129848,34.71905170970411],[135.37740993491929,34.715922948832315],[135.37404453839602,34.716719937575505],[135.37493726168276,34.71916764990845],[135.37853035129848,34.71905170970411]]]},"properties":{"code":"282042370","name":"池開町","jinko":558,"addr_key":"28204|池開町","addr_key_town":"28204|池開町","n":[38,17],"w":[false,false],"neighbors":["28204213002","28204215002","28204215003","28204223001","282042360","28204238001","282042400","28204247001"]}},{"type":"Feature","geometry":{"type":"Polygon","coordinates":[[[135.38143812206727,34.71495551592592],[135.3803022118038,34.71130531053039],[135.37610684639228,34.71227835321958],[135.37740993491929,34.715922948832315],[135.38143812206727,34.71495551592592]]]},"properties":{"code":"28204238001","name":"東鳴尾町一丁目","jinko":1514,"addr_key":"28204|東鳴尾町1","addr_key_town":"28204|東鳴尾町1","n":[22,6],"w":[false,false],"neighbors":["282042360","282042370","28204238002","282042400"]}},{"type":"Feature","geometry":{"type":"Polygon","coordinates":[[[135.3803022118038,34.71130531053039],[135.37915876590472,34.708071082549715],[135.37499295481413,34.709103411009536],[135.37610684639228,34.71227835321958],[135.3803022118038,34.71130531053039]]]},"properties":{"code":"28204238002","name":"東鳴尾町二丁目","jinko":2125,"addr_key":"28204|東鳴尾町2","addr_key_town":"28204|東鳴尾町2","n":[12,8],"w":[false,false],"neighbors":["28204238001","282042400","282042410","282042420"]}},{"type":"Feature","geometry":{"type":"Polygon","coordinates":[[[135.37740993491929,34.715922948832315],[135.37561904784874,34.710880813964515],[135.3722735870885,34.71166110171841],[135.37404453839602,34.716719937575505],[135.37740993491929,34.715922948832315]]]},"properties":{"code":"282042400","name":"笠屋町","jinko":2808,"addr_key":"28204|笠屋町","addr_key_town":"28204|笠屋町","n":[35,14],"w":[false,false],"neighbors":["282042360","282042370","28204238001","28204238002","282042420","282042430","28204247001","28204247002"]}},{"type":"Feature","geometry":{"type":"Polygon","coordinates":[[[135.37915876590472,34.708071082549715],[135.37629797834492,34.70221231372255],[135.3749273402814,34.703825880205244],[135.37474902170243,34.70415250858778],[135.37380508313723,34.70525687578111],[135.37456121775168,34.70671103254575],[135.3751659719003,34.70800603170224],[135.374669744845,34.70816521038517],[135.37499295481413,34.709103411009536],[135.37915876590472,34.708071082549715]]]},"properties":{"code":"282042410","name":"上田東町","jinko":1331,"addr_key":"28204|上田東町","addr_key_town":"28204|上田東町","n":[43,7],"w":[false,false],"neighbors":["28204238002","282042420","28204244001"]}},{"type":"Feature","geometry":{"type":"Polygon","coordinates":[[[135.37428368557968,34.706170656394846],[135.37380508313723,34.70525687578111],[135.37343084346037,34.705690395278964],[135.37111886824354,34.7081346246083],[135.3716976701021,34.709730858112465],[135.3722735870885,34.71166110171841],[135.37561904784874,34.710880813964515],[135.374669744845,34.70816521038517],[135.3751659719003,34.70800603170224],[135.37428368557968,34.706170656394846]]]},"properties":{"code":"282042420","name":"上田中町","jinko":2815,"addr_key":"28204|上田中町","addr_key_town":"28204|上田中町","n":[23,22],"w":[false,false],"neighbors":["28204238002","282042400","282042410","282042430","28204244001"]}},{"type":"Feature","geometry":{"type":"Polygon","coordinates":[[[135.3720390345249,34.71089540607879],[135.3716976701021,34.709730858112465],[135.37109258486947,34.708044415152386],[135.37007491943288,34.70912689301653],[135.36930649420495,34.70987888665405],[135.368942825894,34.71038444010299],[135.36933065328583,34.71077019410345],[135.36936640870712,34.710744675091824],[135.36967143936513,34.711049434272915],[135.3696465833123,34.71106683187543],[135.36971064462978,34.711129391713015],[135.36966419276087,34.71116584836722],[135.3701129337696,34.71160728583719],[135.37014462429218,34.71169998316784],[135.3701089166599,34.711722825329815],[135.37082221131277,34.71350904306162],[135.3727534988448,34.713059561701236],[135.3720390345249,34.71089540607879]]]},"properties":{"code":"282042430","name":"上田西町","jinko":1085,"addr_key":"28204|上田西町","addr_key_town":"28204|上田西町","n":[27,13],"w":[false,false],"neighbors":["282042400","282042420","28204244001","28204244002","28204247002","282042520"]}},{"type":"Feature","geometry":{"type":"Polygon","coordinates":[[[135.37400842792277,34.69675534577323],[135.37341456126163,34.695380629653144],[135.37218886125336,34.69655089478893],[135.3701022360026,34.69891682027266],[135.36693487522228,34.70271008184327],[135.36647079312448,34.70313577105875],[135.36924009479526,34.70506325025612],[135.36993776779158,34.705616800444645],[135.37019954071056,34.70590769953753],[135.3704917127139,34.70637920595317],[135.37111886824354,34.7081346246083],[135.3735760776449,34.705527026421755],[135.37474902170243,34.70415250858778],[135.3749273402814,34.703825880205244],[135.37629797834492,34.70221231372255],[135.37589565097937,34.70139649015442],[135.37400842792277,34.69675534577323]]]},"properties":{"code":"28204244001","name":"高須町一丁目","jinko":11634,"addr_key":"28204|高須町1","addr_key_town":"28204|高須町1","n":[166,101],"w":[false,false],"neighbors":["282042410","282042420","282042430","28204244002","28204271001"]}},{"type":"Feature","geometry":{"type":"Polygon","coordinates":[[[135.37109258486947,34.708044415152386],[135.3704917127139,34.70637920595317],[135.37019954071056,34.70590769953753],[135.36993776779158,34.705616800444645],[135.36924009479526,34.70506325025612],[135.36647079312448,34.703135771058776],[135.36587816484567,34.70360748629444],[135.36404091775702,34.70494268131753],[135.3638762304421,34.70510001136664],[135.3638148907658,34.70530463974833],[135.36374454327031,34.70534650811586],[135.36418966372798,34.705721224595464],[135.36416483586876,34.70574763489488],[135.36419931284647,34.70579777101137],[135.36465211248662,34.70622045389922],[135.36468352638303,34.70620215696281],[135.36528441872196,34.706682881851485],[135.3657291434142,34.70706590803917],[135.36570755997874,34.70708595343389],[135.3658145958908,34.70718237822688],[135.36583415677165,34.7071713656661],[135.3659842230232,34.70730616251455],[135.36596477931204,34.70731985046374],[135.3671913288811,34.70860308874058],[135.3687574706416,34.71014937197108],[135.36880120265104,34.71024365834573],[135.368942825894,34.71038444010299],[135.36930649420495,34.70987888665405],[135.37007491943288,34.70912689301653],[135.37109258486947,34.708044415152386]]]},"properties":{"code":"28204244002","name":"高須町二丁目","jinko":6391,"addr_key":"28204|高須町2","addr_key_town":"28204|高須町2","n":[88,62],"w":[false,false],"neighbors":["282042430","28204244001","28204271001"]}},{"type":"Feature","geometry":{"type":"Polygon","coordinates":[[[135.37493726168276,34.71916764990845],[135.37353802961252,34.71526480498715],[135.37196432327053,34.71565923938006],[135.3720231692271,34.71582255697632],[135.37014729664114,34.71659047762578],[135.37085420621767,34.71769090299854],[135.37162873061985,34.719299815621696],[135.37493726168276,34.71916764990845]]]},"properties":{"code":"28204247001","name":"鳴尾町一丁目","jinko":1528,"addr_key":"28204|鳴尾町1","addr_key_town":"28204|鳴尾町1","n":[66,10],"w":[false,false],"neighbors":["28204213002","28204223001","28204223002","28204223003","282042370","282042400","28204247002","28204247003","28204247004"]}},{"type":"Feature","geometry":{"type":"Polygon","coordinates":[[[135.37353802961252,34.71526480498715],[135.3727534988448,34.713059561701236],[135.3706444183206,34.7135597198048],[135.36876625699097,34.71433933203359],[135.37014729664114,34.71659047762578],[135.3720231692271,34.71582255697632],[135.37196432327053,34.71565923938006],[135.37353802961252,34.71526480498715]]]},"properties":{"code":"28204247002","name":"鳴尾町二丁目","jinko":1369,"addr_key":"28204|鳴尾町2","addr_key_town":"28204|鳴尾町2","n":[18,5],"w":[false,false],"neighbors":["282042400","282042430","28204247001","28204247003","28204247004","282042520"]}},{"type":"Feature","geometry":{"type":"Polygon","coordinates":[[[135.37085420621767,34.71769090299854],[135.37014729664114,34.71659047762578],[135.3697027664291,34.71686485961622],[135.36893906891436,34.7174818521146],[135.36814336938923,34.717810631922575],[135.36893908719142,34.719091597779666],[135.36940424670553,34.71990941250593],[135.3695650918516,34.71979803011308],[135.36983159256124,34.71967785948074],[135.37080307303702,34.71934757092666],[135.37162873061985,34.719299815621696],[135.37085420621767,34.71769090299854]]]},"properties":{"code":"28204247003","name":"鳴尾町三丁目","jinko":859,"addr_key":"28204|鳴尾町3","addr_key_town":"28204|鳴尾町3","n":[49,6],"w":[false,false],"neighbors":["28204223002","28204223003","282042260","28204247001","28204247002","28204247004","28204247005"]}},{"type":"Feature","geometry":{"type":"Polygon","coordinates":[[[135.37014729664114,34.71659047762578],[135.36876625699097,34.71433933203359],[135.36656916987562,34.71525727223336],[135.36814336938923,34.717810631922575],[135.36893906891436,34.7174818521146],[135.3697027664291,34.71686485961622],[135.37014729664114,34.71659047762578]]]},"properties":{"code":"28204247004","name":"鳴尾町四丁目","jinko":1301,"addr_key":"28204|鳴尾町4","addr_key_town":"28204|鳴尾町4","n":[15,null],"w":[false,false],"neighbors":["28204247001","28204247002","28204247003","28204247005","282042520"]}},{"type":"Feature","geometry":{"type":"Polygon","coordinates":[[[135.36893908719142,34.719091597779666],[135.36656916987562,34.71525727223336],[135.3652237346651,34.71582284054164],[135.36637016820893,34.71771879529383],[135.36596754839746,34.71789448676157],[135.36783758869274,34.72087227003433],[135.36851904047288,34.72038107615542],[135.36940424670553,34.71990941250593],[135.36893908719142,34.719091597779666]]]},"properties":{"code":"28204247005","name":"鳴尾町五丁目","jinko":1194,"addr_key":"28204|鳴尾町5","addr_key_town":"28204|鳴尾町5","n":[27,4],"w":[false,false],"neighbors":["28204223003","282042260","282042330","282042340","282042350","28204247003","28204247004","282042520"]}},{"type":"Feature","geometry":{"type":"Polygon","coordinates":[[[135.3701089166599,34.71172282532979],[135.37004259021901,34.71165662280497],[135.3699851452709,34.711694018587714],[135.3694270450752,34.71118237881491],[135.36519284323603,34.712757997519994],[135.36523642249747,34.71284017081299],[135.36520994460182,34.712885048072536],[135.36561923419515,34.71378363857911],[135.3660252709028,34.71453674756288],[135.36648788589804,34.7152914881177],[135.3706444183206,34.7135597198048],[135.37082221131277,34.71350904306162],[135.3701089166599,34.71172282532979]]]},"properties":{"code":"282042520","name":"古川町","jinko":833,"addr_key":"28204|古川町","addr_key_town":"28204|古川町","n":[5,5],"w":[false,false],"neighbors":["282042350","282042430","28204247002","28204247004","28204247005","282042530"]}},{"type":"Feature","geometry":{"type":"Polygon","coordinates":[[[135.3594614542355,34.714629233990195],[135.3625861859456,34.7133994529641],[135.3626280644886,34.71344783631716],[135.3637064144589,34.713313336386015],[135.3694270450752,34.71118237881491],[135.36795238177157,34.709759562745745],[135.36590801065734,34.707933360617446],[135.36397951319364,34.70646957048985],[135.3637311628714,34.706427446662886],[135.3636695830794,34.70639275438982],[135.36366341169787,34.70633519413482],[135.36353651936105,34.70630823970722],[135.3635470991988,34.70628110470911],[135.3635151711804,34.70634729833684],[135.36342966157437,34.7063218228995],[135.36344979343573,34.706184594122114],[135.3632914059855,34.70608677136851],[135.36333588449804,34.70606301186062],[135.3634234128806,34.705907181898645],[135.36336205588523,34.70588333280523],[135.3632617781739,34.70607716290512],[135.36271862227332,34.706022183954644],[135.36239296656774,34.70590774753648],[135.36156072655837,34.70569575693705],[135.36103492427787,34.70572006914869],[135.36087108633237,34.70580174631465],[135.36079063814475,34.70591680545489],[135.3605034926085,34.70599952400458],[135.36029852456505,34.70611394540996],[135.35875391857235,34.707795640953954],[135.35845706738428,34.707887456533626],[135.35862147310496,34.7079410019191],[135.35857305634707,34.70799831885874],[135.3585412059836,34.70798140278923],[135.35849702661446,34.70802952740896],[135.35839204325003,34.70792589776049],[135.3582948752703,34.70810335720595],[135.3580064122942,34.708433014603905],[135.357990796272,34.708494561504196],[135.3580269874831,34.7086006042156],[135.35796882610455,34.70866321559539],[135.35705269331064,34.70899549677954],[135.35712779413635,34.70897866256549],[135.35715183190013,34.70906776518341],[135.35713774670083,34.70917057144714],[135.35705022519966,34.70932822776967],[135.35687986443676,34.70941446438109],[135.35655005934336,34.70976066386314],[135.35641346974697,34.709833092162555],[135.35622369165335,34.710025699210796],[135.3557564660392,34.710293892995544],[135.35560969462446,34.71043303161987],[135.3554180028744,34.710824124943464],[135.35525533907736,34.71100297907402],[135.35504708543004,34.71110840675484],[135.35505021323132,34.71118951545517],[135.3549966995302,34.711276594412716],[135.35501091985503,34.71145494353138],[135.35712941515388,34.71212939681355],[135.35753009044916,34.71232237090458],[135.35812238712808,34.712817557414326],[135.35835308448358,34.712685453763385],[135.35893318413693,34.71375375464477],[135.3594614542355,34.714629233990195]]]},"properties":{"code":"282042530","name":"枝川町","jinko":4624,"addr_key":"28204|枝川町","addr_key_town":"28204|枝川町","n":[24,27],"w":[false,false],"neighbors":["282042350","282042520","28204258001"]}},{"type":"Feature","geometry":{"type":"Polygon","coordinates":[[[135.36153997920863,34.71819273378365],[135.36111307586768,34.71755092558859],[135.3555992817845,34.720692426526476],[135.35498446380595,34.72115031895902],[135.35729253435275,34.72156540883731],[135.35765724478983,34.72168107284431],[135.35836480379587,34.72183398518815],[135.36112645749446,34.722320276428945],[135.36279355411818,34.722694381195616],[135.36323253355076,34.72343298427731],[135.36330959953307,34.7230168019565],[135.36337360148693,34.72203560960341],[135.36337071047603,34.721802515342716],[135.3632574926688,34.72121567484942],[135.36306242802772,34.7207691176408],[135.36153997920863,34.71819273378365]]]},"properties":{"code":"282042540","name":"甲子園町","jinko":2655,"addr_key":"28204|甲子園町","addr_key_town":"28204|甲子園町","n":[61,16],"w":[false,false],"neighbors":["282041680","282041690","282041700","282042330","282042340","282042350","28204255001","28204255002","28204255003"]}},{"type":"Feature","geometry":{"type":"Polygon","coordinates":[[[135.36049296211738,34.7178863391527],[135.35891966069767,34.71604395683671],[135.35872698977886,34.716058262578365],[135.35856051624765,34.71571371993553],[135.35777337897545,34.71475436025801],[135.35626547580887,34.71608806257956],[135.35560970283993,34.71670829920934],[135.35692830246253,34.71822873782872],[135.35794365237678,34.719335488021784],[135.36049296211738,34.7178863391527]]]},"properties":{"code":"28204255001","name":"南甲子園一丁目","jinko":3308,"addr_key":"28204|南甲子園1","addr_key_town":"28204|南甲子園1","n":[26,4],"w":[false,false],"neighbors":["282042350","282042540","28204255002","28204258001","28204258002"]}},{"type":"Feature","geometry":{"type":"Polygon","coordinates":[[[135.355622020246,34.71669734982148],[135.35476129803442,34.7160913014616],[135.35455274799628,34.7162985704182],[135.35447888765472,34.71642385221881],[135.35256590619653,34.71783247010458],[135.35557865937312,34.72070781282423],[135.35794365237678,34.719335488021784],[135.35692830246253,34.71822873782872],[135.35583775695574,34.71698386884927],[135.355622020246,34.71669734982148]]]},"properties":{"code":"28204255002","name":"南甲子園二丁目","jinko":2014,"addr_key":"28204|南甲子園2","addr_key_town":"28204|南甲子園2","n":[10,4],"w":[false,false],"neighbors":["282042540","28204255001","28204255003","28204258002","28204258003","28204258004"]}},{"type":"Feature","geometry":{"type":"Polygon","coordinates":[[[135.35557865937312,34.72070781282423],[135.352874288511,34.71812103267147],[135.3518524359676,34.71884264200692],[135.35155215733153,34.71856119214091],[135.3512094373315,34.718797470584796],[135.35082892369988,34.719200419190265],[135.35146949262176,34.719736222354115],[135.35220019732495,34.720269148669324],[135.352640950153,34.72050039551582],[135.35310332671853,34.72068638505639],[135.35380986128698,34.72091680253484],[135.35498446380595,34.72115031895902],[135.35557865937312,34.72070781282423]]]},"properties":{"code":"28204255003","name":"南甲子園三丁目","jinko":1140,"addr_key":"28204|南甲子園3","addr_key_town":"28204|南甲子園3","n":[6,4],"w":[false,false],"neighbors":["282041700","282042540","28204255002","28204258004"]}},{"type":"Feature","geometry":{"type":"Polygon","coordinates":[[[135.35893318413693,34.71375375464477],[135.35835308448358,34.712685453763356],[135.35812238712808,34.7128175574143],[135.35753009044916,34.71232237090458],[135.35712941515388,34.71212939681355],[135.35501091985503,34.71145494353138],[135.3548862359871,34.7118788534367],[135.3542158265443,34.71249300965284],[135.35568812955222,34.71352296119376],[135.35690879425988,34.71485209165872],[135.35727381557305,34.71519622782897],[135.35893318413693,34.71375375464477]]]},"properties":{"code":"28204258001","name":"浜甲子園一丁目","jinko":1341,"addr_key":"28204|浜甲子園1","addr_key_town":"28204|浜甲子園1","n":[5,null],"w":[false,false],"neighbors":["282042350","282042530","28204255001","28204258002"]}},{"type":"Feature","geometry":{"type":"Polygon","coordinates":[[[135.35568812955222,34.713522961193746],[135.3542158265443,34.71249300965284],[135.35376913111602,34.712740173457405],[135.35213042260153,34.71425240541367],[135.355622020246,34.71669734982148],[135.35727381557305,34.71519622782897],[135.35690879425988,34.71485209165872],[135.35568812955222,34.713522961193746]]]},"properties":{"code":"28204258002","name":"浜甲子園二丁目","jinko":1541,"addr_key":"28204|浜甲子園2","addr_key_town":"28204|浜甲子園2","n":[12,null],"w":[false,false],"neighbors":["28204255001","28204255002","28204258001","28204258003"]}},{"type":"Feature","geometry":{"type":"Polygon","coordinates":[[[135.35455274799628,34.7162985704182],[135.35476129803442,34.7160913014616],[135.35213042260153,34.71425240541367],[135.35132595092517,34.71497556773768],[135.35081833745008,34.715334227254154],[135.35050925447604,34.715502609096674],[135.34993653303388,34.71562911297412],[135.3505915334836,34.71616226369722],[135.35061728387788,34.71614768017094],[135.3514943811676,34.71676291496857],[135.3514687170416,34.716784540875075],[135.35256590619653,34.71783247010458],[135.35447888765472,34.71642385221881],[135.35455274799628,34.7162985704182]]]},"properties":{"code":"28204258003","name":"浜甲子園三丁目","jinko":1293,"addr_key":"28204|浜甲子園3","addr_key_town":"28204|浜甲子園3","n":[5,null],"w":[false,false],"neighbors":["28204255002","28204258002","28204258004","28204265003"]}},{"type":"Feature","geometry":{"type":"Polygon","coordinates":[[[135.3512094373315,34.718797470584796],[135.35155215733153,34.71856119214091],[135.3518524359676,34.71884264200692],[135.352874288511,34.71812103267147],[135.3514687170416,34.716784540875075],[135.3514943811676,34.71676291496857],[135.35061728387788,34.71614768017092],[135.3478601422164,34.7178192363401],[135.35034163800546,34.719584399375535],[135.3504715489623,34.719584860273564],[135.3512094373315,34.718797470584796]]]},"properties":{"code":"28204258004","name":"浜甲子園四丁目","jinko":1367,"addr_key":"28204|浜甲子園4","addr_key_town":"28204|浜甲子園4","n":[3,8],"w":[false,false],"neighbors":["282041700","282041790","28204255002","28204255003","28204258003","28204265003"]}},{"type":"Feature","geometry":{"type":"Polygon","coordinates":[[[135.34880613827767,34.71479033442136],[135.3477913074688,34.713844090217165],[135.34791972509598,34.713723146101444],[135.34764945535687,34.71304661139635],[135.34776361069893,34.7129167717527],[135.3479249451283,34.71262778891011],[135.34810976266883,34.7124738342806],[135.3483385288216,34.71234303313494],[135.34849530919257,34.71204422794444],[135.34918352200694,34.71136234322404],[135.34956341401525,34.71091742628788],[135.3498120937824,34.71072067515934],[135.349922923558,34.71059170513581],[135.34997469200212,34.71044519977205],[135.3499561313694,34.710357037408436],[135.34992123916408,34.71027253346332],[135.34977507929173,34.71010698200639],[135.350304526965,34.70965996234028],[135.35073155934418,34.71002965623574],[135.3508159726671,34.7100559927316],[135.350955315552,34.71002679111664],[135.35131314043883,34.70964783516996],[135.35143707672128,34.70943325195925],[135.35178762013862,34.7090867508412],[135.3519134974538,34.70902357541006],[135.35237057752383,34.70828219488218],[135.35258354578357,34.70784500715063],[135.35259222485777,34.70775295415572],[135.35299970526864,34.7074187891713],[135.35022509516838,34.70530639421082],[135.34814310703086,34.70367044678365],[135.34643756064463,34.70520021420014],[135.34462042279665,34.7114781007802],[135.34763066686523,34.71400868966277],[135.34862486295899,34.71496215029847],[135.34880613827767,34.71479033442136]]]},"properties":{"code":"28204265001","name":"甲子園浜一丁目","jinko":0,"addr_key":"28204|甲子園浜1","addr_key_town":"28204|甲子園浜1","n":[null,9],"w":[false,false],"neighbors":["28204265002","28204265003"]}},{"type":"Feature","geometry":{"type":"Polygon","coordinates":[[[135.34763066686523,34.71400868966277],[135.34462042279665,34.7114781007802],[135.34643756064463,34.70520021420014],[135.34814310703086,34.70367044678365],[135.34711586927986,34.702863191494416],[135.3470024244945,34.70286864327236],[135.34520701597808,34.70449732231703],[135.34511908877735,34.70480555015539],[135.34501071198287,34.70478574877568],[135.34431100005614,34.707115612193036],[135.34439642213002,34.70714095934504],[135.3424474384887,34.7136678218403],[135.3432529518829,34.71536226407991],[135.34748980325307,34.71409550952488],[135.34763066686523,34.71400868966277]]]},"properties":{"code":"28204265002","name":"甲子園浜二丁目","jinko":0,"addr_key":"28204|甲子園浜2","addr_key_town":"28204|甲子園浜2","n":[0,5],"w":[false,false],"neighbors":["28204265001"]}},{"type":"Feature","geometry":{"type":"Polygon","coordinates":[[[135.3478601422164,34.717819236340084],[135.3505915334836,34.71616226369722],[135.34993653303388,34.71562911297412],[135.34891850023502,34.7146883981649],[135.34862486295899,34.71496215029847],[135.34367844990808,34.71857339124008],[135.34425439854812,34.7192492152726],[135.34455490721572,34.71927107503606],[135.34508062091453,34.71956826447746],[135.34597813535729,34.71856940727744],[135.34750272733925,34.71756515906761],[135.3478601422164,34.717819236340084]]]},"properties":{"code":"28204265003","name":"甲子園浜三丁目","jinko":0,"addr_key":"28204|甲子園浜3","addr_key_town":"28204|甲子園浜3","n":[0,3],"w":[false,false],"neighbors":["282041790","28204258003","28204258004","28204265001"]}},{"type":"Feature","geometry":{"type":"Polygon","coordinates":[[[135.36350392339483,34.705439545646264],[135.3638148907658,34.70530463974833],[135.3638762304421,34.70510001136664],[135.36404091775702,34.70494268131753],[135.36587816484567,34.70360748629444],[135.36647079312448,34.703135771058776],[135.36693487522228,34.702710081843286],[135.37039650364457,34.69857383647814],[135.3723970825376,34.69634558023881],[135.37229113772298,34.69634225288524],[135.37198943330006,34.6965665507826],[135.37100465783976,34.69427349196796],[135.36947873433274,34.693130889114016],[135.36951540563322,34.69309719354286],[135.36948012280013,34.693071439270064],[135.3693604251827,34.69318232574323],[135.36936291957963,34.69321117748141],[135.36940010676008,34.69321902924333],[135.36945199085537,34.693174358135416],[135.3709748805989,34.69434036919491],[135.36772768965446,34.6973198708716],[135.36359992085687,34.69423348266579],[135.35767408000225,34.6996584655264],[135.35974793118328,34.70121528640105],[135.36052135695076,34.70117817349056],[135.36141837703818,34.700363734719964],[135.36301074645945,34.701583452558246],[135.36157857375403,34.70289826224485],[135.3616030719748,34.70294129791112],[135.36223857179104,34.70322439324091],[135.3622161779186,34.70326163022775],[135.36226115909668,34.703285477050734],[135.36222581267904,34.703337189613634],[135.3621763748055,34.70331155045535],[135.3620938239172,34.703435643823624],[135.36377275066118,34.704938759188224],[135.36374363949875,34.70505338517798],[135.3634858401425,34.7053909606615],[135.36339433444417,34.70532229355917],[135.36350392339483,34.705439545646264]]]},"properties":{"code":"28204271001","name":"鳴尾浜一丁目","jinko":22,"addr_key":"28204|鳴尾浜1","addr_key_town":"28204|鳴尾浜1","n":[3,7],"w":[false,false],"neighbors":["28204244001","28204244002","28204271002","28204271003"]}},{"type":"Feature","geometry":{"type":"Polygon","coordinates":[[[135.36870635443134,34.6964008354923],[135.36839976522546,34.69641162685627],[135.3679512269309,34.69606837565653],[135.3679664060188,34.69605472320517],[135.36765605207884,34.69585171627268],[135.36947163619007,34.694222534463336],[135.36968461562805,34.69423423328965],[135.36988411624912,34.694040546817675],[135.36970001991386,34.69389704818342],[135.36758220203868,34.695796565825106],[135.36502727913071,34.693878354547756],[135.3650581385044,34.6937266765914],[135.36589023442954,34.69296856551163],[135.36605265728116,34.69295365924158],[135.36727006822952,34.69386725499873],[135.36857703405377,34.69268069520136],[135.3686894591777,34.692766215840166],[135.36882654657026,34.692647857116405],[135.36795738550046,34.692002723943595],[135.3677020775704,34.69218603644698],[135.36777900690404,34.692399894402016],[135.3677018571889,34.69242858335864],[135.36760113436603,34.69222830863578],[135.36756394560126,34.69222059701105],[135.36721809049962,34.69144563046277],[135.3649774164763,34.68977449951896],[135.36508637533112,34.68967075040196],[135.36359133512792,34.688542271026336],[135.36347909983502,34.68864322859763],[135.3632279566572,34.68845422260632],[135.3599903166737,34.691406916887374],[135.3599230305515,34.69135072306516],[135.35989487027916,34.69137631533021],[135.36359992085687,34.69423348266579],[135.36772768965446,34.6973198708716],[135.36870635443134,34.6964008354923]]]},"properties":{"code":"28204271002","name":"鳴尾浜二丁目","jinko":0,"addr_key":"28204|鳴尾浜2","addr_key_town":"28204|鳴尾浜2","n":[null,3],"w":[false,false],"neighbors":["28204271001","28204271003"]}},{"type":"Feature","geometry":{"type":"Polygon","coordinates":[[[135.36359992085687,34.69423348266579],[135.35989487027916,34.69137631533021],[135.35964779991852,34.69160011302234],[135.35964386089097,34.691633388017166],[135.3596262173469,34.691620015427965],[135.35902608925622,34.69216428751659],[135.35904700833927,34.69218030814638],[135.35902761999756,34.69219850163969],[135.35900559388253,34.69218249037755],[135.3583277449557,34.692800238228344],[135.35833579831163,34.69283087693519],[135.35831266511448,34.692814874917964],[135.3576380989691,34.693429916232596],[135.35766012516675,34.69344592773279],[135.35761760162234,34.69344811892233],[135.3539341199933,34.69683540082834],[135.35767408000225,34.6996584655264],[135.36359992085687,34.69423348266579]]]},"properties":{"code":"28204271003","name":"鳴尾浜三丁目","jinko":0,"addr_key":"28204|鳴尾浜3","addr_key_town":"28204|鳴尾浜3","n":[null,null],"w":[false,false],"neighbors":["28204271001","28204271002"]}},{"type":"Feature","geometry":{"type":"Polygon","coordinates":[[[135.37328084496662,34.76132236964313],[135.37350082106198,34.757485505739346],[135.37370362911759,34.75554550317585],[135.37111522334158,34.75535563022986],[135.37109333951793,34.75532497035047],[135.3704724889847,34.75532646510226],[135.3694890208096,34.755822338623524],[135.36907350164535,34.755989830590245],[135.36900883623747,34.75604573627499],[135.36893530766892,34.75604791188855],[135.36872358772794,34.75582829530364],[135.36865759561675,34.75583942166978],[135.36870000013636,34.75599625158505],[135.36867468527885,34.756381133722385],[135.36862305117717,34.7563803056736],[135.3685893500133,34.756777091276454],[135.3684224918927,34.75724585892165],[135.36831866670562,34.7576715524619],[135.36908617717998,34.75781685647457],[135.36939336426107,34.757959317450194],[135.37032975769583,34.758234449123336],[135.37052351647372,34.75883874289767],[135.3714135730394,34.75874494731785],[135.37151693170813,34.75981609143333],[135.3718506290159,34.759737323141124],[135.37182944656917,34.76122053774201],[135.37169863946374,34.76146687764342],[135.37172304707354,34.76174626044402],[135.3717755139922,34.76192201814732],[135.3733117337353,34.76191396495515],[135.37328084496662,34.76132236964313]]]},"properties":{"code":"282043010","name":"堤町","jinko":1510,"addr_key":"28204|堤町","addr_key_town":"28204|堤町","n":[8,3],"w":[false,false],"neighbors":["282043020","282043040","28204451001","28204451002"]}},{"type":"Feature","geometry":{"type":"Polygon","coordinates":[[[135.3694890208096,34.755822338623524],[135.3704724889847,34.75532646510226],[135.37109333951793,34.75532497035047],[135.37111522334158,34.75535563022986],[135.37370362911759,34.75554550317585],[135.3737749034815,34.75504416442492],[135.3739936569817,34.75425295757432],[135.3742349235549,34.753596916316134],[135.3743714434798,34.75308684916316],[135.37242695267182,34.75276358901002],[135.37215582636324,34.75291703981078],[135.37213999169234,34.752756461356746],[135.37239913661782,34.752756783862125],[135.3724175945721,34.75263647926312],[135.37208010044213,34.75262781094906],[135.37209934196733,34.75233143279943],[135.37223436342637,34.752334082362935],[135.3722378442663,34.752182777123586],[135.3713493888578,34.752146842048184],[135.3713486339032,34.75201148887231],[135.37100549082533,34.75205596996365],[135.36903993546335,34.75185497345534],[135.3683256476923,34.751833449825945],[135.36710756750352,34.751728174471815],[135.36710180258459,34.75228543596182],[135.3670683387643,34.75251009852296],[135.36711068470387,34.75288144813433],[135.36729616841737,34.753310879207994],[135.36823609187852,34.75515860888687],[135.3683095837924,34.75520812670467],[135.36851979393546,34.7555462134175],[135.36865759561675,34.75583942166978],[135.36872358772794,34.75582829530364],[135.36878782281659,34.75587451123242],[135.36893530766892,34.75604791188855],[135.36900883623747,34.75604573627499],[135.36907350164535,34.755989830590245],[135.3694890208096,34.755822338623524]]]},"properties":{"code":"282043020","name":"上之町","jinko":2712,"addr_key":"28204|上之町","addr_key_town":"28204|上之町","n":[17,4],"w":[false,false],"neighbors":["282043010","282043030","282043040","282043050"]}},{"type":"Feature","geometry":{"type":"Polygon","coordinates":[[[135.3743714434798,34.75308684916316],[135.37486821213537,34.7515436407207],[135.37574043535386,34.74862545125808],[135.37225253048072,34.748226090396315],[135.36941503047893,34.747818459026405],[135.36935172220396,34.74836494415706],[135.36938535685218,34.74842099854317],[135.36973529758473,34.74847773642907],[135.3695981001513,34.74944093035645],[135.36967062308992,34.749447495499076],[135.3697394731354,34.7500341236997],[135.36969923964125,34.75006432754227],[135.36961142276,34.750063244634916],[135.36952556243668,34.75022525358059],[135.3691294549572,34.750086650148646],[135.36912424707822,34.750373048109005],[135.36908288027664,34.75057960897633],[135.36918629693156,34.751440324290435],[135.36941674434823,34.75174598270253],[135.3695939419072,34.751907579235024],[135.37100549082533,34.75205596996365],[135.3713486339032,34.75201148887231],[135.3713493888578,34.752146842048184],[135.3722378442663,34.752182777123586],[135.37223436342637,34.752334082362935],[135.37209934196733,34.75233143279943],[135.37208010044213,34.75262781094906],[135.3724175945721,34.75263647926312],[135.37239913661782,34.752756783862125],[135.37213999169234,34.752756461356746],[135.37215582636324,34.75291703981078],[135.37242695267182,34.75276358901002],[135.3743714434798,34.75308684916316]]]},"properties":{"code":"282043030","name":"日野町","jinko":2201,"addr_key":"28204|日野町","addr_key_town":"28204|日野町","n":[18,7],"w":[false,false],"neighbors":["282043020","282043050","282043250","282043270","282043280"]}},{"type":"Feature","geometry":{"type":"Polygon","coordinates":[[[135.368611835766,34.75665069635715],[135.36862305117717,34.7563803056736],[135.36867468527885,34.756381133722385],[135.36870000013636,34.75599625158505],[135.36859860488565,34.75568695797293],[135.3683095837924,34.75520812670467],[135.36823609187852,34.75515860888687],[135.36729616841737,34.753310879207994],[135.36711068470387,34.75288144813433],[135.3670683387643,34.75251009852296],[135.36710180258459,34.75228543596182],[135.36710756750352,34.751728174471815],[135.36658621761214,34.751714436939956],[135.36650551723065,34.75138045742444],[135.36636365914683,34.751253487310045],[135.3662123803773,34.75103476131368],[135.36611325579466,34.75095461339882],[135.36588405839748,34.75102233859016],[135.36582791327098,34.75094689605302],[135.36567352665537,34.75094440429754],[135.36554266294166,34.751583999941325],[135.36571374488594,34.75178269779841],[135.36568348921725,34.7520870555453],[135.36571280675827,34.75212539957326],[135.36567526836663,34.75239995789062],[135.36594771443237,34.75242694133055],[135.366035286806,34.75249056699992],[135.36619443821138,34.753382218752975],[135.36615058801792,34.75511563422047],[135.36598155345598,34.7559996488175],[135.3659735539501,34.75650819170084],[135.3661732551695,34.75711272240322],[135.3662616010609,34.757744819738875],[135.3683065562491,34.75770616483669],[135.368611835766,34.75665069635715]]]},"properties":{"code":"282043040","name":"荒木町","jinko":1356,"addr_key":"28204|荒木町","addr_key_town":"28204|荒木町","n":[19,6],"w":[false,false],"neighbors":["282043010","282043020","282043050","282043060","282043080","28204451002","282044550"]}},{"type":"Feature","geometry":{"type":"Polygon","coordinates":[[[135.36918629693156,34.751440324290435],[135.36908288027664,34.75057960897633],[135.36912424707822,34.750373048109005],[135.3691294549572,34.750086650148646],[135.36952556243668,34.75022525358059],[135.36961142276,34.750063244634916],[135.36969923964125,34.75006432754227],[135.3697394731354,34.7500341236997],[135.36967062308992,34.749447495499076],[135.3695981001513,34.74944093035645],[135.36973529758473,34.74847773642907],[135.36938535685218,34.74842099854317],[135.36935172220396,34.74836494415706],[135.36941503047893,34.747818459026405],[135.36692986857187,34.74743255644276],[135.3668424605123,34.748196298183814],[135.36532054615196,34.748313321148096],[135.36539590860585,34.74924723690935],[135.36524294775117,34.74982518531938],[135.3652595634634,34.75024844646898],[135.36535320315855,34.7503680807802],[135.3656665534465,34.75049401757607],[135.36568233747937,34.75056924010381],[135.36560017115147,34.7507476930771],[135.36567352665537,34.75094440429754],[135.36582791327098,34.75094689605302],[135.36588405839748,34.75102233859016],[135.36611325579466,34.75095461339882],[135.3662123803773,34.75103476131368],[135.36636365914683,34.751253487310045],[135.36650551723065,34.75138045742444],[135.36658621761214,34.751714436939956],[135.36706751635353,34.75171865593507],[135.36751909396622,34.75177552192592],[135.3695939419072,34.751907579235024],[135.36927621946532,34.75158956558491],[135.36918629693156,34.751440324290435]]]},"properties":{"code":"282043050","name":"大森町","jinko":2680,"addr_key":"28204|大森町","addr_key_town":"28204|大森町","n":[18,3],"w":[false,false],"neighbors":["282043020","282043030","282043040","282043080","282043100","282043230","282043250"]}},{"type":"Feature","geometry":{"type":"Polygon","coordinates":[[[135.36598155345598,34.7559996488175],[135.36615058801792,34.75511563422047],[135.36619443821138,34.753382218752975],[135.366035286806,34.75249056699992],[135.36599029048438,34.7524472855327],[135.36531567383585,34.75236385400793],[135.363326381891,34.75239480972188],[135.3609749656561,34.752364425135305],[135.36092340375313,34.75439284523293],[135.36078295843242,34.75534999155499],[135.36163212238742,34.7553460527584],[135.36321005287547,34.75540058912567],[135.36320238920172,34.75551868727043],[135.36325165614394,34.755493762321464],[135.36372509280213,34.75557074053197],[135.3637681062398,34.75560558897757],[135.36391631303397,34.755590952001555],[135.36598155345598,34.7559996488175]]]},"properties":{"code":"282043060","name":"薬師町","jinko":2523,"addr_key":"28204|薬師町","addr_key_town":"28204|薬師町","n":[21,5],"w":[false,false],"neighbors":["282043040","282043070","282043080","282043090","282044550","282044560"]}},{"type":"Feature","geometry":{"type":"Polygon","coordinates":[[[135.35935274230715,34.75537896880825],[135.3607758544537,34.75538977118755],[135.36092340375313,34.75439284523293],[135.3609749656561,34.7523644251353],[135.3573494600447,34.752453312867424],[135.357822281921,34.75545088241109],[135.35935274230715,34.75537896880825]]]},"properties":{"code":"282043070","name":"伏原町","jinko":2090,"addr_key":"28204|伏原町","addr_key_town":"28204|伏原町","n":[11,4],"w":[false,false],"neighbors":["282043060","282043080","282043090","282043110","28204312003","282044560","282044570"]}},{"type":"Feature","geometry":{"type":"Polygon","coordinates":[[[135.36567526836663,34.75239995789062],[135.36571280675827,34.75212539957326],[135.36568348921725,34.7520870555453],[135.36571374488594,34.75178269779841],[135.36554266294166,34.751583999941325],[135.36567352665537,34.75094440429754],[135.36560017115147,34.7507476930771],[135.3656782232226,34.75052673707283],[135.3656665534465,34.75049401757607],[135.36535320315855,34.7503680807802],[135.3652595634634,34.75024844646898],[135.3652411592188,34.75013394889243],[135.36524294775117,34.74982518531938],[135.36539590860585,34.74924723690935],[135.36532054615196,34.748313321148096],[135.3634082435195,34.74842123876077],[135.36243315447345,34.74827625233101],[135.36143133458793,34.748053734625735],[135.3611334150324,34.75045102034371],[135.3609749656561,34.7523644251353],[135.363326381891,34.75239480972188],[135.36511153264237,34.7523609386321],[135.36567526836663,34.75239995789062]]]},"properties":{"code":"282043080","name":"高木東町","jinko":2681,"addr_key":"28204|高木東町","addr_key_town":"28204|高木東町","n":[50,15],"w":[false,false],"neighbors":["282043040","282043050","282043060","282043070","282043090","282043100"]}},{"type":"Feature","geometry":{"type":"Polygon","coordinates":[[[135.36120838152917,34.74976697256425],[135.36143133458793,34.748053734625735],[135.36003287001333,34.74770849758641],[135.35908451304104,34.74784721018764],[135.35894728118475,34.74792766607217],[135.35889216930488,34.7482316675183],[135.35883720541517,34.74825790611987],[135.35884408110152,34.748744773655666],[135.35881605774267,34.749010796761404],[135.35883835045294,34.74938499312296],[135.35874374876994,34.7501386435146],[135.35865491315994,34.75178609072767],[135.35858063724592,34.7524173100503],[135.3609749656561,34.7523644251353],[135.36120838152917,34.74976697256425]]]},"properties":{"code":"282043090","name":"高木西町","jinko":1495,"addr_key":"28204|高木西町","addr_key_town":"28204|高木西町","n":[32,3],"w":[false,false],"neighbors":["282043060","282043070","282043080","282043100","282043110"]}},{"type":"Feature","geometry":{"type":"Polygon","coordinates":[[[135.3668424605123,34.748196298183814],[135.36692763496313,34.747451872243786],[135.3614910370986,34.74662780650221],[135.35820244756937,34.74602638532443],[135.35830170979153,34.74624964403813],[135.3583741301849,34.74626199232641],[135.35890423997412,34.747717596687046],[135.35905938207543,34.74785756338145],[135.36003287001333,34.74770849758641],[135.36243315447345,34.74827625233101],[135.3634082435195,34.74842123876077],[135.3668424605123,34.748196298183814]]]},"properties":{"code":"282043100","name":"長田町","jinko":230,"addr_key":"28204|長田町","addr_key_town":"28204|長田町","n":[34,7],"w":[false,false],"neighbors":["282043050","282043080","282043090","282043110","282043190","282043220","282043230","282043250"]}},{"type":"Feature","geometry":{"type":"Polygon","coordinates":[[[135.35820244756937,34.74602638532443],[135.35687261976207,34.74579813118479],[135.35680704407747,34.745835586557604],[135.35677415321922,34.74666139564742],[135.35667940255652,34.747549277720175],[135.35667985001913,34.7480208459928],[135.3573494600447,34.752453312867424],[135.35858063724592,34.7524173100503],[135.35865491315994,34.75178609072767],[135.35874374876994,34.7501386435146],[135.35883835045294,34.74938499312296],[135.35881605774267,34.749010796761404],[135.35884408110152,34.748744773655666],[135.35883720541517,34.74825790611987],[135.35889216930488,34.7482316675183],[135.35894728118475,34.74792766607217],[135.35905938207543,34.74785756338145],[135.35890423997412,34.747717596687046],[135.3583741301849,34.74626199232641],[135.35830170979153,34.74624964403813],[135.35820244756937,34.74602638532443]]]},"properties":{"code":"282043110","name":"北口町","jinko":1610,"addr_key":"28204|北口町","addr_key_town":"28204|北口町","n":[234,33],"w":[false,false],"neighbors":["282043070","282043090","282043100","28204312001","28204312002","28204312003","282043190"]}},{"type":"Feature","geometry":{"type":"Polygon","coordinates":[[[135.35680704407747,34.745835586557604],[135.35550336203224,34.74576907670214],[135.35549103805823,34.7466652804557],[135.35543922220887,34.7472374329082],[135.35538080300515,34.74742652426999],[135.35524836326866,34.74959055732656],[135.3569023744691,34.74955454104951],[135.35667985001913,34.7480208459928],[135.35667940255652,34.747549277720175],[135.35677415321922,34.74666139564742],[135.35680704407747,34.745835586557604]]]},"properties":{"code":"28204312001","name":"甲風園一丁目","jinko":390,"addr_key":"28204|甲風園1","addr_key_town":"28204|甲風園1","n":[233,21],"w":[false,false],"neighbors":["282043110","28204312002","282043150","282043160","282043170","282043190"]}},{"type":"Feature","geometry":{"type":"Polygon","coordinates":[[[135.35729152685033,34.752053217955726],[135.3569023744691,34.74955454104951],[135.35524836326866,34.74959055732656],[135.35509070526328,34.7519588953872],[135.35729152685033,34.752053217955726]]]},"properties":{"code":"28204312002","name":"甲風園二丁目","jinko":469,"addr_key":"28204|甲風園2","addr_key_town":"28204|甲風園2","n":[6,0],"w":[false,false],"neighbors":["282043110","28204312001","28204312003","282043150","282043160"]}},{"type":"Feature","geometry":{"type":"Polygon","coordinates":[[[135.35729152685033,34.752053217955726],[135.35509070526328,34.7519588953872],[135.3550059432416,34.75340953505955],[135.3550267355263,34.75361500427936],[135.35789175559304,34.75573510000774],[135.3576959068309,34.754691488203626],[135.35729152685033,34.752053217955726]]]},"properties":{"code":"28204312003","name":"甲風園三丁目","jinko":770,"addr_key":"28204|甲風園3","addr_key_town":"28204|甲風園3","n":[13,3],"w":[false,false],"neighbors":["282043070","282043110","28204312002","282043150","282044340","282044490","282044570"]}},{"type":"Feature","geometry":{"type":"Polygon","coordinates":[[[135.3550059432416,34.75340953505955],[135.35524836326866,34.74959055732656],[135.35286924057482,34.74961136092355],[135.35276297383686,34.75073174104199],[135.35257062840566,34.75404576369042],[135.35251362319033,34.75414934491489],[135.35231181658185,34.75432977643324],[135.35329342106758,34.754986092254086],[135.35477848822117,34.75573874131603],[135.35481332432923,34.75547040715068],[135.35523631366547,34.755401359532044],[135.3553413237634,34.75526708967901],[135.3550059432416,34.75340953505955]]]},"properties":{"code":"282043150","name":"丸橋町","jinko":2940,"addr_key":"28204|丸橋町","addr_key_town":"28204|丸橋町","n":[32,12],"w":[false,false],"neighbors":["282040450","282040530","28204312001","28204312002","28204312003","282043160","282044330","282044340"]}},{"type":"Feature","geometry":{"type":"Polygon","coordinates":[[[135.35286924057482,34.74961136092355],[135.35524836326866,34.74959055732656],[135.3553777277742,34.747640644914185],[135.3552965347092,34.7476918927061],[135.35173864809278,34.74754030675915],[135.351607720168,34.7497581277654],[135.35285526413696,34.74982768494383],[135.35286924057482,34.74961136092355]]]},"properties":{"code":"282043160","name":"北昭和町","jinko":1118,"addr_key":"28204|北昭和町","addr_key_town":"28204|北昭和町","n":[20,5],"w":[false,false],"neighbors":["282040530","282040550","282040560","28204312001","28204312002","282043150","282043170"]}},{"type":"Feature","geometry":{"type":"Polygon","coordinates":[[[135.35488879329446,34.74558225703701],[135.35187540427128,34.745123553166444],[135.35173864809278,34.74754030675915],[135.3552965347092,34.7476918927061],[135.3553777277742,34.747640644914185],[135.35538080300515,34.74742652426999],[135.35543922220887,34.7472374329082],[135.35549103805823,34.7466652804557],[135.3555025925263,34.74570668577847],[135.35488879329446,34.74558225703701]]]},"properties":{"code":"282043170","name":"南昭和町","jinko":1447,"addr_key":"28204|南昭和町","addr_key_town":"28204|南昭和町","n":[60,16],"w":[false,false],"neighbors":["282040550","282040560","282040770","28204312001","282043160","282043180","282043190"]}},{"type":"Feature","geometry":{"type":"Polygon","coordinates":[[[135.3549803377105,34.742486346299216],[135.35211574971134,34.74240839650695],[135.35206933679933,34.742693172112816],[135.35202734841482,34.74277550085637],[135.35187540427128,34.745123553166444],[135.35488879329446,34.74558225703701],[135.3549803377105,34.742486346299216]]]},"properties":{"code":"282043180","name":"両度町","jinko":3288,"addr_key":"28204|両度町","addr_key_town":"28204|両度町","n":[21,4],"w":[false,false],"neighbors":["282040560","282040750","282040770","282043170","282043190"]}},{"type":"Feature","geometry":{"type":"Polygon","coordinates":[[[135.3614910370986,34.74662780650221],[135.36167973827065,34.7431710601466],[135.3619349283902,34.74294409454106],[135.3622091518821,34.74262146716476],[135.35731509627652,34.742467699019805],[135.35719295821818,34.742526055065014],[135.3549803377105,34.742486346299216],[135.35488879329446,34.74558225703701],[135.3555025925263,34.74570668577847],[135.35550336203224,34.74576907670214],[135.35680704407747,34.745835586557604],[135.35687261976207,34.74579813118479],[135.36011040465527,34.74635622712051],[135.3614910370986,34.74662780650221]]]},"properties":{"code":"282043190","name":"高松町","jinko":1666,"addr_key":"28204|高松町","addr_key_town":"28204|高松町","n":[370,49],"w":[false,false],"neighbors":["282040750","282043100","282043110","28204312001","282043170","282043180","282043200","282043210","282043220"]}},{"type":"Feature","geometry":{"type":"Polygon","coordinates":[[[135.35977059519135,34.74254658532089],[135.35986194292414,34.74113077130604],[135.35972610721115,34.7407918909747],[135.36008489498442,34.739912171769284],[135.36013496146612,34.73945607937739],[135.36001126166641,34.739284292274974],[135.35991248440467,34.73920990915996],[135.3595843741488,34.73916253400501],[135.35955682185326,34.73884555801953],[135.3557474371755,34.738839344551955],[135.3557024981341,34.73892423594931],[135.3553329862603,34.7389232582647],[135.3555436253621,34.73943518734902],[135.35574993574446,34.73974812467125],[135.35579173501014,34.73993454728062],[135.3557536998252,34.741755990913035],[135.35569535014912,34.742510904328206],[135.35719295821818,34.742526055065014],[135.35731509627652,34.742467699019805],[135.35977059519135,34.74254658532089]]]},"properties":{"code":"282043200","name":"深津町","jinko":1327,"addr_key":"28204|深津町","addr_key_town":"28204|深津町","n":[37,5],"w":[false,false],"neighbors":["282040750","282040760","282041470","282043190","282043210"]}},{"type":"Feature","geometry":{"type":"Polygon","coordinates":[[[135.364417223483,34.738875719716326],[135.35967499020904,34.738894423546284],[135.35967881418347,34.73884480980503],[135.35955682185326,34.73884555801953],[135.3595843741488,34.73916253400501],[135.35991248440467,34.73920990915996],[135.36001126166641,34.739284292274974],[135.36013496146612,34.73945607937739],[135.36008489498442,34.739912171769284],[135.35972610721115,34.7407918909747],[135.35986194292414,34.74113077130604],[135.35977059519135,34.742546585320866],[135.36204751727792,34.74262508903569],[135.3639327938373,34.74258362325734],[135.36419970132562,34.741405215986525],[135.36423188482974,34.7410633685136],[135.36435702974225,34.740739607370735],[135.36443247405694,34.73988327058498],[135.364417223483,34.738875719716326]]]},"properties":{"code":"282043210","name":"高畑町","jinko":2220,"addr_key":"28204|高畑町","addr_key_town":"28204|高畑町","n":[36,14],"w":[false,false],"neighbors":["282041460","282041470","282043190","282043200","282043220","282043230","282043240","28204332006"]}},{"type":"Feature","geometry":{"type":"Polygon","coordinates":[[[135.36393661049414,34.74326871207168],[135.3639327938373,34.74258362325734],[135.3622091518821,34.74262146716476],[135.3619349283902,34.74294409454106],[135.36167973827065,34.7431710601466],[135.3614910370986,34.74662780650221],[135.36361178875367,34.746948875965245],[135.36376436215107,34.74471887109168],[135.36385066096926,34.744584608170435],[135.36387766214992,34.743502749838896],[135.36393661049414,34.74326871207168]]]},"properties":{"code":"282043220","name":"田代町","jinko":2319,"addr_key":"28204|田代町","addr_key_town":"28204|田代町","n":[31,6],"w":[false,false],"neighbors":["282043100","282043190","282043210","282043230","282043240"]}},{"type":"Feature","geometry":{"type":"Polygon","coordinates":[[[135.36705740910543,34.74292640949957],[135.36716451051853,34.74252462604332],[135.3639327938373,34.74258362325734],[135.36393661049414,34.74326871207168],[135.36387766214992,34.743502749838896],[135.36385066096926,34.744584608170435],[135.36376436215107,34.74471887109168],[135.36361178875367,34.746948875965245],[135.36692763496313,34.747451872243786],[135.3670615435081,34.74497017830229],[135.36705740910543,34.74292640949957]]]},"properties":{"code":"282043230","name":"大屋町","jinko":2181,"addr_key":"28204|大屋町","addr_key_town":"28204|大屋町","n":[36,15],"w":[false,false],"neighbors":["282043050","282043100","282043210","282043220","282043240","282043250","282043260"]}},{"type":"Feature","geometry":{"type":"Polygon","coordinates":[[[135.3677118829384,34.73894296008989],[135.364417223483,34.738875719716326],[135.36443247405694,34.73988327058498],[135.36435702974225,34.740739607370735],[135.36423188482974,34.7410633685136],[135.36419970132562,34.741405215986525],[135.3639327938373,34.74258362325734],[135.36716451051853,34.74252462604332],[135.36732835272923,34.74177402472365],[135.3675215367224,34.74140644043783],[135.3677884469763,34.7399040657162],[135.36780844229182,34.739530208290795],[135.3677118829384,34.73894296008989]]]},"properties":{"code":"282043240","name":"中島町","jinko":1580,"addr_key":"28204|中島町","addr_key_town":"28204|中島町","n":[25,11],"w":[false,false],"neighbors":["282041460","282043210","282043220","282043230","282043250","282043260","28204332005","28204332006"]}},{"type":"Feature","geometry":{"type":"Polygon","coordinates":[[[135.36986101744515,34.74788691289262],[135.37062294957155,34.74245501624632],[135.36716451051853,34.74252462604332],[135.36707163500003,34.74278782813122],[135.36705740910543,34.74292640949957],[135.3670615435081,34.74497017830229],[135.36692986857187,34.74743255644276],[135.36986101744515,34.74788691289262]]]},"properties":{"code":"282043250","name":"瓦林町","jinko":2162,"addr_key":"28204|瓦林町","addr_key_town":"28204|瓦林町","n":[35,6],"w":[false,false],"neighbors":["282043030","282043050","282043100","282043230","282043240","282043260","282043270","282043290","282043300"]}},{"type":"Feature","geometry":{"type":"Polygon","coordinates":[[[135.37062294957155,34.74245501624632],[135.37103219548615,34.73890551937944],[135.3677118829384,34.73894296008989],[135.36780844229182,34.739530208290795],[135.3677884469763,34.7399040657162],[135.3675215367224,34.74140644043783],[135.36732835272923,34.74177402472365],[135.36716451051853,34.74252462604332],[135.37062294957155,34.74245501624632]]]},"properties":{"code":"282043260","name":"天道町","jinko":1996,"addr_key":"28204|天道町","addr_key_town":"28204|天道町","n":[16,4],"w":[false,false],"neighbors":["282043230","282043240","282043250","282043290","282043300","28204332003","28204332004","28204332005","28204332006"]}},{"type":"Feature","geometry":{"type":"Polygon","coordinates":[[[135.37346982157564,34.74597965419976],[135.37014543885854,34.74582873875708],[135.36986101744515,34.74788691289262],[135.37225253048072,34.748226090396315],[135.37432946162346,34.748463854739306],[135.37441844573837,34.74768826143274],[135.37440268942984,34.7475002167013],[135.37427421151992,34.747283979852455],[135.37398589874783,34.7470316412496],[135.37364534843778,34.74662762760542],[135.37354344961295,34.74639440118467],[135.37346982157564,34.74597965419976]]]},"properties":{"code":"282043270","name":"松山町","jinko":2120,"addr_key":"28204|松山町","addr_key_town":"28204|松山町","n":[40,6],"w":[false,false],"neighbors":["282043030","282043250","282043280","282043290"]}},{"type":"Feature","geometry":{"type":"Polygon","coordinates":[[[135.37590291139225,34.74256371382359],[135.37342746286828,34.74241008252468],[135.37303903383057,34.74502637820549],[135.37286450291538,34.74595496331737],[135.37346982157564,34.74597965419976],[135.37354344961295,34.74639440118467],[135.37364534843778,34.74662762760542],[135.37374447796782,34.74677622549042],[135.3743560154902,34.747391173128285],[135.37440268942984,34.7475002167013],[135.37441844573837,34.74768826143274],[135.37432946162346,34.748463854739306],[135.37574043535386,34.74862545125808],[135.37682414759644,34.74512006079009],[135.3771137200792,34.744475428207174],[135.37799249920423,34.742990198580806],[135.37590291139225,34.74256371382359]]]},"properties":{"code":"282043280","name":"松並町","jinko":1918,"addr_key":"28204|松並町","addr_key_town":"28204|松並町","n":[23,3],"w":[false,false],"neighbors":["282043030","282043270","282043290","282043300","282043310"]}},{"type":"Feature","geometry":{"type":"Polygon","coordinates":[[[135.37303903383057,34.74502637820549],[135.37342746286828,34.74241008252468],[135.37062294957155,34.74245501624632],[135.37014543885854,34.74582873875708],[135.37286450291538,34.74595496331737],[135.37303903383057,34.74502637820549]]]},"properties":{"code":"282043290","name":"熊野町","jinko":2357,"addr_key":"28204|熊野町","addr_key_town":"28204|熊野町","n":[23,5],"w":[false,false],"neighbors":["282043250","282043260","282043270","282043280","282043300","282043310"]}},{"type":"Feature","geometry":{"type":"Polygon","coordinates":[[[135.37062294957155,34.74245501624632],[135.37342746286828,34.74241008252468],[135.373702381003,34.74058156436875],[135.37512000837268,34.73936021771204],[135.3751178177927,34.738900348396534],[135.37103219548615,34.73890551937944],[135.37062294957155,34.74245501624632]]]},"properties":{"code":"282043300","name":"二見町","jinko":1565,"addr_key":"28204|2見町","addr_key_town":"28204|2見町","n":[56,4],"w":[false,false],"neighbors":["282043250","282043260","282043280","282043290","282043310","28204332002","28204332003","28204332004"]}},{"type":"Feature","geometry":{"type":"Polygon","coordinates":[[[135.3801611332894,34.73895359458431],[135.3751178177927,34.738900348396534],[135.37512000837268,34.73936021771204],[135.373702381003,34.74058156436875],[135.37342746286828,34.74241008252468],[135.37590291139225,34.74256371382359],[135.37799249920423,34.742990198580806],[135.37906864017464,34.74128579222333],[135.37960228215394,34.74030354527983],[135.379988548255,34.739454684499286],[135.3801611332894,34.73895359458431]]]},"properties":{"code":"282043310","name":"甲子園口北町","jinko":2497,"addr_key":"28204|甲子園口北町","addr_key_town":"28204|甲子園口北町","n":[91,10],"w":[false,false],"neighbors":["282043280","282043290","282043300","28204332001","28204332002"]}},{"type":"Feature","geometry":{"type":"Polygon","coordinates":[[[135.38058661459328,34.73711574471647],[135.38069662147512,34.735624281314486],[135.37878412631932,34.73570535879401],[135.3783350930397,34.73501733197563],[135.37819165677476,34.734919963656736],[135.37674904588783,34.73447708230689],[135.37691520399605,34.735628980480406],[135.37689508228559,34.73581310950176],[135.37696425763363,34.735913932580544],[135.37701210154694,34.73611635395205],[135.3769762803895,34.73892627320423],[135.3801611332894,34.73895359458431],[135.38052878268334,34.73746809405051],[135.38058661459328,34.73711574471647]]]},"properties":{"code":"28204332001","name":"甲子園口一丁目","jinko":1494,"addr_key":"28204|甲子園口1","addr_key_town":"28204|甲子園口1","n":[14,null],"w":[false,false],"neighbors":["282043310","28204332002","282043420"]}},{"type":"Feature","geometry":{"type":"Polygon","coordinates":[[[135.37483429826173,34.73377157978959],[135.37386954505925,34.73317977716344],[135.3728500202461,34.73341764991794],[135.37331048663876,34.73497496375964],[135.37496233171294,34.73843446616738],[135.37496397307427,34.73889828361506],[135.3769762803895,34.73892627320423],[135.37701210154694,34.73611635395205],[135.37696425763363,34.735913932580544],[135.37689508228559,34.73581310950176],[135.37691520399605,34.735628980480406],[135.37674904588783,34.73447708230689],[135.37544744670856,34.73406664125476],[135.37483429826173,34.73377157978959]]]},"properties":{"code":"28204332002","name":"甲子園口二丁目","jinko":2390,"addr_key":"28204|甲子園口2","addr_key_town":"28204|甲子園口2","n":[127,12],"w":[false,false],"neighbors":["282042280","282043300","282043310","28204332001","28204332003","28204338001","282043420"]}},{"type":"Feature","geometry":{"type":"Polygon","coordinates":[[[135.37496397307427,34.73889828361506],[135.37496233171294,34.73843446616738],[135.37331048663876,34.73497496375964],[135.3728500202461,34.73341764991794],[135.37162132330704,34.733704350965674],[135.37103219548615,34.73890551937944],[135.37496397307427,34.73889828361506]]]},"properties":{"code":"28204332003","name":"甲子園口三丁目","jinko":2757,"addr_key":"28204|甲子園口3","addr_key_town":"28204|甲子園口3","n":[143,14],"w":[false,false],"neighbors":["282043260","282043300","28204332002","28204332004","28204338001"]}},{"type":"Feature","geometry":{"type":"Polygon","coordinates":[[[135.36899090205094,34.73892799058683],[135.37103219548615,34.73890551937944],[135.37162132330704,34.733704350965674],[135.3687162861442,34.73423111870187],[135.3690341868962,34.73540300779838],[135.36906284254005,34.735826175790955],[135.36899090205094,34.73892799058683]]]},"properties":{"code":"28204332004","name":"甲子園口四丁目","jinko":2411,"addr_key":"28204|甲子園口4","addr_key_town":"28204|甲子園口4","n":[35,9],"w":[false,false],"neighbors":["282043260","282043300","28204332003","28204332005","28204338001"]}},{"type":"Feature","geometry":{"type":"Polygon","coordinates":[[[135.3690341868962,34.73540300779838],[135.3687162861442,34.73423111870187],[135.36656230779073,34.73462917796319],[135.36648718334766,34.73573525069075],[135.3666959139417,34.73658959864936],[135.36709697290328,34.737583303641415],[135.36728991632953,34.7378680224749],[135.36758151013618,34.738456147528],[135.3677118829384,34.73894296008989],[135.36899090205094,34.73892799058683],[135.36906284254005,34.735826175790955],[135.3690341868962,34.73540300779838]]]},"properties":{"code":"28204332005","name":"甲子園口五丁目","jinko":1306,"addr_key":"28204|甲子園口5","addr_key_town":"28204|甲子園口5","n":[18,7],"w":[false,false],"neighbors":["282043240","282043260","28204332004","28204332006","28204338001","28204338002","28204338003"]}},{"type":"Feature","geometry":{"type":"Polygon","coordinates":[[[135.36648718334766,34.73573525069075],[135.36656230779073,34.73462917796319],[135.36360099336065,34.73514954021018],[135.36341231757498,34.73812784032432],[135.36432782402696,34.73843714925426],[135.36443172972025,34.73864262172546],[135.364417223483,34.738875719716326],[135.3677118829384,34.73894296008989],[135.36758151013618,34.738456147528],[135.36728991632953,34.7378680224749],[135.36709697290328,34.737583303641415],[135.3666959139417,34.73658959864936],[135.36648718334766,34.73573525069075]]]},"properties":{"code":"28204332006","name":"甲子園口六丁目","jinko":1609,"addr_key":"28204|甲子園口6","addr_key_town":"28204|甲子園口6","n":[16,4],"w":[false,false],"neighbors":["282041460","282043210","282043240","282043260","28204332005","28204338003","28204338004"]}},{"type":"Feature","geometry":{"type":"Polygon","coordinates":[[[135.37371635519048,34.73321559463606],[135.36887582620116,34.730436518017314],[135.36781210090513,34.73069319163859],[135.36832533443726,34.730996596094826],[135.36823233147405,34.73183674635366],[135.36847760423146,34.73184480125385],[135.36856505431956,34.734007036662014],[135.3686397665611,34.73424501088256],[135.37162132330704,34.733704350965674],[135.37371635519048,34.73321559463606]]]},"properties":{"code":"28204338001","name":"上甲子園一丁目","jinko":1903,"addr_key":"28204|上甲子園1","addr_key_town":"28204|上甲子園1","n":[19,10],"w":[false,false],"neighbors":["282041800","282042280","282042290","28204332002","28204332003","28204332004","28204332005","28204338002"]}},{"type":"Feature","geometry":{"type":"Polygon","coordinates":[[[135.3661722570674,34.72989790865817],[135.3660906048672,34.729876205788855],[135.3658192024564,34.73037995578997],[135.36574454595527,34.73055032048938],[135.36574069623808,34.73083755791771],[135.3658550749613,34.731165344937715],[135.36637076911836,34.73235232377791],[135.3668632997001,34.733644153337224],[135.36716138049505,34.73452154576184],[135.3686397665611,34.73424501088256],[135.36856505431956,34.734007036662014],[135.36847760423146,34.73184480125385],[135.36823233147405,34.73183674635366],[135.36832533443726,34.730996596094826],[135.36781210090513,34.73069319163859],[135.367420892384,34.73059087634563],[135.366753606537,34.73028088832312],[135.3661722570674,34.72989790865817]]]},"properties":{"code":"28204338002","name":"上甲子園二丁目","jinko":1861,"addr_key":"28204|上甲子園2","addr_key_town":"28204|上甲子園2","n":[25,7],"w":[false,false],"neighbors":["282041800","28204332005","28204338001","28204338003"]}},{"type":"Feature","geometry":{"type":"Polygon","coordinates":[[[135.36598829300738,34.72975016329292],[135.36482696282297,34.72974480313198],[135.36354549593398,34.73013597192062],[135.36551260573006,34.733802532912065],[135.36582874168536,34.73476090816932],[135.36716138049505,34.73452154576184],[135.3668632997001,34.733644153337224],[135.36637076911836,34.73235232377791],[135.3658550749613,34.731165344937715],[135.36574069623808,34.73083755791771],[135.36574454595527,34.73055032048938],[135.3660906048672,34.729876205788855],[135.36598829300738,34.72975016329292]]]},"properties":{"code":"28204338003","name":"上甲子園三丁目","jinko":914,"addr_key":"28204|上甲子園3","addr_key_town":"28204|上甲子園3","n":[11,10],"w":[false,false],"neighbors":["282041580","282041630","282041800","28204332005","28204332006","28204338002","28204338004"]}},{"type":"Feature","geometry":{"type":"Polygon","coordinates":[[[135.36551260573006,34.73380253291209],[135.36430850670328,34.73155341840022],[135.36093403429447,34.732395832961124],[135.36225830350463,34.735405428657636],[135.36582874168536,34.73476090816932],[135.36551260573006,34.73380253291209]]]},"properties":{"code":"28204338004","name":"上甲子園四丁目","jinko":1927,"addr_key":"28204|上甲子園4","addr_key_town":"28204|上甲子園4","n":[28,5],"w":[false,false],"neighbors":["282041460","282041580","282041590","28204332006","28204338003","28204338005"]}},{"type":"Feature","geometry":{"type":"Polygon","coordinates":[[[135.36225830350463,34.735405428657636],[135.36093403429447,34.732395832961124],[135.3598291552389,34.73266715200931],[135.35869925143948,34.73304136682233],[135.35911676842886,34.7341946889043],[135.35961843306725,34.73588776225386],[135.36225830350463,34.735405428657636]]]},"properties":{"code":"28204338005","name":"上甲子園五丁目","jinko":1061,"addr_key":"28204|上甲子園5","addr_key_town":"28204|上甲子園5","n":[9,null],"w":[false,false],"neighbors":["282041460","282041470","282041480","282041490","282041580","282041590","282041600","28204338004"]}},{"type":"Feature","geometry":{"type":"Polygon","coordinates":[[[135.38026381699365,34.73361955435182],[135.37964029469805,34.73185887260112],[135.3765500628999,34.73253864755396],[135.37386954505925,34.73317977716344],[135.37483429826173,34.73377157978959],[135.37544744670856,34.73406664125476],[135.37819165677476,34.734919963656736],[135.3783350930397,34.73501733197563],[135.37878412631932,34.73570535879401],[135.38069662147512,34.735624281314486],[135.3806731583471,34.73528586863966],[135.38057963438297,34.73480368160957],[135.38026381699365,34.73361955435182]]]},"properties":{"code":"282043420","name":"戸崎町","jinko":578,"addr_key":"28204|戸崎町","addr_key_town":"28204|戸崎町","n":[18,5],"w":[false,false],"neighbors":["28204202001","282042270","282042280","28204332001","28204332002"]}},{"type":"Feature","geometry":{"type":"Polygon","coordinates":[[[135.32525472893437,34.778909286952434],[135.32576584452113,34.77893836057451],[135.32585936460137,34.778885904212146],[135.32643185902572,34.77824726191662],[135.32667169086494,34.77806783052037],[135.32687181160762,34.7779442181229],[135.32726943933366,34.7778485719628],[135.3276325526581,34.777864056798],[135.32785863216017,34.77803968343436],[135.32798644659346,34.77823456561414],[135.32809482651908,34.778303823223155],[135.32826549048295,34.77833580981914],[135.32860320766991,34.778290510632495],[135.3289456026551,34.77807333344403],[135.32920011306635,34.778000966150145],[135.3292854223698,34.77801871911742],[135.32916702145272,34.77823054467285],[135.32914245039137,34.778422866955864],[135.32927771539093,34.778492044237865],[135.33000215533218,34.77856555325984],[135.3307390868153,34.77874064947077],[135.33104319825975,34.77869745165032],[135.3317288511059,34.77851998998482],[135.33205567708788,34.77849885560288],[135.33216796441383,34.7785238505996],[135.3325243912328,34.77872783517699],[135.33265917074652,34.77875630768622],[135.33282841380463,34.77867730777822],[135.33290221914163,34.77847711691136],[135.3329552352809,34.77842118562083],[135.33328094040635,34.77830766010838],[135.33376444803122,34.778460734927485],[135.3339929197462,34.77845885646325],[135.33490573952315,34.778172318231874],[135.33547573805723,34.777882958070705],[135.3355876679359,34.7778783724081],[135.33611338543741,34.77799967634095],[135.3362743814296,34.77797975540903],[135.33648851062804,34.777900378629326],[135.33674592922333,34.777695004454074],[135.3368747504674,34.77742223634485],[135.3369475596757,34.7771406354875],[135.33700917220287,34.777055051986004],[135.33720493316713,34.77693892194828],[135.33744581090156,34.77684819488834],[135.33754322253148,34.776758653815484],[135.33765931467417,34.7767244535441],[135.3378025592345,34.77671214313535],[135.33806768200833,34.776776573937525],[135.33828069563296,34.776978063732194],[135.3383620182644,34.777032886534215],[135.3384652064173,34.777046681903784],[135.3393124029309,34.77688994753227],[135.3397350252387,34.77701223048408],[135.34006193375848,34.77699853633659],[135.34012761724492,34.776875873667144],[135.34014243686013,34.77662066859128],[135.3402082124007,34.776505610587606],[135.34041708855398,34.776359647863366],[135.34034368814562,34.77603685989877],[135.34035506161885,34.77587027813164],[135.3405045681044,34.77563621238072],[135.34058023572862,34.77540824987733],[135.34065528095536,34.77531889190004],[135.34074435255775,34.77527378435695],[135.34116037017927,34.77521850270528],[135.3412341126537,34.77502210778717],[135.34123463713865,34.774700397739174],[135.3412650988723,34.774622536357086],[135.34154208523546,34.77456108187583],[135.3419956697133,34.77427631905043],[135.34181028373433,34.774093764133546],[135.34189939807183,34.774024289226936],[135.34219959957167,34.77365487904765],[135.34244108247756,34.77324341945701],[135.3427260052272,34.77285357122432],[135.3433677613042,34.77235779600692],[135.34316237215273,34.7721725919505],[135.34173524928235,34.77217204014952],[135.33979706332633,34.77121664021748],[135.34026764432028,34.76992944200082],[135.33986110923175,34.76885289596559],[135.33950872592249,34.76883214861099],[135.33730312715372,34.76903489077085],[135.3362742512371,34.76950438816182],[135.33491787922264,34.76990938734342],[135.33490614868947,34.769673135171864],[135.33385985219402,34.76972653356602],[135.33320446971774,34.769697552517606],[135.3326507785624,34.76948110362569],[135.33200658813672,34.769516534890144],[135.331512364046,34.7702402043612],[135.33061517881347,34.76977781660817],[135.3304819490304,34.769933423600335],[135.33010801624263,34.77007269106915],[135.3298304685623,34.770122009533],[135.32969886853965,34.770200415754395],[135.32933295549392,34.77025482135259],[135.32881844314898,34.77026551125304],[135.32866125041747,34.770380465123665],[135.32846574027036,34.77043896855423],[135.32811468541905,34.77042268293254],[135.3275972285078,34.771176388461974],[135.3272834816522,34.77188673613844],[135.32652605924628,34.772452667757314],[135.3262599043812,34.772556253553454],[135.3259814568294,34.77261007779879],[135.32519485433954,34.77265776042472],[135.32400306372813,34.77295959719459],[135.3236575520991,34.772979592946186],[135.3232869639126,34.773100784598846],[135.32316528662224,34.77343869351442],[135.32303684888106,34.77349734572365],[135.32293526667738,34.773760298838994],[135.32275332610212,34.77401235424327],[135.32254710960157,34.77443306787933],[135.32256917514596,34.77452218840942],[135.32230288528814,34.77488014661961],[135.3223463726505,34.775012334235825],[135.32216580777018,34.77509436912315],[135.32199613081946,34.77550196588555],[135.32204256673919,34.77558793177143],[135.32224742972753,34.77637546289903],[135.32229696129286,34.77672071271319],[135.3223000924959,34.77698281411656],[135.3222708188566,34.77716165283732],[135.3221640249018,34.77743168894361],[135.32214902281322,34.777633511424256],[135.3222114649416,34.77803767351556],[135.3221487044416,34.7786286352206],[135.3223315231728,34.778884908021816],[135.32225442043546,34.77973247690315],[135.32246216389817,34.7798386803055],[135.32275107379027,34.7798797137732],[135.3230090573185,34.779968465685336],[135.32315158214556,34.78004519739476],[135.32341163810898,34.78030689747949],[135.32352365221004,34.78046613327206],[135.32359230893962,34.78050444959079],[135.32380756543998,34.78052438920406],[135.32393253825356,34.7804540727707],[135.3240690635918,34.7801722437815],[135.32418822864582,34.78001591403744],[135.32425029764462,34.77996005386988],[135.3245311719626,34.77984311348374],[135.32461941715204,34.77973520595829],[135.3246169831978,34.779531977413306],[135.3246431161052,34.77946894413479],[135.3249097021739,34.779278171729764],[135.3250923939302,34.779195270104616],[135.32520153440564,34.778957749845056],[135.32525472893437,34.778909286952434]]]},"properties":{"code":"282044010","name":"甲山町","jinko":502,"addr_key":"28204|甲山町","addr_key_town":"28204|甲山町","n":[0,null],"w":[false,false],"neighbors":["282040070","282040080","28204402006","282044080","282044200"]}},{"type":"Feature","geometry":{"type":"Polygon","coordinates":[[[135.3687408228891,34.77565232288586],[135.3684806349868,34.775000565280536],[135.36750820933895,34.77524490430577],[135.36740558269395,34.774975624185664],[135.36741478361364,34.774905965438016],[135.3667370324186,34.77515370834181],[135.36671380716533,34.77518728742187],[135.36663926418038,34.775157356022504],[135.36639753716622,34.775231666133024],[135.36642908482781,34.77533154341068],[135.36602248198935,34.77543514222556],[135.3659555283882,34.77519936173607],[135.36556904635006,34.77529433658198],[135.36535654232628,34.77528219563904],[135.36423704594583,34.775519868717],[135.36342780059016,34.775366718188465],[135.36335093918774,34.775150458182274],[135.3630308562989,34.77515598548797],[135.36298540912648,34.77506354925259],[135.36243817978567,34.77583610182833],[135.36389317302994,34.77633690313304],[135.36440915069053,34.776413942602936],[135.36503354264332,34.77639653397434],[135.36587493869132,34.77635488527907],[135.36656043552273,34.77626159574377],[135.3687408228891,34.77565232288586]]]},"properties":{"code":"28204402001","name":"仁川町一丁目","jinko":664,"addr_key":"28204|仁川町1","addr_key_town":"28204|仁川町1","n":[null,null],"w":[false,false],"neighbors":["28204402002","282044350","28204436004","28204436005","28204436006"]}},{"type":"Feature","geometry":{"type":"Polygon","coordinates":[[[135.36116797962234,34.77413113323498],[135.36043287672229,34.7738159210734],[135.360342571183,34.77393260372423],[135.3589818967272,34.77363421345648],[135.35937448313103,34.772922701357594],[135.35868709129073,34.77288215886646],[135.3579846831173,34.77272469155231],[135.3577297956457,34.77319798658031],[135.35765509776073,34.773445105597425],[135.35718095462053,34.77423716199086],[135.35789315144638,34.77452948643151],[135.36054364494402,34.775156734511285],[135.36243817978567,34.77583610182833],[135.3629558239466,34.775100421040285],[135.362489208302,34.77483928762695],[135.3624920696072,34.774794754410976],[135.36205421117972,34.774553659657364],[135.36199493499996,34.77440584459694],[135.36116797962234,34.77413113323498]]]},"properties":{"code":"28204402002","name":"仁川町二丁目","jinko":1169,"addr_key":"28204|仁川町2","addr_key_town":"28204|仁川町2","n":[11,null],"w":[false,false],"neighbors":["28204402001","28204402003","28204436004"]}},{"type":"Feature","geometry":{"type":"Polygon","coordinates":[[[135.3582709805812,34.77223113034619],[135.35865414122077,34.77175097779189],[135.35876195286093,34.7715525951618],[135.3585050847545,34.771534056198036],[135.35847972879336,34.77150595826806],[135.3559583743057,34.770903496437136],[135.35571364550967,34.77203433697501],[135.3538060013767,34.771297931474805],[135.35346159395124,34.77205085507242],[135.35400057603093,34.77223155164559],[135.35462674543362,34.772526731159886],[135.3551105584151,34.77287704910939],[135.35718095462053,34.77423716199086],[135.35765509776073,34.773445105597425],[135.3577297956457,34.77319798658031],[135.3582709805812,34.77223113034619]]]},"properties":{"code":"28204402003","name":"仁川町三丁目","jinko":1200,"addr_key":"28204|仁川町3","addr_key_town":"28204|仁川町3","n":[5,null],"w":[false,false],"neighbors":["28204402002","28204402004","28204402005","28204422001","28204422002","28204436004"]}},{"type":"Feature","geometry":{"type":"Polygon","coordinates":[[[135.35571364550967,34.77203433697501],[135.3559583743057,34.770903496437136],[135.3546982993745,34.770556464697144],[135.3539242712693,34.77058268217636],[135.35300752824196,34.77056628610553],[135.35220194482827,34.77051106340141],[135.35196638975668,34.770594448776805],[135.35168786088124,34.7703966316269],[135.35144244847865,34.77042108179915],[135.35110534520712,34.770387705248176],[135.35109356983523,34.77024892376882],[135.3501097782753,34.77032518434155],[135.3503641567516,34.77080871284464],[135.3505138430909,34.77174581279475],[135.3509415465307,34.77172702269409],[135.35189107767877,34.771757666848295],[135.35301538503066,34.77191853428502],[135.35346159395124,34.77205085507242],[135.3538060013767,34.771297931474805],[135.35571364550967,34.77203433697501]]]},"properties":{"code":"28204402004","name":"仁川町四丁目","jinko":707,"addr_key":"28204|仁川町4","addr_key_town":"28204|仁川町4","n":[7,0],"w":[false,false],"neighbors":["28204402003","28204402005","282044090","282044100","28204422001","28204422002","28204422003"]}},{"type":"Feature","geometry":{"type":"Polygon","coordinates":[[[135.34764091684326,34.77427372342909],[135.34804906979863,34.77416270809959],[135.34814959203442,34.774216800765764],[135.34826472236935,34.774097665722195],[135.34834380444616,34.774066723216315],[135.34829605249217,34.77397979394758],[135.34844273905338,34.77392870769823],[135.34854902496215,34.77398627320879],[135.3486226704721,34.77395734837455],[135.34896449897738,34.77364433892286],[135.3490479175254,34.77370237722734],[135.3491712902031,34.773601623998616],[135.3491664273072,34.773511378919615],[135.3493893382638,34.77350951670871],[135.34939051047127,34.773451898722215],[135.3495396657808,34.7733934668015],[135.35163295503565,34.77337975982325],[135.35163523710267,34.77329452566033],[135.3519149842823,34.77329218289605],[135.35192104886394,34.77311212409807],[135.35241725317263,34.773110784017064],[135.35299774499657,34.7730577470399],[135.35346159395124,34.77205085507242],[135.35301538503066,34.77191853428502],[135.35189107767877,34.771757666848295],[135.3509415465307,34.77172702269409],[135.3505138430909,34.77174581279475],[135.35026899640198,34.77176814309431],[135.3497676223653,34.77187614265629],[135.34989993607053,34.7723301268822],[135.3499397603058,34.7725985383531],[135.34971376675836,34.77266197992348],[135.34936931389453,34.77261454570739],[135.34939209175525,34.772703284868626],[135.34905756746977,34.77277042421271],[135.3490353381647,34.77269778973054],[135.34873824410337,34.7727956270759],[135.34865606965388,34.773047591963916],[135.34858716621136,34.77313605844925],[135.34834320354977,34.77334908964417],[135.34812293138026,34.77363601100553],[135.3478960004317,34.77374847327308],[135.34771905374518,34.773963479957885],[135.34764091684326,34.77427372342909]]]},"properties":{"code":"28204402005","name":"仁川町五丁目","jinko":721,"addr_key":"28204|仁川町5","addr_key_town":"28204|仁川町5","n":[5,0],"w":[false,false],"neighbors":["28204402003","28204402004","28204402006","282044090"]}},{"type":"Feature","geometry":{"type":"Polygon","coordinates":[[[135.31404363963964,34.78844551753553],[135.31478721737005,34.78826951568657],[135.31501153537698,34.788267706307785],[135.31543703244972,34.78836427683416],[135.31563102379465,34.78836778168872],[135.31612124968873,34.78829382022627],[135.31659926991807,34.788219815171594],[135.31731543548145,34.78803655422409],[135.31816701709192,34.78776965461152],[135.3192937716279,34.78770052896407],[135.3196680179633,34.787830177401396],[135.32000395122216,34.78789661271049],[135.32027785618897,34.78790819446214],[135.32056796424894,34.78788288270107],[135.32082395284388,34.78780249286681],[135.32116836942367,34.787642931052],[135.32135663501126,34.78750322814992],[135.321444433728,34.787378144637266],[135.32192439992727,34.7857037527879],[135.32241115153664,34.78554077512654],[135.32279437603574,34.785357931314344],[135.3232473120519,34.784930282546625],[135.32348871478445,34.78457351289209],[135.3238642693102,34.783579140923905],[135.32417692897363,34.783086008436605],[135.32458062166725,34.78256804769219],[135.3247541231869,34.78218056052302],[135.32506725946334,34.7817278467132],[135.3253006073684,34.7814980459915],[135.32629378161997,34.780725261375835],[135.3263736558252,34.78069531238985],[135.326825161988,34.78082754840678],[135.32692877888735,34.78110432040509],[135.32697686236736,34.78139802543648],[135.32710367471705,34.7815733356116],[135.3272433148639,34.78170079221407],[135.3273688074699,34.78176596762813],[135.32767698940393,34.781825987216784],[135.32785186750067,34.781923717113344],[135.32809010836317,34.78209459332657],[135.32826231922823,34.78233953449561],[135.32960009411303,34.78225689274446],[135.32968085422095,34.782300318313354],[135.33024326911948,34.782391207398845],[135.33108704424515,34.782716980736296],[135.33202031232227,34.782521849695776],[135.33222958839724,34.782512807095266],[135.33251962993748,34.78255451174608],[135.33313210199321,34.78235834494406],[135.3332859700407,34.78200227742188],[135.33369382363736,34.78183356622244],[135.33405530025547,34.781514524366],[135.33439250842017,34.78140512572358],[135.33461482442164,34.78136653427696],[135.33485103700852,34.7813757157521],[135.33500750275746,34.78141851289837],[135.33508848732126,34.78148024202865],[135.33527733802765,34.781807712584836],[135.33537145747172,34.78185468587593],[135.3356606531224,34.78182652479701],[135.33625839601655,34.781887794003396],[135.33643176722074,34.78185326391734],[135.33679981260713,34.78171064197863],[135.33725434784623,34.78171787506762],[135.33750069615994,34.78164780967339],[135.33775367208452,34.78156120892223],[135.33834000595576,34.78123846141713],[135.3390488289488,34.780909064068894],[135.34067061779535,34.780368147096375],[135.34121281933983,34.78025702888922],[135.34164315298366,34.779742592922105],[135.3419343131249,34.77950495651415],[135.34186179478556,34.77922061763653],[135.34190105889027,34.7790072723776],[135.3419178003423,34.77819436405606],[135.34189232900485,34.77789709653707],[135.34165725685415,34.777736984876405],[135.34164049909893,34.777695203712156],[135.3415954668388,34.77747373599567],[135.3416553402445,34.77726689117255],[135.34177797793484,34.777209336343454],[135.34180502316914,34.77691794244721],[135.34185830481493,34.77680752402513],[135.34271794683346,34.775469818298646],[135.34277561094845,34.77541806955865],[135.34278534654703,34.775446582350334],[135.3434177387165,34.77527301125528],[135.34384042200668,34.775253864027654],[135.34396765509277,34.775125617373746],[135.3441103899085,34.775085837376956],[135.34426184875105,34.77480287484189],[135.34465305753355,34.774659614738],[135.34480956891463,34.774930297015146],[135.34498724013423,34.774753035983295],[135.34570366874144,34.77450790707469],[135.34641121190177,34.77422031055362],[135.34655275243665,34.77436209466637],[135.34751927001776,34.77430671067374],[135.34764091684326,34.77427372342909],[135.34771905374518,34.773963479957885],[135.34780575890082,34.773837117321904],[135.3478960004317,34.77374847327308],[135.34812293138026,34.77363601100553],[135.34834320354977,34.77334908964417],[135.34858716621136,34.77313605844925],[135.34865606965388,34.773047591963916],[135.34873824410337,34.7727956270759],[135.3490353381647,34.77269778973054],[135.34905756746977,34.77277042421271],[135.34939209175525,34.772703284868626],[135.34936931389453,34.77261454570739],[135.34971376675836,34.77266197992348],[135.3499397603058,34.7725985383531],[135.34989993607053,34.7723301268822],[135.3497676223653,34.77187614265629],[135.3493735522586,34.771979017049944],[135.34894473668095,34.77213711347151],[135.34717001620078,34.773009846835514],[135.3466919918337,34.7731229914785],[135.34439083013274,34.77351765886677],[135.34326714897617,34.77352784222644],[135.34271964746074,34.773697325568456],[135.34233414272063,34.77403575266127],[135.34164889345354,34.77450103830866],[135.34154208523546,34.77456108187583],[135.3412650988723,34.774622536357086],[135.34123463713865,34.774700397739174],[135.3412341126537,34.77502210778717],[135.34116037017927,34.77521850270528],[135.34074435255775,34.77527378435695],[135.34065528095536,34.77531889190004],[135.34058023572862,34.77540824987733],[135.3405045681044,34.77563621238072],[135.34035506161885,34.77587027813164],[135.34034368814562,34.77603685989877],[135.34041708855398,34.776359647863366],[135.3402082124007,34.776505610587606],[135.34014243686013,34.77662066859128],[135.34012761724492,34.776875873667144],[135.34006193375848,34.77699853633659],[135.3397350252387,34.77701223048408],[135.3393124029309,34.77688994753227],[135.3384652064173,34.777046681903784],[135.3383620182644,34.777032886534215],[135.33828069563296,34.776978063732194],[135.33806768200833,34.776776573937525],[135.3378025592345,34.77671214313535],[135.33765931467417,34.7767244535441],[135.33754322253148,34.776758653815484],[135.33744581090156,34.77684819488834],[135.33720493316713,34.77693892194828],[135.33700917220287,34.777055051986004],[135.3369475596757,34.7771406354875],[135.3368747504674,34.77742223634485],[135.33674592922333,34.777695004454074],[135.33648851062804,34.777900378629326],[135.3362743814296,34.77797975540903],[135.33611338543741,34.77799967634095],[135.3355876679359,34.7778783724081],[135.33547573805723,34.777882958070705],[135.33490573952315,34.778172318231874],[135.3339929197462,34.77845885646325],[135.33376444803122,34.778460734927485],[135.33328094040635,34.77830766010838],[135.3329552352809,34.77842118562083],[135.33290221914163,34.77847711691136],[135.33282841380463,34.77867730777822],[135.33265917074652,34.77875630768622],[135.3325243912328,34.77872783517699],[135.33216796441383,34.7785238505996],[135.33205567708788,34.77849885560288],[135.3317288511059,34.77851998998482],[135.33104319825975,34.77869745165032],[135.3307390868153,34.77874064947077],[135.33000215533218,34.77856555325984],[135.32927771539093,34.778492044237865],[135.32914245039137,34.778422866955864],[135.32916702145272,34.77823054467285],[135.3292854223698,34.77801871911742],[135.32920011306635,34.778000966150145],[135.3289456026551,34.77807333344403],[135.32860320766991,34.778290510632495],[135.32826549048295,34.77833580981914],[135.32809482651908,34.778303823223155],[135.32798644659346,34.77823456561414],[135.32785863216017,34.77803968343436],[135.3276325526581,34.777864056798],[135.32726943933366,34.7778485719628],[135.32687181160762,34.7779442181229],[135.32667169086494,34.77806783052037],[135.32643185902572,34.77824726191662],[135.32585936460137,34.778885904212146],[135.32576584452113,34.77893836057451],[135.32525472893437,34.778909286952434],[135.32520153440564,34.778957749845056],[135.3250923939302,34.779195270104616],[135.3249097021739,34.779278171729764],[135.3246431161052,34.77946894413479],[135.3246169831978,34.779531977413306],[135.32461941715204,34.77973520595829],[135.3245311719626,34.77984311348374],[135.32425029764462,34.77996005386988],[135.32418822864582,34.78001591403744],[135.3240690635918,34.7801722437815],[135.32393253825356,34.7804540727707],[135.32380756543998,34.78052438920406],[135.32359230893962,34.78050444959079],[135.32352365221004,34.78046613327206],[135.32341163810898,34.78030689747949],[135.32315158214556,34.78004519739476],[135.3230090573185,34.779968465685336],[135.32275107379027,34.7798797137732],[135.32246216389817,34.7798386803055],[135.32225442043546,34.77973247690315],[135.3219025655327,34.77979576132564],[135.3219894336912,34.77985801597331],[135.31865570981086,34.78076466997153],[135.3185040467559,34.780859141032195],[135.31731682004815,34.78212373533667],[135.31680382293996,34.78255536630112],[135.31570362610032,34.78333147104577],[135.31522433615854,34.783806768999085],[135.31513327052525,34.783966384444774],[135.31493222880107,34.784655786365455],[135.3148147964435,34.78483772682605],[135.31396787047765,34.785683044599295],[135.31320654380104,34.78674415608389],[135.31308949134976,34.78695891040287],[135.3130263947416,34.78723886765996],[135.3130293799365,34.78749096831682],[135.3130778267046,34.78766058547034],[135.31337374433062,34.78795962482239],[135.31344144687492,34.78806852166714],[135.31345024672166,34.788249443748214],[135.3132636322834,34.78876054762513],[135.31404363963964,34.78844551753553]]]},"properties":{"code":"28204402006","name":"仁川町六丁目","jinko":1016,"addr_key":"28204|仁川町6","addr_key_town":"28204|仁川町6","n":[17,7],"w":[false,false],"neighbors":["282040010","282040070","282044010","28204402005","282044080","282044090"]}},{"type":"Feature","geometry":{"type":"Polygon","coordinates":[[[135.34326714897617,34.77352784222644],[135.34439083013274,34.77351765886677],[135.3466919918337,34.7731229914785],[135.34717001620078,34.773009846835514],[135.34838505286757,34.772418136088845],[135.3477630969788,34.77121101809378],[135.34641145189335,34.77138581456683],[135.34630424173713,34.77105683296173],[135.3457734726947,34.77095969890245],[135.34573717378086,34.770845770498234],[135.3457736849127,34.77083729770999],[135.34574248821886,34.77073586206257],[135.34555117685568,34.770480541282026],[135.34461549665906,34.76984970434235],[135.34437826935076,34.76947489705903],[135.3443057246313,34.769125201764645],[135.34400234774077,34.76881982150534],[135.34373512265105,34.76841328909883],[135.343485822272,34.768524519890086],[135.34277212903643,34.76857044740728],[135.3417425557101,34.76880421123882],[135.34057729425552,34.768969226240394],[135.33986110923175,34.76885289596559],[135.34026764432028,34.76992944200082],[135.33979706332633,34.77121664021748],[135.34173524928235,34.77217204014952],[135.34316237215273,34.7721725919505],[135.3433677613042,34.77235779600692],[135.3427260052272,34.77285357122432],[135.34244108247756,34.77324341945701],[135.34219959957167,34.77365487904765],[135.34189939807183,34.774024289226936],[135.34181028373433,34.774093764133546],[135.3419956697133,34.77427631905043],[135.34233414272063,34.77403575266127],[135.34271964746074,34.773697325568456],[135.34326714897617,34.77352784222644]]]},"properties":{"code":"282044080","name":"仁川百合野町","jinko":1085,"addr_key":"28204|仁川百合野町","addr_key_town":"28204|仁川百合野町","n":[20,8],"w":[false,false],"neighbors":["282040080","282044010","28204402006","282044090","282044100","282044200","282044210"]}},{"type":"Feature","geometry":{"type":"Polygon","coordinates":[[[135.3503641567516,34.77080871284464],[135.35012384376458,34.7703585893732],[135.34899532553754,34.77053422433222],[135.34880946724607,34.77058521526762],[135.34848355127656,34.77075428178794],[135.3478552904664,34.77085009203217],[135.3478802714197,34.77098735458105],[135.3477630969788,34.77121101809378],[135.34838505286757,34.772418136088845],[135.34894473668095,34.77213711347151],[135.3493735522586,34.771979017049944],[135.35026899640198,34.77176814309431],[135.3505138430909,34.77174581279475],[135.3503641567516,34.77080871284464]]]},"properties":{"code":"282044090","name":"仁川五ケ山町","jinko":338,"addr_key":"28204|仁川5ケ山町","addr_key_town":"28204|仁川5ケ山町","n":[3,0],"w":[false,false],"neighbors":["28204402004","28204402005","28204402006","282044080","282044100"]}},{"type":"Feature","geometry":{"type":"Polygon","coordinates":[[[135.34886022157679,34.76768676627609],[135.34735948716587,34.765158461035675],[135.34579927303827,34.76583613943432],[135.34385681659785,34.76674754934016],[135.34332876481952,34.767031808418345],[135.34376439027383,34.767468211407206],[135.3439826618726,34.76784275411307],[135.34415307290715,34.76828854270052],[135.34410070202932,34.76891351521641],[135.3443057246313,34.769125201764645],[135.34437826935076,34.76947489705903],[135.34449066231082,34.76967721276275],[135.34461549665906,34.76984970434235],[135.34555117685568,34.770480541282005],[135.34574248821886,34.770735862062566],[135.3457736849127,34.77083729770999],[135.34573717378086,34.770845770498234],[135.3457734726947,34.77095969890245],[135.34630424173713,34.771056832961705],[135.34641145189335,34.771385814566806],[135.3477630969788,34.77121101809378],[135.3478802714197,34.77098735458105],[135.3478552904664,34.77085009203217],[135.34848355127656,34.77075428178794],[135.34880946724607,34.77058521526762],[135.34899532553754,34.77053422433222],[135.35012384376458,34.7703585893732],[135.35000848913552,34.770125036219376],[135.35002202043202,34.76997590286152],[135.34899280066406,34.767766508099754],[135.34886022157679,34.76768676627609]]]},"properties":{"code":"282044100","name":"上ケ原一番町","jinko":93,"addr_key":"28204|上ケ原1番町","addr_key_town":"28204|上ケ原1番町","n":[225,13],"w":[false,false],"neighbors":["28204402004","282044080","282044090","282044110","282044120","282044210","28204422003","28204422005"]}},{"type":"Feature","geometry":{"type":"Polygon","coordinates":[[[135.35104782222632,34.76391956429028],[135.35077517673358,34.76364971950937],[135.34897601774767,34.76448282610456],[135.34735948716587,34.765158461035675],[135.34886022157679,34.76768676627609],[135.34899364311096,34.767584661252975],[135.34915019957128,34.76737883669021],[135.34916870959978,34.76714134660326],[135.34938141218458,34.7670182967722],[135.3501510686739,34.76603350611192],[135.3503728999707,34.76591051853211],[135.35039295524751,34.76579921863943],[135.35151055716565,34.76432416185468],[135.35147263550073,34.76425222227575],[135.35104782222632,34.76391956429028]]]},"properties":{"code":"282044110","name":"上ケ原二番町","jinko":591,"addr_key":"28204|上ケ原2番町","addr_key_town":"28204|上ケ原2番町","n":[16,null],"w":[false,false],"neighbors":["282044100","282044120","282044130","28204422005","282044320"]}},{"type":"Feature","geometry":{"type":"Polygon","coordinates":[[[135.34897601774767,34.76448282610456],[135.34864455954195,34.76338976520296],[135.34567918632445,34.76465482761855],[135.34553796698816,34.76481023649376],[135.34508106069595,34.765020949316344],[135.34491437886817,34.76515290613901],[135.34407573147115,34.76567102992723],[135.34405469765494,34.765744729447846],[135.34353025685417,34.76607966616115],[135.34343443059993,34.76622765234166],[135.343061437274,34.76655301881371],[135.34286666564583,34.766593510829566],[135.34332876481952,34.767031808418345],[135.34385681659785,34.76674754934016],[135.34579927303827,34.765836139434306],[135.34897601774767,34.76448282610456]]]},"properties":{"code":"282044120","name":"上ケ原三番町","jinko":661,"addr_key":"28204|上ケ原3番町","addr_key_town":"28204|上ケ原3番町","n":[15,4],"w":[false,false],"neighbors":["282044100","282044110","282044130","282044140","282044150","282044210"]}},{"type":"Feature","geometry":{"type":"Polygon","coordinates":[[[135.34921786604409,34.75952591119624],[135.34912019463044,34.75927826359847],[135.34913576906428,34.75904502367108],[135.3486478962318,34.75930868704911],[135.34843299764307,34.75923399841],[135.34824287441756,34.75922207022946],[135.34795893550637,34.75914420161446],[135.34807404116077,34.758971157334784],[135.34760904675565,34.75871070357053],[135.34754537406238,34.75864686440394],[135.34748680221807,34.75851143133108],[135.34719155332812,34.75836557443553],[135.34695137616055,34.758313207500656],[135.34697164168662,34.758623758905344],[135.34777283859685,34.76095142514346],[135.34788810325836,34.76124921079091],[135.34807558829013,34.761513998814266],[135.34816305514576,34.76175060423888],[135.34897601774767,34.76448282610456],[135.35077517673358,34.76364971950937],[135.35051408956693,34.76333428278302],[135.35034879925348,34.76320298198692],[135.35013872029134,34.76292007667293],[135.35015101413396,34.76248234671075],[135.35012480277817,34.76219607340828],[135.34990198210588,34.761535085872794],[135.3496805595487,34.761126775043834],[135.3496667425562,34.7606957415622],[135.34960316209555,34.76047288187605],[135.34961625789677,34.760163039116016],[135.34966562748554,34.76004811324682],[135.3495663971394,34.75968061448908],[135.34948277404033,34.75961849249485],[135.34921786604409,34.75952591119624]]]},"properties":{"code":"282044130","name":"上ケ原四番町","jinko":1568,"addr_key":"28204|上ケ原4番町","addr_key_town":"28204|上ケ原4番町","n":[17,4],"w":[false,false],"neighbors":["282040440","282040450","282040460","282044110","282044120","282044140","282044320"]}},{"type":"Feature","geometry":{"type":"Polygon","coordinates":[[[135.34672990472941,34.758325054300975],[135.34654010632326,34.75786323091854],[135.34622222716519,34.758190825323794],[135.34619061689327,34.758187848993884],[135.34617843024702,34.758601070440164],[135.34609222866757,34.758879408304956],[135.34658408531342,34.759003627750154],[135.34674910838572,34.759225644527774],[135.34696295417126,34.75943443660175],[135.34696542826208,34.75949723667556],[135.34668111432677,34.75975074521087],[135.34658560071435,34.75995817139974],[135.3465850514142,34.76019255423991],[135.34668215342793,34.76038710735138],[135.3468908501109,34.760586223637794],[135.34699411374032,34.760733257919625],[135.3471278760122,34.76075031289981],[135.34728438465763,34.76110620965052],[135.34735679699438,34.761493513710214],[135.345604269164,34.762301673241126],[135.34576670627564,34.76343629270119],[135.34577644209227,34.76368115329945],[135.34567918632445,34.76465482761855],[135.34864455954195,34.76338976520296],[135.34816305514576,34.76175060423888],[135.34807558829013,34.761513998814266],[135.34788810325836,34.76124921079091],[135.34777283859685,34.76095142514346],[135.34697164168662,34.758623758905344],[135.34694570511655,34.75833804478456],[135.34672990472941,34.758325054300975]]]},"properties":{"code":"282044140","name":"上ケ原五番町","jinko":1190,"addr_key":"28204|上ケ原5番町","addr_key_town":"28204|上ケ原5番町","n":[11,9],"w":[false,false],"neighbors":["282040460","282044120","282044130","282044150","282044160"]}},{"type":"Feature","geometry":{"type":"Polygon","coordinates":[[[135.34577487181102,34.763641690945725],[135.34570374840393,34.76310989925538],[135.34470653117322,34.76318496051563],[135.3446193365212,34.76322188345356],[135.3445511202999,34.763296257668344],[135.34445867923478,34.763455625604934],[135.3443161037886,34.763513856485],[135.34413225572683,34.763651729352674],[135.34401250964495,34.76351074570913],[135.34371688819294,34.76334953144668],[135.34320868306685,34.76381109886015],[135.34162218812904,34.765478568364195],[135.34286666564583,34.766593510829566],[135.343061437274,34.76655301881371],[135.34343443059993,34.76622765234166],[135.34353025685417,34.76607966616115],[135.34405469765494,34.765744729447846],[135.34407573147115,34.76567102992723],[135.34491437886817,34.76515290613901],[135.34508106069595,34.765020949316344],[135.34546778395142,34.764849554327746],[135.34560777311376,34.76474007407142],[135.34567918632445,34.76465482761855],[135.34577487181102,34.763641690945725]]]},"properties":{"code":"282044150","name":"上ケ原六番町","jinko":524,"addr_key":"28204|上ケ原6番町","addr_key_town":"28204|上ケ原6番町","n":[23,null],"w":[false,false],"neighbors":["282044120","282044140","282044160","282044170","282044210"]}},{"type":"Feature","geometry":{"type":"Polygon","coordinates":[[[135.345340288908,34.75782011999631],[135.34490739914128,34.75780019925904],[135.34485908573177,34.75777102268527],[135.34481878873925,34.757657689467734],[135.34476769295958,34.757638254812065],[135.34479645795057,34.7578416875061],[135.34468272772125,34.75846576408212],[135.34458238114794,34.75853632044194],[135.34459561701377,34.75864889223545],[135.34446353184168,34.758880848004026],[135.3440939378528,34.75926520699932],[135.34394659630058,34.75948489340574],[135.34390195410177,34.7596940080106],[135.34390324218455,34.759799635967475],[135.34400026361507,34.76001588307897],[135.34450292779871,34.7603122834741],[135.34461718428884,34.76055613469623],[135.34480992941366,34.76074242817951],[135.344971058739,34.76082038890027],[135.34505436676528,34.761017311085595],[135.3449364904924,34.76130210895199],[135.34497189116735,34.761440835120915],[135.34476170880004,34.762315021569734],[135.34488332212095,34.762336264194616],[135.3448614990115,34.76247828479897],[135.3449125856261,34.76265744567404],[135.3447091272107,34.76284548501936],[135.3446841020753,34.76300443279795],[135.34455033042684,34.7630917465662],[135.3445511202999,34.763296257668344],[135.3446193365212,34.76322188345356],[135.34470653117322,34.76318496051563],[135.34570374840393,34.76310989925538],[135.345604269164,34.762301673241126],[135.34735679699438,34.761493513710214],[135.34728438465763,34.76110620965052],[135.3471278760122,34.76075031289981],[135.34699411374032,34.760733257919625],[135.3468908501109,34.760586223637794],[135.34668215342793,34.76038710735138],[135.3465850514142,34.76019255423991],[135.34658560071435,34.75995817139974],[135.34668111432677,34.75975074521087],[135.34696542826208,34.75949723667556],[135.34696295417126,34.75943443660175],[135.34674910838572,34.759225644527774],[135.34658408531342,34.759003627750154],[135.34609222866757,34.758879408304956],[135.34617843024702,34.758601070440164],[135.34619061689327,34.758187848993884],[135.34574857559556,34.75814533021775],[135.345340288908,34.75782011999631]]]},"properties":{"code":"282044160","name":"上ケ原七番町","jinko":1273,"addr_key":"28204|上ケ原7番町","addr_key_town":"28204|上ケ原7番町","n":[6,4],"w":[false,false],"neighbors":["282040460","282044140","282044150","282044170"]}},{"type":"Feature","geometry":{"type":"Polygon","coordinates":[[[135.34320868306685,34.76381109886015],[135.34371688819294,34.76334953144668],[135.34401250964495,34.76351074570913],[135.34413225572683,34.763651729352674],[135.3443161037886,34.763513856485],[135.34445867923478,34.763455625604934],[135.3445511202999,34.763296257668344],[135.34455033042684,34.7630917465662],[135.3446841020753,34.76300443279795],[135.3447091272107,34.76284548501936],[135.3449125856261,34.76265744567404],[135.3448614990115,34.76247828479897],[135.34488332212095,34.762336264194616],[135.34476170880004,34.762315021569734],[135.34497189116735,34.761440835120915],[135.3449364904924,34.76130210895199],[135.34505436676528,34.761017311085595],[135.3450017619302,34.760853514388195],[135.34480992941366,34.76074242817951],[135.34461718428884,34.76055613469623],[135.34450292779871,34.7603122834741],[135.34400026361507,34.76001588307897],[135.34390324218455,34.759799635967475],[135.34394659630058,34.75948489340574],[135.3440939378528,34.75926520699932],[135.34446353184168,34.758880848004026],[135.34459561701377,34.75864889223545],[135.34458238114794,34.75853632044194],[135.34468272772125,34.75846576408212],[135.34479645795057,34.7578416875061],[135.34476769295958,34.757638254812065],[135.3439044903369,34.75732668163717],[135.34378584982042,34.75754134046192],[135.3429523897033,34.757212189711645],[135.34303736233397,34.7570564052682],[135.34255682769876,34.756852906013805],[135.34249871808348,34.75673677518095],[135.3419677917215,34.75683935396698],[135.3422066960571,34.75720837722167],[135.34236669032603,34.7573829743331],[135.34247169753195,34.75759000101294],[135.34251847048753,34.75790624884633],[135.342569192372,34.757978930262745],[135.34260140779034,34.75812275535409],[135.3425232007286,34.75829468076557],[135.34294151415077,34.7587710918845],[135.34297284243428,34.758848863963394],[135.3429724269234,34.75908803458666],[135.34293291335462,34.75917188857506],[135.34279566693615,34.75925373568281],[135.34301576689205,34.760018567963705],[135.34308015897275,34.760596794702614],[135.34310023345674,34.76116581193253],[135.34262956151815,34.76111394145852],[135.34247554425042,34.76147974509437],[135.34245363590207,34.761621765003866],[135.34249171247606,34.76198048088064],[135.34253320947977,34.76206633797997],[135.34262412182403,34.76205445623607],[135.34267475583334,34.76247011288803],[135.3427052156451,34.76248366358818],[135.34129190676921,34.764517034202285],[135.34154553091614,34.76541370771096],[135.34162218812904,34.765478568364195],[135.34320868306685,34.76381109886015]]]},"properties":{"code":"282044170","name":"上ケ原八番町","jinko":1610,"addr_key":"28204|上ケ原8番町","addr_key_town":"28204|上ケ原8番町","n":[5,8],"w":[false,false],"neighbors":["282040460","282040470","282044150","282044160","282044180","282044190","282044210"]}},{"type":"Feature","geometry":{"type":"Polygon","coordinates":[[[135.34267475583334,34.76247011288803],[135.34262412182403,34.76205445623612],[135.34253320947977,34.76206633797997],[135.34249171247606,34.76198048088064],[135.34245363590207,34.761621765003866],[135.34247554425042,34.761479745094384],[135.34262956151815,34.76111394145852],[135.34310023345674,34.76116581193257],[135.34308015897275,34.76059679470265],[135.34301576689205,34.760018567963705],[135.34279566693615,34.75925373568281],[135.34293291335462,34.75917188857506],[135.3429724269234,34.75908803458666],[135.34297284243428,34.758848863963394],[135.34294151415077,34.7587710918845],[135.3425232007286,34.75829468076557],[135.34240904519297,34.75847169283458],[135.34208850338447,34.75842068739687],[135.34199929437943,34.75836888999434],[135.34191473968067,34.758250711954005],[135.34190482091182,34.75811585718076],[135.34175872424714,34.758017345320596],[135.34177611312882,34.75824031113571],[135.34170831996593,34.75838578221],[135.34184494319618,34.75865807215287],[135.341303007347,34.7589620164875],[135.34120844620404,34.758926178623355],[135.34111812479966,34.75878987789773],[135.34096097894235,34.75869526021178],[135.34046087270588,34.75926055816698],[135.34033886398254,34.75948693206922],[135.34010457206182,34.75963085090312],[135.34009703834175,34.75998008534976],[135.3401251869171,34.7600773220499],[135.34018683458382,34.760157520545],[135.3405712066239,34.760432520266754],[135.3407321328992,34.76063429594806],[135.3410097047326,34.761971923112874],[135.34129190676921,34.76451703420229],[135.34258804015153,34.76268647751294],[135.34270521564514,34.762483663588206],[135.34267475583334,34.76247011288803]]]},"properties":{"code":"282044180","name":"上ケ原九番町","jinko":738,"addr_key":"28204|上ケ原9番町","addr_key_town":"28204|上ケ原9番町","n":[null,4],"w":[false,false],"neighbors":["282040470","282044170","282044190"]}},{"type":"Feature","geometry":{"type":"Polygon","coordinates":[[[135.3410097047326,34.761971923112874],[135.3407321328992,34.76063429594806],[135.3405712066239,34.760432520266754],[135.34018683458382,34.760157520545],[135.34009703834175,34.75998008534976],[135.34010457206182,34.75963085090312],[135.34033886398254,34.75948693206922],[135.34046087270588,34.75926055816698],[135.34096097894235,34.75869526021178],[135.34079776496006,34.75863477746444],[135.34060567991253,34.7584386120389],[135.34032911192892,34.75824201908276],[135.3399872102638,34.75813977420613],[135.33958647472733,34.758666497596465],[135.33904150135177,34.75905849008695],[135.33905909490127,34.75936906510504],[135.3391569510095,34.7595568563546],[135.33918908644915,34.759813786129996],[135.33926906395766,34.760012007915215],[135.33953483976532,34.76045771922144],[135.33986952644813,34.76065383297398],[135.3399043299291,34.76077932647531],[135.33984325416722,34.76099928021108],[135.34005249826893,34.761104032553654],[135.34018722366645,34.761320110759506],[135.34019692429678,34.76152821051496],[135.34011093856347,34.76169991620817],[135.33999549023085,34.76179904571404],[135.33994758635882,34.76177592048164],[135.33990162592687,34.76171545281154],[135.33987893070505,34.76142083665697],[135.33980113173885,34.76118470802298],[135.33928948743036,34.76081568348424],[135.33907625256813,34.76055757427936],[135.33891977092645,34.76043998902618],[135.33872499391418,34.76002214107204],[135.3387202659847,34.7598644257138],[135.3385579296342,34.75972181726435],[135.3385348855803,34.759651159639006],[135.33856407221938,34.7595458421105],[135.33836541123452,34.75960227553747],[135.337995849158,34.759920408800916],[135.33783174851553,34.760184713868824],[135.33781665501667,34.76029120997612],[135.3376266733846,34.76027679282106],[135.33758411602392,34.760380177601846],[135.33759419199527,34.76052869286628],[135.33778150191648,34.76123915356376],[135.3379980974005,34.761633862640565],[135.33849309922147,34.762256001037684],[135.33866921000802,34.76238722739974],[135.33903623708883,34.76250532558912],[135.33921516483596,34.76264314901068],[135.33936956132496,34.76305259631913],[135.339916475319,34.76385078584309],[135.3401166044404,34.7642304166725],[135.3402176414226,34.764496775569256],[135.34154553091614,34.76541370771096],[135.34129190676921,34.764517034202285],[135.3410097047326,34.761971923112874]]]},"properties":{"code":"282044190","name":"上ケ原十番町","jinko":1287,"addr_key":"28204|上ケ原10番町","addr_key_town":"28204|上ケ原10番町","n":[4,3],"w":[false,false],"neighbors":["282040140","282040470","282040480","282044170","282044180","282044200","282044210"]}},{"type":"Feature","geometry":{"type":"Polygon","coordinates":[[[135.3408012318452,34.765762145750124],[135.3404071881191,34.76552891941362],[135.34024970115942,34.76532993137889],[135.34013408331276,34.76524736334816],[135.34032212929,34.76504678327036],[135.34020333268955,34.76470267900692],[135.3403741618306,34.764609429147384],[135.3402176414226,34.764496775569256],[135.3401166044404,34.7642304166725],[135.339916475319,34.76385078584309],[135.33936956132496,34.76305259631913],[135.33906526158034,34.76311737025073],[135.3390481150021,34.76315328789631],[135.33910614602596,34.76330774517298],[135.3391118202156,34.76344488861938],[135.33917325191982,34.763478888475646],[135.33924086843663,34.76358664467894],[135.33948391543132,34.76467553261347],[135.33939370794423,34.76481586313639],[135.3393232145155,34.76506871207283],[135.3393734773995,34.765651564149636],[135.3387631747943,34.765579565028396],[135.33853904149592,34.76589396812614],[135.33798920662917,34.76625500750129],[135.33792026281847,34.7664179792366],[135.33792324386604,34.76666374116843],[135.33786538540554,34.76689634297862],[135.33787761942273,34.76699033098985],[135.3380785125052,34.767489258918985],[135.33840372519626,34.76762009930567],[135.33865741798772,34.7676240600006],[135.33898334074863,34.767771231880616],[135.33934090809456,34.76804997849242],[135.33968795490583,34.768509523492554],[135.33986110923175,34.76885289596559],[135.34057729425552,34.768969226240394],[135.3417425557101,34.76880421123882],[135.34277212903643,34.76857044740728],[135.343485822272,34.768524519890086],[135.34371560142188,34.76842204323878],[135.34322217142463,34.767689909125245],[135.34307560971047,34.767554781371864],[135.34233154639173,34.767236714910986],[135.34204822537455,34.766958065516185],[135.3417014120167,34.76672163460861],[135.34154961593867,34.766576829078176],[135.3413275953416,34.766475002375294],[135.3408012318452,34.765762145750124]]]},"properties":{"code":"282044200","name":"上ケ原山田町","jinko":1099,"addr_key":"28204|上ケ原山田町","addr_key_town":"28204|上ケ原山田町","n":[3,0],"w":[false,false],"neighbors":["282040080","282040140","282040480","282044010","282044080","282044190","282044210"]}},{"type":"Feature","geometry":{"type":"Polygon","coordinates":[[[135.34410070202932,34.76891351521641],[135.34415307290715,34.76828854270052],[135.3439826618726,34.76784275411307],[135.34390667654253,34.767679433891736],[135.3436414530309,34.767324719194015],[135.3422475306607,34.76601453607965],[135.34154553091614,34.76541370771096],[135.3403741618306,34.76460942914736],[135.34020333268955,34.76470267900692],[135.34032212929,34.76504678327032],[135.34013408331276,34.76524736334816],[135.34024970115942,34.76532993137889],[135.3404071881191,34.76552891941362],[135.3408012318452,34.765762145750124],[135.3412712714469,34.7664261710034],[135.34154961593867,34.766576829078176],[135.3417014120167,34.76672163460861],[135.34204822537455,34.766958065516185],[135.34233154639173,34.767236714910986],[135.3430756097105,34.767554781371835],[135.34322217142463,34.767689909125245],[135.34371560142188,34.76842204323878],[135.34373512265105,34.76841328909883],[135.34400234774077,34.76881982150534],[135.34410070202932,34.76891351521641]]]},"properties":{"code":"282044210","name":"上ケ原山手町","jinko":311,"addr_key":"28204|上ケ原山手町","addr_key_town":"28204|上ケ原山手町","n":[10,3],"w":[false,false],"neighbors":["282044080","282044100","282044120","282044150","282044170","282044190","282044200"]}},{"type":"Feature","geometry":{"type":"Polygon","coordinates":[[[135.35851552341964,34.767743228389406],[135.35823093613268,34.76744941628157],[135.35788411999087,34.76700245731441],[135.35790063057678,34.76697809170603],[135.357335631827,34.765988436361894],[135.3571548739461,34.76573262186695],[135.35669590779995,34.76524899647901],[135.3564645890317,34.76507924428809],[135.35632929212915,34.765180386714206],[135.3560524349508,34.765179758431415],[135.35596541898866,34.76530697458757],[135.35578457282443,34.76529919945214],[135.35563705501676,34.76533015876686],[135.3547450727119,34.76573908079643],[135.35433843411974,34.76598955009534],[135.35441776926214,34.76605607092136],[135.35432836543688,34.76611428909037],[135.35403703127915,34.76628941842715],[135.353519550728,34.76650715108749],[135.35409898774384,34.7669542826584],[135.35454150795292,34.76760651465505],[135.3552552977107,34.767521360036866],[135.35581395901943,34.76758370979652],[135.3562503924285,34.767893717216985],[135.35613392083758,34.768317252272176],[135.35650092877933,34.76838853483217],[135.3559583743057,34.770903496437136],[135.35847972879336,34.77150595826806],[135.3585050847545,34.771534056198036],[135.35876195286093,34.7715525951618],[135.35949764447125,34.77017407514422],[135.3595843514041,34.769774169737246],[135.35923757340555,34.769124952567445],[135.35912518078646,34.7685396750499],[135.35899385864226,34.76832091304472],[135.35851552341964,34.767743228389406]]]},"properties":{"code":"28204422001","name":"上甲東園一丁目","jinko":1553,"addr_key":"28204|上甲東園1","addr_key_town":"28204|上甲東園1","n":[null,4],"w":[false,false],"neighbors":["28204402003","28204402004","28204422002","28204422004","28204422006","28204426002","28204426003","282044290","28204436004"]}},{"type":"Feature","geometry":{"type":"Polygon","coordinates":[[[135.3559583743057,34.770903496437136],[135.35650092877933,34.76838853483217],[135.35613392083758,34.768317252272176],[135.3562503924285,34.767893717216985],[135.35581395901943,34.76758370979652],[135.3552552977107,34.767521360036866],[135.35454150795292,34.76760651465505],[135.35409898774384,34.7669542826584],[135.353519550728,34.76650715108749],[135.35403703127915,34.76628941842715],[135.35432836543688,34.76611428909037],[135.3538542005171,34.76571909410277],[135.353445837051,34.76606535419866],[135.35309051482113,34.76576381177279],[135.3531486264128,34.76540964535429],[135.35345186601143,34.76501623865334],[135.3534982166067,34.76489232217636],[135.35346115773945,34.76471051150162],[135.35317898128517,34.76452005179184],[135.35154672006973,34.76603084367095],[135.3509572884467,34.766415091417606],[135.35166051186386,34.76830380377367],[135.3521485373024,34.76925666429067],[135.35225815044433,34.7699529618067],[135.35229792419614,34.77042490329653],[135.35227659524827,34.77047409829205],[135.35220194482827,34.77051106340141],[135.35300752824196,34.77056628610553],[135.3539242712693,34.77058268217636],[135.35461144191527,34.770544799224126],[135.3559583743057,34.770903496437136]]]},"properties":{"code":"28204422002","name":"上甲東園二丁目","jinko":922,"addr_key":"28204|上甲東園2","addr_key_town":"28204|上甲東園2","n":[3,0],"w":[false,false],"neighbors":["28204402003","28204402004","28204422001","28204422003","28204422004","28204422005"]}},{"type":"Feature","geometry":{"type":"Polygon","coordinates":[[[135.35229792419614,34.77042490329653],[135.35225815044433,34.7699529618067],[135.3521485373024,34.76925666429067],[135.35166051186386,34.76830380377367],[135.3509572884467,34.766415091417606],[135.3489577190991,34.76774525128947],[135.34899280066406,34.767766508099754],[135.35002202043202,34.76997590286152],[135.35000848913552,34.770125036219376],[135.3501097782753,34.77032518434155],[135.35109356983523,34.77024892376882],[135.35110534520712,34.770387705248176],[135.35144244847865,34.77042108179915],[135.35168786088124,34.7703966316269],[135.35196638975668,34.770594448776805],[135.35227659524827,34.77047409829205],[135.35229792419614,34.77042490329653]]]},"properties":{"code":"28204422003","name":"上甲東園三丁目","jinko":967,"addr_key":"28204|上甲東園3","addr_key_town":"28204|上甲東園3","n":[3,null],"w":[false,false],"neighbors":["28204402004","282044100","28204422002","28204422005"]}},{"type":"Feature","geometry":{"type":"Polygon","coordinates":[[[135.3547450727119,34.76573908079643],[135.35563705501676,34.76533015876686],[135.35578457282443,34.76529919945214],[135.35596541898866,34.76530697458757],[135.3560540695764,34.76517979695451],[135.35568587269853,34.76517241684336],[135.3554251105897,34.76528638889867],[135.355435110551,34.7651231427999],[135.35527132419023,34.765039781927825],[135.35526094130776,34.7648763736859],[135.35488673542102,34.76500489769907],[135.35483840263052,34.76480163237443],[135.35490734301501,34.76481415307733],[135.35487262215196,34.76421314737204],[135.354643846842,34.76409731657011],[135.35459846912448,34.76401600351468],[135.35470687119277,34.76365775184123],[135.35471748412675,34.76343389685723],[135.35491645036586,34.76345710865068],[135.35494675487487,34.763434317783165],[135.35496184919313,34.763329622732186],[135.35489138604285,34.7631075557655],[135.35469143507075,34.76310358453641],[135.3547198311663,34.762853660128854],[135.35447001017116,34.76262926798317],[135.35393907895735,34.762813029151175],[135.35392468799478,34.762954143275756],[135.35366273165377,34.76294310061856],[135.35346516011785,34.762997577479005],[135.35353485214674,34.7633278541304],[135.35323319895525,34.76366237223188],[135.3528617784971,34.76427100893704],[135.35289969115843,34.76457098743077],[135.3530546845857,34.76451672763326],[135.35309777882048,34.76446087118389],[135.35346115773945,34.76471051150162],[135.3534982166067,34.76489232217636],[135.35345186601143,34.76501623865334],[135.3531486264128,34.76540964535429],[135.35309051482113,34.76576381177283],[135.353445837051,34.76606535419866],[135.3538542005171,34.76571909410277],[135.35432836543688,34.76611428909037],[135.35441776926214,34.76605607092136],[135.35433843411974,34.76598955009534],[135.3547450727119,34.76573908079643]]]},"properties":{"code":"28204422004","name":"上甲東園四丁目","jinko":509,"addr_key":"28204|上甲東園4","addr_key_town":"28204|上甲東園4","n":[null,null],"w":[false,false],"neighbors":["28204422001","28204422002","28204422005","28204422006","282044320"]}},{"type":"Feature","geometry":{"type":"Polygon","coordinates":[[[135.35154672006973,34.76603084367095],[135.35319356925956,34.764505703965995],[135.35309777882048,34.764460871183864],[135.3530546845857,34.76451672763326],[135.35292800719796,34.76455567888597],[135.35224328947888,34.76491396978005],[135.3520696524816,34.76475696596791],[135.35188851720818,34.764684113307666],[135.35192879438563,34.764531092470726],[135.35151055716565,34.76432416185468],[135.35039295524751,34.76579921863943],[135.3503728999707,34.76591051853211],[135.3501510686739,34.76603350611192],[135.34938141218458,34.7670182967722],[135.34916870959978,34.76714134660326],[135.34915019957128,34.76737883669021],[135.34899364311096,34.767584661252975],[135.34886022157679,34.76768676627609],[135.3489577190991,34.76774525128947],[135.35154672006973,34.76603084367095]]]},"properties":{"code":"28204422005","name":"上甲東園五丁目","jinko":639,"addr_key":"28204|上甲東園5","addr_key_town":"28204|上甲東園5","n":[4,0],"w":[false,false],"neighbors":["282044100","282044110","28204422002","28204422003","28204422004","282044320"]}},{"type":"Feature","geometry":{"type":"Polygon","coordinates":[[[135.3554251105897,34.76528638889867],[135.35568587269853,34.76517241684336],[135.35632929212915,34.7651803867142],[135.3564645890317,34.76507924428809],[135.35616547431357,34.76485865090879],[135.3559009047316,34.764809464780654],[135.3557450779292,34.764325680947415],[135.3558564813813,34.76428713689563],[135.35558771123323,34.763869375748925],[135.35459846912448,34.76401600351468],[135.354643846842,34.76409731657011],[135.35487262215196,34.76421314737204],[135.35490734301501,34.76481415307733],[135.35483840263052,34.76480163237443],[135.35488673542102,34.76500489769903],[135.35526094130776,34.7648763736859],[135.35527132419023,34.765039781927825],[135.355435110551,34.7651231427999],[135.3554251105897,34.76528638889867]]]},"properties":{"code":"28204422006","name":"上甲東園六丁目","jinko":79,"addr_key":"28204|上甲東園6","addr_key_town":"28204|上甲東園6","n":[0,0],"w":[false,false],"neighbors":["28204422001","28204422004","282044290","282044300","282044320"]}},{"type":"Feature","geometry":{"type":"Polygon","coordinates":[[[135.36206031580343,34.76904589627096],[135.3621185333911,34.768751445730715],[135.36220898915445,34.76876448405447],[135.3622687275802,34.76845494998116],[135.36216494206477,34.768447517671916],[135.36210858843458,34.76848672857239],[135.36213119188434,34.76809398355571],[135.36192704772088,34.76809373876134],[135.36192957397105,34.76777496931513],[135.36206568323846,34.76777381818817],[135.3620699762466,34.76759715376602],[135.36225139709148,34.76759561918088],[135.3622556468095,34.76715443548854],[135.36219229961904,34.76714567513789],[135.3621795082992,34.76613643943619],[135.36164676160976,34.76613291610278],[135.3615925968614,34.766073230301146],[135.3611981004379,34.76613797610279],[135.35955856756289,34.76623224681321],[135.35959999375544,34.7665450108226],[135.35958919012674,34.76684413092534],[135.35975382008044,34.76740938785175],[135.35983792307664,34.76814265671003],[135.3597755588304,34.76894350329596],[135.36158077608835,34.769170801493516],[135.36176775818805,34.76909442832733],[135.36206031580343,34.76904589627096]]]},"properties":{"code":"28204426001","name":"甲東園一丁目","jinko":1475,"addr_key":"28204|甲東園1","addr_key_town":"28204|甲東園1","n":[49,3],"w":[false,false],"neighbors":["28204426002","28204426003","282044290","28204436001","28204444001"]}},{"type":"Feature","geometry":{"type":"Polygon","coordinates":[[[135.3630046014022,34.76928186106309],[135.36306061672494,34.768570085061505],[135.36287378624866,34.76866533305823],[135.3627050814579,34.76890747712774],[135.36233075591835,34.769030790540995],[135.36190353738496,34.769066518333084],[135.36158077608835,34.769170801493516],[135.3597755588304,34.76894350329596],[135.35971208171307,34.76931687300831],[135.35949764447125,34.77017407514422],[135.35915556846587,34.770828257932756],[135.35989371935838,34.77105429280989],[135.36046421991117,34.77111271858877],[135.36270804743563,34.771062198278734],[135.3628422125154,34.77042356996943],[135.3630046014022,34.76928186106309]]]},"properties":{"code":"28204426002","name":"甲東園二丁目","jinko":626,"addr_key":"28204|甲東園2","addr_key_town":"28204|甲東園2","n":[8,3],"w":[false,false],"neighbors":["28204422001","28204426001","28204426003","28204436001","28204436002","28204436003","28204436004"]}},{"type":"Feature","geometry":{"type":"Polygon","coordinates":[[[135.35975382008044,34.76740938785175],[135.35958919012674,34.76684413092534],[135.35790063057678,34.76697809170603],[135.35788411999087,34.76700245731441],[135.35823093613268,34.76744941628157],[135.35851552341964,34.767743228389406],[135.35899385864226,34.76832091304472],[135.35912518078646,34.7685396750499],[135.35923757340555,34.769124952567445],[135.3595843514041,34.769774169737246],[135.35971208171307,34.76931687300831],[135.3597755588304,34.76894350329596],[135.35983792307664,34.76814265671003],[135.35975382008044,34.76740938785175]]]},"properties":{"code":"28204426003","name":"甲東園三丁目","jinko":663,"addr_key":"28204|甲東園3","addr_key_town":"28204|甲東園3","n":[10,null],"w":[false,false],"neighbors":["28204422001","28204426001","28204426002","282044290"]}},{"type":"Feature","geometry":{"type":"Polygon","coordinates":[[[135.35959999375544,34.7665450108226],[135.35925195255464,34.76413163398223],[135.3591087757249,34.764140448225994],[135.3590278001802,34.76425184019678],[135.3582332801018,34.764244594034885],[135.3578239985569,34.76419029289769],[135.35625163031162,34.76416451296018],[135.35610237065347,34.76417830299781],[135.3560387234602,34.76421405176032],[135.35581310412454,34.76421594882228],[135.3558564813813,34.76428713689563],[135.3557450779292,34.764325680947415],[135.3559009047316,34.764809464780654],[135.35616547431357,34.76485865090879],[135.35669590779995,34.76524899647901],[135.3571548739461,34.76573262186695],[135.357335631827,34.765988436361894],[135.35790063057678,34.76697809170603],[135.35958919012674,34.76684413092534],[135.35959999375544,34.7665450108226]]]},"properties":{"code":"282044290","name":"松籟荘","jinko":1158,"addr_key":"28204|松籟荘","addr_key_town":"28204|松籟荘","n":[33,10],"w":[false,false],"neighbors":["28204422001","28204422006","28204426001","28204426003","282044300","28204444001","28204444002"]}},{"type":"Feature","geometry":{"type":"Polygon","coordinates":[[[135.3591087757249,34.764140448225994],[135.35925195255464,34.76413163398223],[135.358732050281,34.76093107685213],[135.35844937913845,34.76079711538839],[135.3580965788659,34.760705999571776],[135.3566189871389,34.76134241209657],[135.35613475613806,34.76175509629497],[135.35568462076986,34.762040303206945],[135.35542032993956,34.76224802812581],[135.35539584171596,34.76278783718465],[135.35524590448753,34.76289191904896],[135.35517476524362,34.76312985229785],[135.35581310412454,34.76421594882228],[135.3560387234602,34.76421405176032],[135.35610237065347,34.76417830299781],[135.35625163031162,34.76416451296018],[135.3578239985569,34.76419029289769],[135.3582332801018,34.764244594034885],[135.3590278001802,34.76425184019678],[135.3591087757249,34.764140448225994]]]},"properties":{"code":"282044300","name":"神呪町","jinko":1262,"addr_key":"28204|神呪町","addr_key_town":"28204|神呪町","n":[8,null],"w":[false,false],"neighbors":["28204422006","282044290","282044310","282044320","28204444001","28204444002","282044500"]}},{"type":"Feature","geometry":{"type":"Polygon","coordinates":[[[135.3566189871389,34.76134241209657],[135.3580965788659,34.760705999571755],[135.35844937913845,34.76079711538837],[135.358732050281,34.76093107685213],[135.35831485421045,34.75838658842862],[135.35707105444536,34.75833367964432],[135.35586914000095,34.758369564064246],[135.3547228863969,34.75846962085504],[135.35471670801442,34.758806167742634],[135.35463098138325,34.75943212876303],[135.35465011075667,34.75977945010752],[135.35462771463028,34.75988724893621],[135.35497099893357,34.76041847599273],[135.35544053672703,34.761360913343594],[135.3554739317341,34.761785160117725],[135.35542032993956,34.76224802812581],[135.35568462076986,34.762040303206945],[135.35613475613806,34.76175509629497],[135.3566189871389,34.76134241209657]]]},"properties":{"code":"282044310","name":"門戸東町","jinko":1779,"addr_key":"28204|門戸東町","addr_key_town":"28204|門戸東町","n":[17,null],"w":[false,false],"neighbors":["282044300","282044320","282044330","282044340","282044500"]}},{"type":"Feature","geometry":{"type":"Polygon","coordinates":[[[135.35346516011785,34.762997577479005],[135.35366273165377,34.76294310061856],[135.35392468799478,34.762954143275756],[135.35393907895735,34.762813029151175],[135.35447001017116,34.76262926798317],[135.3547198311663,34.762853660128854],[135.35469143507075,34.76310358453641],[135.35489138604285,34.7631075557655],[135.35496184919313,34.763329622732186],[135.35494675487487,34.763434317783165],[135.35491645036586,34.76345710865068],[135.35471748412675,34.76343389685723],[135.35470687119277,34.76365775184123],[135.35459846912448,34.76401600351468],[135.35558771123323,34.763869375748925],[135.35517476524362,34.763129852297865],[135.35524590448753,34.76289191904896],[135.35539584171596,34.76278783718467],[135.3554268829095,34.76205965343938],[135.3554739317341,34.761785160117725],[135.35546714313298,34.76147689295294],[135.35544053672703,34.761360913343594],[135.35497099893357,34.76041847599273],[135.354839302243,34.76021590989608],[135.35462369593984,34.760281244612464],[135.3545838321857,34.760176363034226],[135.35393122741513,34.76039480872736],[135.353731459187,34.76054071712469],[135.35299805635967,34.76130183394618],[135.35289983999908,34.7613649144239],[135.35289166922507,34.76210177899148],[135.3528198875877,34.76225337405469],[135.35259774713407,34.76210720107007],[135.35248377389442,34.762318588516514],[135.3524090252886,34.76238161230276],[135.352409569146,34.762425835269],[135.3521282010679,34.76259186259393],[135.35175702088034,34.76236622773839],[135.35139748083245,34.7627057333531],[135.351089564223,34.762503089150385],[135.35083796069412,34.76278577158193],[135.35015101413396,34.76248234671075],[135.35013872029134,34.76292007667293],[135.35034879925348,34.76320298198692],[135.35051408956693,34.76333428278302],[135.35104782222632,34.76391956429028],[135.35147263550073,34.76425222227575],[135.35151055716565,34.76432416185468],[135.35192879438563,34.764531092470726],[135.35188851720818,34.764684113307666],[135.3520696524816,34.76475696596791],[135.35224328947888,34.76491396978005],[135.35289969115843,34.76457098743077],[135.3528617784971,34.76427100893704],[135.35323319895525,34.76366237223188],[135.35353485214674,34.7633278541304],[135.35346516011785,34.762997577479005]]]},"properties":{"code":"282044320","name":"門戸西町","jinko":1309,"addr_key":"28204|門戸西町","addr_key_town":"28204|門戸西町","n":[6,3],"w":[false,false],"neighbors":["282040440","282044110","282044130","28204422004","28204422005","28204422006","282044300","282044310","282044330"]}},{"type":"Feature","geometry":{"type":"Polygon","coordinates":[[[135.35289983999908,34.7613649144239],[135.353731459187,34.76054071712469],[135.35393122741513,34.76039480872736],[135.3545838321857,34.760176363034226],[135.35462369593984,34.760281244612464],[135.354839302243,34.76021590989608],[135.35462771463028,34.75988724893621],[135.35465406901,34.75913825942574],[135.35471670801442,34.758806167742634],[135.3547228863969,34.75846962085504],[135.3546820847589,34.75828164508984],[135.3547222325809,34.757454225980155],[135.354695591577,34.756490177244046],[135.35476872962715,34.75629011695424],[135.35475298388175,34.755725573958514],[135.35329342106758,34.754986092254086],[135.35231181658185,34.75432977643324],[135.35219293824795,34.754523035057105],[135.35213879260428,34.75487322420937],[135.35207132156106,34.7549518217726],[135.35191942145886,34.75504802730614],[135.3512134393046,34.755350429379625],[135.35104429999066,34.75571763791295],[135.35128769919027,34.755789689322384],[135.35137514515466,34.75559373712839],[135.35189715363,34.755798110305626],[135.35195379276013,34.7557755217823],[135.35245155179578,34.756152217244455],[135.35302974397217,34.756143710916014],[135.3530608883558,34.75640740651922],[135.35269426995467,34.7565155545163],[135.35253608554913,34.75671181903067],[135.3525405813169,34.75720927069843],[135.35248042520396,34.757438518344],[135.3529598827954,34.75929515505193],[135.35324903124555,34.75925625027699],[135.35330987869315,34.759596179128735],[135.35298512235497,34.76019526898353],[135.35250630186098,34.76018111272038],[135.35226324560261,34.76013117417385],[135.35217033515366,34.76038266897815],[135.35239665203517,34.76061205136244],[135.35264084609517,34.760747758864646],[135.35279186527575,34.76073860543021],[135.35276949931298,34.76109881038911],[135.35290230271548,34.76114192412506],[135.35289983999908,34.7613649144239]]]},"properties":{"code":"282044330","name":"門戸岡田町","jinko":2067,"addr_key":"28204|門戸岡田町","addr_key_town":"28204|門戸岡田町","n":[11,null],"w":[false,false],"neighbors":["282040440","282040450","282040530","282043150","282044310","282044320","282044340"]}},{"type":"Feature","geometry":{"type":"Polygon","coordinates":[[[135.35586914000095,34.758369564064246],[135.3574579928437,34.758336478717894],[135.35831485421045,34.75838658842862],[135.35789175559304,34.75573510000774],[135.3550267355263,34.75361500427936],[135.3553413237634,34.75526708967901],[135.35523631366547,34.755401359532044],[135.35481332432923,34.75547040715068],[135.35477848822117,34.75573874131603],[135.35475298388175,34.755725573958514],[135.35476872962715,34.75629011695424],[135.354695591577,34.756490177244046],[135.3547222325809,34.757454225980155],[135.3546820847589,34.75828164508984],[135.35471370987813,34.75844518968744],[135.3547228863969,34.75846962085504],[135.35586914000095,34.758369564064246]]]},"properties":{"code":"282044340","name":"門戸荘","jinko":2581,"addr_key":"28204|門戸荘","addr_key_town":"28204|門戸荘","n":[58,12],"w":[false,false],"neighbors":["28204312003","282043150","282044310","282044330","282044490","282044500","282044570"]}},{"type":"Feature","geometry":{"type":"Polygon","coordinates":[[[135.37272485322987,34.770190919188046],[135.37077689929797,34.770093882967856],[135.37088004303453,34.770308646009426],[135.3708834193171,34.771456837263074],[135.37006913275158,34.77322385926361],[135.36933333205647,34.77400114881922],[135.36921182325037,34.774146582163716],[135.36919238269894,34.774212358565215],[135.3689435089663,34.774491222569445],[135.36888105513248,34.77489461697826],[135.3684806349868,34.775000565280536],[135.3687408228891,34.77565232288586],[135.36960798177344,34.77535788336259],[135.36983846896862,34.775231406860364],[135.37028367641759,34.77490548434876],[135.37136302661267,34.773897923946315],[135.37214259218206,34.773066302884146],[135.3729651989098,34.77226557641912],[135.37428051641635,34.77103878044179],[135.3743367838304,34.77021910767261],[135.37272485322987,34.770190919188046]]]},"properties":{"code":"282044350","name":"一里山町","jinko":1288,"addr_key":"28204|1里山町","addr_key_town":"28204|1里山町","n":[12,6],"w":[false,false],"neighbors":["28204402001","28204436006","28204436007","28204444005","282044660"]}},{"type":"Feature","geometry":{"type":"Polygon","coordinates":[[[135.36274680567635,34.768872333070185],[135.36287378624866,34.76866533305823],[135.36306061672494,34.768570085061505],[135.36306408084798,34.768519208256656],[135.3634194737007,34.76824632698955],[135.36423234726163,34.767956046286365],[135.3649982036492,34.7683323486115],[135.36502166145826,34.76837176858804],[135.36540446125704,34.76827823447661],[135.36560299793592,34.768479094426],[135.3661496648105,34.76866685705423],[135.3671214548407,34.76856225861799],[135.36617691579553,34.76667695409609],[135.36595082006133,34.76602461792597],[135.36499440801822,34.76592272808369],[135.36467193811745,34.76591870192578],[135.3640993022561,34.7659877845115],[135.36344965854698,34.766116392674135],[135.36285876971792,34.76615210129277],[135.3621795082992,34.76613643943619],[135.36219229961904,34.76714567513789],[135.3622556468095,34.76715443548854],[135.36225139709148,34.76759561918088],[135.3620699762466,34.76759715376602],[135.36206568323846,34.76777381818817],[135.36192957397105,34.76777496931513],[135.36192704772088,34.76809373876134],[135.36213119188434,34.76809398355571],[135.36210858843458,34.76848672857239],[135.36216494206477,34.768447517671916],[135.3622687275802,34.76845494998116],[135.36220898915445,34.76876448405447],[135.3621185333911,34.768751445730715],[135.36206031580343,34.76904589627096],[135.36233075591835,34.769030790540995],[135.36274680567635,34.768872333070185]]]},"properties":{"code":"28204436001","name":"段上町一丁目","jinko":1099,"addr_key":"28204|段上町1","addr_key_town":"28204|段上町1","n":[14,3],"w":[false,false],"neighbors":["28204426001","28204426002","28204436002","28204436007","28204436008","28204444001","28204444003"]}},{"type":"Feature","geometry":{"type":"Polygon","coordinates":[[[135.3648242374897,34.77117990968693],[135.36534833407666,34.7710277113162],[135.3660462532627,34.77089375301526],[135.3663029573901,34.77098805685423],[135.36665228331125,34.770885507115246],[135.36758512821658,34.77070841640521],[135.36726991723208,34.769017356167474],[135.3671214548407,34.76856225861799],[135.3661496648105,34.76866685705423],[135.36560299793592,34.768479094426],[135.36540446125704,34.76827823447661],[135.36502166145826,34.76837176858804],[135.3649982036492,34.7683323486115],[135.36423234726163,34.767956046286365],[135.3634194737007,34.76824632698955],[135.36306408084798,34.768519208256656],[135.3630046014022,34.76928186106309],[135.3628422125154,34.77042356996943],[135.36270804743563,34.771062198278734],[135.36369971766806,34.77106422494192],[135.3641174232913,34.77117533808817],[135.3648242374897,34.77117990968693]]]},"properties":{"code":"28204436002","name":"段上町二丁目","jinko":1268,"addr_key":"28204|段上町2","addr_key_town":"28204|段上町2","n":[10,3],"w":[false,false],"neighbors":["28204426002","28204436001","28204436003","28204436004","28204436006","28204436007","28204436008"]}},{"type":"Feature","geometry":{"type":"Polygon","coordinates":[[[135.367786331911,34.7719963401427],[135.36758512821658,34.77070841640521],[135.36665228331125,34.770885507115246],[135.3663029573901,34.77098805685423],[135.3660462532627,34.77089375301526],[135.36534833407666,34.7710277113162],[135.3648242374897,34.77117990968693],[135.3641174232913,34.77117533808817],[135.36369971766806,34.77106422494192],[135.36270804743563,34.771062198278734],[135.3623307453292,34.772588839110156],[135.36255292139518,34.77283711119042],[135.3648270547835,34.77268755848041],[135.36481608099473,34.772669904280406],[135.367786331911,34.7719963401427]]]},"properties":{"code":"28204436003","name":"段上町三丁目","jinko":1200,"addr_key":"28204|段上町3","addr_key_town":"28204|段上町3","n":[5,null],"w":[false,false],"neighbors":["28204426002","28204436002","28204436004","28204436005","28204436006","28204436007"]}},{"type":"Feature","geometry":{"type":"Polygon","coordinates":[[[135.3625578372651,34.77425600622288],[135.36263203468508,34.77371577645261],[135.36263037541954,34.77358226345671],[135.36256001828679,34.77334651035478],[135.36257599347823,34.77300424732041],[135.36255292139518,34.77283711119042],[135.3623307453292,34.772588839110156],[135.36270804743563,34.771062198278734],[135.36046421991117,34.77111271858877],[135.35989371935838,34.77105429280989],[135.35915556846587,34.770828257932756],[135.35865414122077,34.77175097779189],[135.3582709805812,34.77223113034619],[135.3579846831173,34.77272469155231],[135.35868709129073,34.77288215886646],[135.35937448313103,34.772922701357594],[135.3589818967272,34.77363421345648],[135.360342571183,34.77393260372423],[135.36043287672229,34.7738159210734],[135.36116797962234,34.77413113323498],[135.36199493499996,34.77440584459694],[135.36205421117972,34.774553659657364],[135.3624920696072,34.774794754410976],[135.362489208302,34.77483928762695],[135.3629558239466,34.775100421040285],[135.36298540912648,34.77506354925259],[135.3625578372651,34.77425600622288]]]},"properties":{"code":"28204436004","name":"段上町四丁目","jinko":1162,"addr_key":"28204|段上町4","addr_key_town":"28204|段上町4","n":[4,null],"w":[false,false],"neighbors":["28204402001","28204402002","28204402003","28204422001","28204426002","28204436002","28204436003","28204436005"]}},{"type":"Feature","geometry":{"type":"Polygon","coordinates":[[[135.364405352416,34.775498863703625],[135.36535654232628,34.77528219563904],[135.36556904635006,34.77529433658198],[135.3659555283882,34.77519936173607],[135.36602248198935,34.77543514222556],[135.36642908482781,34.77533154341068],[135.36564200330656,34.77343715724728],[135.36551019695818,34.773407710603415],[135.3652419769426,34.773526752817354],[135.36515100336348,34.77352752462493],[135.36510663593668,34.773480715272406],[135.3648270547835,34.77268755848041],[135.36255292139518,34.77283711119042],[135.36257599347823,34.77300424732041],[135.36256001828679,34.77334651035478],[135.36263037541954,34.77358226345671],[135.36263203468508,34.77371577645261],[135.3625578372651,34.77425600622288],[135.3630308562989,34.77515598548797],[135.36335093918774,34.775150458182274],[135.36342780059016,34.775366718188465],[135.36413756862024,34.77551648686259],[135.364405352416,34.775498863703625]]]},"properties":{"code":"28204436005","name":"段上町五丁目","jinko":1202,"addr_key":"28204|段上町5","addr_key_town":"28204|段上町5","n":[5,null],"w":[false,false],"neighbors":["28204402001","28204436003","28204436004","28204436006"]}},{"type":"Feature","geometry":{"type":"Polygon","coordinates":[[[135.36888105513248,34.77489461697826],[135.3689435089663,34.774491222569445],[135.36919238269894,34.774212358565215],[135.36921182325037,34.774146582163716],[135.36933333205647,34.77400114881922],[135.3700691327516,34.77322385926362],[135.3708834193171,34.771456837263074],[135.37088004303453,34.770308646009426],[135.37077689929797,34.770093882967856],[135.36758512821658,34.77070841640521],[135.367786331911,34.7719963401427],[135.36481608099473,34.772669904280406],[135.36510663593668,34.773480715272406],[135.36515100336348,34.77352752462493],[135.3652419769426,34.773526752817354],[135.36551019695818,34.773407710603415],[135.36564200330656,34.77343715724728],[135.36584241458283,34.77396533809254],[135.3660707092964,34.774436237584446],[135.36639753716622,34.775231666133024],[135.36663926418038,34.775157356022504],[135.36671380716533,34.77518728742187],[135.3667370324186,34.77515370834181],[135.36741478361364,34.774905965438016],[135.36740558269395,34.77497562418569],[135.36750820933895,34.77524490430577],[135.36888105513248,34.77489461697826]]]},"properties":{"code":"28204436006","name":"段上町六丁目","jinko":2835,"addr_key":"28204|段上町6","addr_key_town":"28204|段上町6","n":[6,8],"w":[false,false],"neighbors":["28204402001","282044350","28204436002","28204436003","28204436005","28204436007"]}},{"type":"Feature","geometry":{"type":"Polygon","coordinates":[[[135.36758512821658,34.77070841640521],[135.37077689929797,34.770093882967856],[135.37100837658852,34.77010895134838],[135.37075713442928,34.76904710160811],[135.37068369985045,34.76899645793437],[135.3704019453264,34.76890519483029],[135.36994059743364,34.76864812892933],[135.36937017166235,34.76875862791328],[135.36907468644077,34.76872945342047],[135.36911667851734,34.768367952100014],[135.36782743915333,34.768358500257975],[135.36782722795633,34.76849188861487],[135.36779212951808,34.76852430132037],[135.3671214548407,34.76856225861799],[135.36726991723208,34.769017356167474],[135.36758512821658,34.77070841640521]]]},"properties":{"code":"28204436007","name":"段上町七丁目","jinko":484,"addr_key":"28204|段上町7","addr_key_town":"28204|段上町7","n":[7,4],"w":[false,false],"neighbors":["282044350","28204436001","28204436002","28204436003","28204436006","28204436008","28204444005"]}},{"type":"Feature","geometry":{"type":"Polygon","coordinates":[[[135.36967495615045,34.768418973851226],[135.3693089269707,34.76783304970889],[135.368412410086,34.76615398300284],[135.367982869207,34.7654556324707],[135.36776434302416,34.765205366480785],[135.36763171297028,34.76514311107658],[135.36724974581162,34.76505564999492],[135.36605022308964,34.76503710670942],[135.36564928349537,34.76489247554619],[135.36564386337122,34.76504661286218],[135.36567857401812,34.76518843772007],[135.36617691579553,34.76667695409609],[135.3671214548407,34.76856225861799],[135.36779212951808,34.76852430132037],[135.36782722795633,34.76849188861487],[135.36782743915333,34.768358500257975],[135.36911667851734,34.768367952100014],[135.36907468644077,34.76872945342047],[135.36937017166235,34.76875862791328],[135.36994059743364,34.76864812892933],[135.36967495615045,34.768418973851226]]]},"properties":{"code":"28204436008","name":"段上町八丁目","jinko":1236,"addr_key":"28204|段上町8","addr_key_town":"28204|段上町8","n":[5,8],"w":[false,false],"neighbors":["28204436001","28204436002","28204436007","28204444003","28204444004","28204444005"]}},{"type":"Feature","geometry":{"type":"Polygon","coordinates":[[[135.3611981004379,34.76613797610279],[135.3615925968614,34.766073230301146],[135.36164676160976,34.76613291610278],[135.36291372714194,34.76613825573104],[135.36275009615966,34.76418503953997],[135.3619644603423,34.7643228191838],[135.36194128422147,34.76427752003536],[135.36069982309766,34.76423448868377],[135.36008801949941,34.76428247371769],[135.35940883104155,34.7641197466332],[135.35925195255464,34.76413163398223],[135.35955856756289,34.76623224681321],[135.3611981004379,34.76613797610279]]]},"properties":{"code":"28204444001","name":"上大市一丁目","jinko":1001,"addr_key":"28204|上大市1","addr_key_town":"28204|上大市1","n":[21,6],"w":[false,false],"neighbors":["28204426001","282044290","282044300","28204436001","28204444002","28204444003"]}},{"type":"Feature","geometry":{"type":"Polygon","coordinates":[[[135.3619644603423,34.7643228191838],[135.36275009615966,34.76418503953997],[135.36333946595343,34.76415864058883],[135.3638582674991,34.7639270521668],[135.3639971274815,34.76389376138614],[135.36479235375998,34.76396491143164],[135.3646139980473,34.76360880153149],[135.36441015557003,34.763344037987295],[135.36391572502114,34.763133146921604],[135.36232785413227,34.76165088427701],[135.36213494170863,34.761578146310995],[135.36170749997896,34.76124216785834],[135.36045497639142,34.76135627704046],[135.36043776535772,34.76217772913287],[135.35896339448541,34.76234426280925],[135.35925195255464,34.76413163398223],[135.35940883104155,34.7641197466332],[135.36008801949941,34.76428247371769],[135.36069982309766,34.76423448868377],[135.36194128422147,34.76427752003536],[135.3619644603423,34.7643228191838]]]},"properties":{"code":"28204444002","name":"上大市二丁目","jinko":1632,"addr_key":"28204|上大市2","addr_key_town":"28204|上大市2","n":[7,null],"w":[false,false],"neighbors":["282044290","282044300","28204444001","28204444003","28204444004","282044490","282044500"]}},{"type":"Feature","geometry":{"type":"Polygon","coordinates":[[[135.3643742042296,34.76594812881023],[135.36499440801822,34.76592272808369],[135.36595082006133,34.76602461792597],[135.36564386337122,34.76504661286218],[135.36560452671233,34.763903089187316],[135.3646817414032,34.7639707792015],[135.3639971274815,34.76389376138614],[135.3638582674991,34.7639270521668],[135.36333946595343,34.76415864058883],[135.36275009615966,34.76418503953997],[135.36291372714194,34.76613825573104],[135.36344965854698,34.766116392674135],[135.3643742042296,34.76594812881023]]]},"properties":{"code":"28204444003","name":"上大市三丁目","jinko":474,"addr_key":"28204|上大市3","addr_key_town":"28204|上大市3","n":[6,null],"w":[false,false],"neighbors":["28204436001","28204436008","28204444001","28204444002","28204444004"]}},{"type":"Feature","geometry":{"type":"Polygon","coordinates":[[[135.36803951597108,34.764955267661364],[135.36825184641822,34.764217651496885],[135.3688711920334,34.76425463571861],[135.36933162173736,34.764181274982114],[135.36831117710554,34.76345415232923],[135.36564638878158,34.7614476862798],[135.36540628158681,34.761504937746466],[135.3652931078724,34.761483079991784],[135.36513042999852,34.76136445435937],[135.3649646794115,34.761307547657495],[135.36472098452435,34.76130961431718],[135.36471847155872,34.761423162128956],[135.36452199693102,34.76143454673507],[135.3645120593733,34.76139716497464],[135.36371834766638,34.761452625410314],[135.3632763277695,34.761310446746755],[135.36275680063358,34.76129709805481],[135.36273437546498,34.76204042185314],[135.36391572502114,34.763133146921604],[135.36441015557003,34.763344037987295],[135.3646139980473,34.76360880153149],[135.36479235375998,34.76396491143164],[135.36560452671233,34.763903089187316],[135.36564928349537,34.76489247554619],[135.36605022308964,34.76503710670942],[135.36724974581162,34.76505564999492],[135.36763171297028,34.76514311107658],[135.36776434302416,34.765205366480785],[135.36786062109633,34.765295256176124],[135.36803951597108,34.764955267661364]]]},"properties":{"code":"28204444004","name":"上大市四丁目","jinko":1715,"addr_key":"28204|上大市4","addr_key_town":"28204|上大市4","n":[8,8],"w":[false,false],"neighbors":["28204436008","28204444002","28204444003","28204444005","282044490","28204451001","282044530"]}},{"type":"Feature","geometry":{"type":"Polygon","coordinates":[[[135.37375592375815,34.76517708252702],[135.37367197188445,34.76453298087211],[135.3716420886088,34.764744840950236],[135.37094634609605,34.76474767993934],[135.37054463718803,34.76469222955888],[135.36997146263698,34.76453992533776],[135.3697119569779,34.764431849812794],[135.36933162173736,34.764181274982114],[135.3688711920334,34.76425463571861],[135.36825184641822,34.764217651496885],[135.36812105786447,34.764740056710565],[135.36786062109633,34.765295256176124],[135.368412410086,34.76615398300284],[135.3693089269707,34.76783304970889],[135.36967495615045,34.768418973851226],[135.36977210711308,34.76852364339967],[135.37010517766126,34.76874644913922],[135.37075713442928,34.76904710160811],[135.37100837658852,34.77010895134838],[135.37272485322987,34.770190919188046],[135.3743367838304,34.77021910767261],[135.37444149509042,34.76956663240375],[135.3744080603119,34.76920155010505],[135.37395316342446,34.76764466540473],[135.37396794172685,34.76668097282137],[135.37391916863706,34.766005161748666],[135.37375592375815,34.76517708252702]]]},"properties":{"code":"28204444005","name":"上大市五丁目","jinko":1649,"addr_key":"28204|上大市5","addr_key_town":"28204|上大市5","n":[20,null],"w":[false,false],"neighbors":["282044350","28204436007","28204436008","28204444004","28204451001"]}},{"type":"Feature","geometry":{"type":"Polygon","coordinates":[[[135.36273437546498,34.76204042185314],[135.36275680063358,34.76129709805481],[135.3632763277695,34.761310446746755],[135.36371834766638,34.761452625410314],[135.3645120593733,34.76139716497464],[135.36452199693102,34.76143454673507],[135.36471847155872,34.761423162128956],[135.36472098452435,34.76130961431718],[135.3649646794115,34.761307547657495],[135.36513042999852,34.76136445435937],[135.3652931078724,34.761483079991784],[135.36540628158681,34.761504937746466],[135.36564638878158,34.7614476862798],[135.3644693983168,34.760588474286024],[135.36400680393805,34.760205193271396],[135.3606776199855,34.75781141838361],[135.357891755593,34.75573510000774],[135.3582825241111,34.758173470698935],[135.35844191887898,34.75816607152616],[135.35921045936712,34.75869172910432],[135.36024938074326,34.75927524237873],[135.36083490265779,34.7599184956804],[135.36170749997896,34.76124216785834],[135.36213494170863,34.761578146310995],[135.36232785413227,34.76165088427701],[135.36273437546498,34.76204042185314]]]},"properties":{"code":"282044490","name":"下大市東町","jinko":1628,"addr_key":"28204|下大市東町","addr_key_town":"28204|下大市東町","n":[39,8],"w":[false,false],"neighbors":["28204312003","282044340","28204444002","28204444004","282044500","282044530","282044540","282044560","282044570"]}},{"type":"Feature","geometry":{"type":"Polygon","coordinates":[[[135.35921045936712,34.75869172910432],[135.35844191887898,34.75816607152616],[135.3582825241111,34.758173470698935],[135.35896339448541,34.76234426280925],[135.36043776535772,34.76217772913287],[135.36045497639142,34.76135627704046],[135.36170749997896,34.76124216785834],[135.36083490265779,34.7599184956804],[135.36024938074326,34.75927524237873],[135.35921045936712,34.75869172910432]]]},"properties":{"code":"282044500","name":"下大市西町","jinko":1010,"addr_key":"28204|下大市西町","addr_key_town":"28204|下大市西町","n":[11,null],"w":[false,false],"neighbors":["282044300","282044310","282044340","28204444002","282044490"]}},{"type":"Feature","geometry":{"type":"Polygon","coordinates":[[[135.37169691008097,34.76191466118999],[135.37094076493563,34.76177378229313],[135.37075555218993,34.761778179148116],[135.37039030770103,34.76138944414204],[135.36970055295794,34.76130912162366],[135.3683679367863,34.76098819787132],[135.36823109003385,34.76108683202166],[135.3682957616785,34.761140369046934],[135.36838552856767,34.76131750207535],[135.3685120528498,34.76147206586904],[135.36846034696168,34.762456497329524],[135.36852383218505,34.7625517362854],[135.36862885622654,34.762870575772745],[135.36831117710554,34.76345415232923],[135.3697119569779,34.764431849812794],[135.36997146263698,34.76453992533776],[135.37054463718803,34.76469222955888],[135.37094634609605,34.76474767993934],[135.3716420886088,34.764744840950236],[135.37367197188445,34.7645329808721],[135.37345194095732,34.763266774272964],[135.3733117337353,34.76191396495515],[135.37169691008097,34.76191466118999]]]},"properties":{"code":"28204451001","name":"樋ノ口町一丁目","jinko":1213,"addr_key":"28204|樋ノ口町1","addr_key_town":"28204|樋ノ口町1","n":[4,4],"w":[false,false],"neighbors":["282043010","28204444004","28204444005","28204451002","282044530"]}},{"type":"Feature","geometry":{"type":"Polygon","coordinates":[[[135.3717755139922,34.76192201814732],[135.37172304707354,34.76174626044402],[135.37169863946374,34.76146687764342],[135.37182944656917,34.76122053774201],[135.3718506290159,34.759737323141124],[135.37151693170813,34.75981609143333],[135.3714135730394,34.75874494731785],[135.37052351647372,34.75883874289767],[135.37032975769583,34.758234449123336],[135.36939336426107,34.757959317450194],[135.36908617717998,34.75781685647457],[135.36831866670562,34.75767155246193],[135.3683065562491,34.75770616483669],[135.3662616010609,34.757744819738875],[135.366432951629,34.75862129479436],[135.36661771872238,34.75910862155763],[135.3665811078752,34.75910865034954],[135.36676803474342,34.7594884891117],[135.36701854012253,34.759861589803464],[135.36722872639118,34.760108548303805],[135.36823109003385,34.76108683202166],[135.3683679367863,34.76098819787132],[135.36970055295794,34.76130912162366],[135.37039030770103,34.76138944414204],[135.37075555218993,34.761778179148116],[135.37094076493563,34.76177378229313],[135.3717755139922,34.76192201814732]]]},"properties":{"code":"28204451002","name":"樋ノ口町二丁目","jinko":2507,"addr_key":"28204|樋ノ口町2","addr_key_town":"28204|樋ノ口町2","n":[28,10],"w":[false,false],"neighbors":["282043010","282043040","28204451001","282044530","282044540","282044550"]}},{"type":"Feature","geometry":{"type":"Polygon","coordinates":[[[135.3682957616785,34.761140369046934],[135.36722872639118,34.760108548303805],[135.36701854012253,34.759861589803485],[135.36676803474342,34.7594884891117],[135.36658110787516,34.75910865034954],[135.36616296240888,34.75910811852938],[135.36626183419463,34.760009434321155],[135.36653879818,34.76003384393986],[135.36657060538843,34.760059490479804],[135.36660200247482,34.76037388669107],[135.36626090183535,34.76044819663693],[135.36573495531056,34.76035054401883],[135.36576708589837,34.76040210475469],[135.365725764917,34.760558237624366],[135.36562981016124,34.76074708979002],[135.36593541805678,34.76098140786641],[135.3659125141077,34.761033435783816],[135.36552948838852,34.76135951917875],[135.36831117710554,34.76345415232923],[135.36862885622654,34.762870575772745],[135.36852383218505,34.7625517362854],[135.36846034696168,34.762456497329524],[135.3685120528498,34.76147206586904],[135.36838552856767,34.76131750207535],[135.3682957616785,34.761140369046934]]]},"properties":{"code":"282044530","name":"大島町","jinko":605,"addr_key":"28204|大島町","addr_key_town":"28204|大島町","n":[10,5],"w":[false,false],"neighbors":["28204444004","282044490","28204451001","28204451002","282044540"]}},{"type":"Feature","geometry":{"type":"Polygon","coordinates":[[[135.36576708589837,34.76040210475469],[135.36573495531053,34.76035054401885],[135.36626090183535,34.76044819663693],[135.36660200247482,34.76037388669107],[135.36657060538843,34.760059490479804],[135.36653879818,34.76003384393986],[135.36626183419463,34.760009434321155],[135.36616296240888,34.75910811852938],[135.36661771872238,34.75910862155763],[135.366432951629,34.75862129479436],[135.36582405663316,34.758679989465264],[135.36524206047937,34.75866506846497],[135.36509860521073,34.759027571081454],[135.36496793305898,34.75913530386428],[135.36489473738456,34.7593357939852],[135.3645559199217,34.759257395298924],[135.36378815021175,34.75889261774008],[135.36366890958647,34.75886968266372],[135.3632003508491,34.758884356683886],[135.36310043694306,34.759249304334595],[135.36288487353983,34.75940677044572],[135.36400680393805,34.760205193271396],[135.3644693983168,34.760588474286024],[135.36552948838852,34.76135951917875],[135.3659125141077,34.761033435783816],[135.36593541805678,34.76098140786641],[135.36562981016124,34.76074708979002],[135.36576708589837,34.76040210475469]]]},"properties":{"code":"282044540","name":"若山町","jinko":1195,"addr_key":"28204|若山町","addr_key_town":"28204|若山町","n":[4,0],"w":[false,false],"neighbors":["282044490","28204451002","282044530","282044550","282044560"]}},{"type":"Feature","geometry":{"type":"Polygon","coordinates":[[[135.36509860521073,34.75902757108143],[135.36524206047937,34.75866506846497],[135.36582405663316,34.758679989465264],[135.366432951629,34.75862129479436],[135.3662616010609,34.757744819738875],[135.3661732551695,34.75711272240322],[135.36598484634365,34.7565790851785],[135.36598155345598,34.7559996488175],[135.36391631303397,34.755590952001555],[135.36376810623983,34.75560558897759],[135.36372509280213,34.75557074053197],[135.36325165614394,34.7554937623215],[135.36320238920172,34.755518687270474],[135.36301701967622,34.75884055478366],[135.36321713416314,34.75883407080458],[135.3632003508491,34.758884356683886],[135.36366890958647,34.75886968266372],[135.36378815021175,34.75889261774008],[135.3645559199217,34.759257395298924],[135.36489473738456,34.7593357939852],[135.36496793305898,34.75913530386428],[135.36509860521073,34.75902757108143]]]},"properties":{"code":"282044550","name":"門前町","jinko":2159,"addr_key":"28204|門前町","addr_key_town":"28204|門前町","n":[51,20],"w":[false,false],"neighbors":["282043040","282043060","28204451002","282044540","282044560"]}},{"type":"Feature","geometry":{"type":"Polygon","coordinates":[[[135.36310043694306,34.759249304334595],[135.36321713416314,34.75883407080458],[135.36301701967622,34.75884055478366],[135.36321005287547,34.75540058912567],[135.36163212238742,34.7553460527584],[135.36078295843242,34.75534999155499],[135.36076622124057,34.756374828372685],[135.3606776199855,34.75781141838361],[135.36288487353983,34.75940677044572],[135.36310043694306,34.759249304334595]]]},"properties":{"code":"282044560","name":"林田町","jinko":960,"addr_key":"28204|林田町","addr_key_town":"28204|林田町","n":[54,14],"w":[false,false],"neighbors":["282043060","282043070","282044490","282044540","282044550","282044570"]}},{"type":"Feature","geometry":{"type":"Polygon","coordinates":[[[135.3607758544537,34.75538977118755],[135.35894160957116,34.755384969972944],[135.357822281921,34.75545088241109],[135.357891755593,34.75573510000774],[135.3606776199855,34.75781141838361],[135.36076622124057,34.756374828372685],[135.3607758544537,34.75538977118755]]]},"properties":{"code":"282044570","name":"野間町","jinko":1174,"addr_key":"28204|野間町","addr_key_town":"28204|野間町","n":[17,null],"w":[false,false],"neighbors":["282043070","28204312003","282044340","282044490","282044560"]}},{"type":"Feature","geometry":{"type":"Polygon","coordinates":[[[135.3737592900517,34.7773477417464],[135.37396774557405,34.77663677268895],[135.3741328704633,34.775452490905096],[135.3742777466124,34.77394132600246],[135.37432372464113,34.77325357843412],[135.37433913570348,34.77230692607256],[135.37428051641635,34.77103878044179],[135.37214259218206,34.773066302884146],[135.37237606125078,34.77322600588014],[135.37237084053243,34.773279432561324],[135.37216261131206,34.7733998597358],[135.37097299441314,34.77460456970716],[135.37046430415748,34.77507952713726],[135.3699715523478,34.775404162847934],[135.3696994230652,34.7755237306937],[135.36923276915655,34.77622379252069],[135.36894450308583,34.776337238226375],[135.368920310272,34.776395616047644],[135.36922105774826,34.77721154103324],[135.36949208691013,34.7771458496002],[135.36951870838013,34.77730210848041],[135.36985867451708,34.77820911030517],[135.369856276475,34.778324487510346],[135.36886348994037,34.78107179260429],[135.36907215630126,34.7811511460133],[135.36906205668853,34.78124461594718],[135.37044701104304,34.78140352583752],[135.37014351549897,34.782271783666694],[135.3720929188305,34.78348111751676],[135.3727383670334,34.78199624576803],[135.3732762066964,34.780066636735526],[135.37360270969617,34.778621389391624],[135.37362039433754,34.77822896787477],[135.3737592900517,34.7773477417464]]]},"properties":{"code":"282044660","name":"田近野町","jinko":1673,"addr_key":"28204|田近野町","addr_key_town":"28204|田近野町","n":[5,7],"w":[false,false],"neighbors":["282044350"]}},{"type":"Feature","geometry":{"type":"MultiPolygon","coordinates":[[[[135.29482321265965,34.82948328806272],[135.29538451539986,34.82945433939883],[135.29610103805186,34.829223306915964],[135.29674220037663,34.82889469495154],[135.2969973560195,34.82858378978373],[135.29739539664266,34.82822907180782],[135.2986805364549,34.82801906851344],[135.29906021470018,34.8279937960944],[135.30012952290986,34.828112480107905],[135.30073080601156,34.8280848749771],[135.30130403555128,34.828141649889616],[135.30174395859962,34.828403715805194],[135.30199510566285,34.82832783791199],[135.30214094654247,34.82849977948068],[135.30238218488066,34.828533067725104],[135.3024720876731,34.82857404179255],[135.3024622213095,34.82806783527443],[135.30256868986834,34.82786831653228],[135.3027830059427,34.827914636547135],[135.3031602085189,34.82794049968793],[135.3032099458799,34.82754276355692],[135.30373120807005,34.827596278802886],[135.30425585682428,34.82776350260308],[135.3046682859141,34.827814714328866],[135.3046326061959,34.82775091318278],[135.30467855805054,34.827692937387404],[135.30535687625726,34.82754962001366],[135.30527117989925,34.827699324828444],[135.30612865098976,34.82758999311605],[135.30620613708376,34.82775881667315],[135.30620853929622,34.82752752065558],[135.3062487297931,34.82748092892493],[135.30672179432003,34.82737206473733],[135.30686872385795,34.82729518152638],[135.30695411625075,34.827185126455745],[135.3069885766407,34.82707970612583],[135.30696238278603,34.8270168151248],[135.30684405659915,34.82693367569253],[135.30663446071236,34.82688915605168],[135.30617528889732,34.82687177592706],[135.30592422964656,34.826772867759566],[135.30609969347157,34.826514903559726],[135.30633727332923,34.82633214935424],[135.3069149085238,34.82601638337049],[135.30741241906608,34.82582316422268],[135.308745927921,34.825657741752806],[135.30903615454787,34.82556576164948],[135.30926980332777,34.82588291010828],[135.309403216389,34.825847682337816],[135.30981311792593,34.825569449302826],[135.31020925050115,34.825138080005594],[135.31040543555335,34.82481374499324],[135.31042470102608,34.824673444361736],[135.31039827048787,34.82448210106963],[135.310894992416,34.82442577848536],[135.3111346828427,34.82458885546044],[135.31131206242907,34.82438636391931],[135.31208471501384,34.82427196852745],[135.3127849008563,34.82450703698184],[135.3132207779367,34.82459183433254],[135.31377786775548,34.824923476699155],[135.31385857820993,34.825039025894654],[135.31387806247005,34.82478090253354],[135.31369551161055,34.82451074857099],[135.31408487651305,34.82401505560678],[135.31448766780235,34.82403926823457],[135.31488175646064,34.823841431784],[135.3151169517273,34.82351762008053],[135.3157456787224,34.823452607049774],[135.31618010803007,34.82333683685631],[135.31645407856044,34.823222292722505],[135.31670985433118,34.82309296642655],[135.316781638749,34.82302498841326],[135.31682005348412,34.82294481645186],[135.31681732191217,34.82271525546967],[135.31672459133344,34.822551282672066],[135.3164525314477,34.822323900929256],[135.3163155284638,34.822257612490894],[135.31618527315132,34.82224873678495],[135.31604348001235,34.82228227881951],[135.3157248225167,34.822459578103825],[135.31516931454672,34.822828374785615],[135.31481242893938,34.82264885836384],[135.31424323212934,34.82257704335127],[135.31446257428883,34.82217680989475],[135.31502310446837,34.82169902965646],[135.31534357772816,34.821897431910216],[135.31545590329748,34.821691025589395],[135.3155407684427,34.821617239037074],[135.31516357725286,34.82164071063086],[135.31438381495326,34.8214771430494],[135.313608853707,34.8211347940335],[135.31298507951007,34.820960311372936],[135.3127165915827,34.82086000598652],[135.31088674048115,34.81989118274766],[135.3097586547549,34.819878559123424],[135.3080459721059,34.81999892512949],[135.30643947368876,34.81994136964133],[135.30525335523583,34.819800924914574],[135.30410477189864,34.81956939105954],[135.3034303254688,34.81937483961404],[135.3029705414949,34.81915589581922],[135.3025736862553,34.81890694127151],[135.3022567263637,34.81865502301769],[135.30189422095845,34.81827628233231],[135.30176649266426,34.818190958861464],[135.30137323519875,34.8180078878634],[135.3011522425928,34.817950561145175],[135.30092426338905,34.81777068000785],[135.30058095895762,34.8176235484295],[135.30003240406734,34.81758917850384],[135.2998550491833,34.8174952332416],[135.29987712772717,34.81726561572774],[135.2998480920795,34.81713401185214],[135.29955620467226,34.81667293800491],[135.29947262490276,34.81658740258812],[135.29932303053315,34.816515771755576],[135.29927806974908,34.81643894368946],[135.29923804145255,34.816316582716915],[135.2993443133116,34.81598418019161],[135.2993425601626,34.815834189297725],[135.29931437690962,34.815775398008576],[135.29922588754187,34.81574426860627],[135.29894159245364,34.81569877903166],[135.2986230152174,34.81577412835893],[135.29835321753134,34.815785284490616],[135.29821602276536,34.81583186709176],[135.29791508495728,34.8160067957456],[135.29731189379407,34.816243275539165],[135.2970310759082,34.81625465674058],[135.29675089542565,34.81632039842891],[135.29628840250027,34.81634223047923],[135.29610714961905,34.81638915887329],[135.29565241986677,34.81660163746718],[135.29534057209932,34.81678593986137],[135.29516153084182,34.81702356038033],[135.2951085363005,34.81704862746589],[135.29439499179458,34.81612437949965],[135.2957548104604,34.81500303388366],[135.29579305725963,34.81492188329895],[135.29577942896245,34.81487339757715],[135.2954297375562,34.81460122573802],[135.2950115055551,34.814609885243364],[135.2942782293415,34.814513282376446],[135.29345144079892,34.813967116886225],[135.29268753830104,34.814048777878256],[135.29219102499724,34.81407424251884],[135.2918312272405,34.81405552708751],[135.29127413545902,34.81393047448934],[135.2905340393703,34.81363473982531],[135.29016671010513,34.814175111460315],[135.2899503837182,34.814349917372255],[135.28968126391075,34.814508094580226],[135.28911137507197,34.81469412829211],[135.28728219260805,34.81514596397434],[135.28699489036674,34.815260615209375],[135.2867484665801,34.81539593151429],[135.28657017815047,34.81562649084222],[135.285646876378,34.815950213009344],[135.28537037221258,34.81613548219107],[135.28483319347194,34.81674688873669],[135.28460556130057,34.81689811180993],[135.28279495509713,34.817420590348114],[135.28235446307545,34.81808834932877],[135.28206999816686,34.818407339458375],[135.28152783476412,34.818818554639535],[135.28088417271775,34.81904738144894],[135.28043066392232,34.81937134898059],[135.27977771622915,34.819565452753004],[135.27926087139957,34.819922374222024],[135.27898852728535,34.820040975929935],[135.2788500956408,34.82016762124445],[135.2785730646303,34.820302386909475],[135.2784402356166,34.82035180115142],[135.27829078611882,34.82034408951494],[135.27776854951824,34.82016996946925],[135.27699640067215,34.82029920861176],[135.27680395401143,34.820265489703566],[135.27639809969918,34.82007468571091],[135.27593272321153,34.820460562563824],[135.27591767131236,34.82063836306144],[135.27613360764462,34.82117438768102],[135.2761013662121,34.821829312124464],[135.27615317560833,34.821894335712514],[135.27691167458684,34.822281287318],[135.27714651122633,34.822235025746274],[135.27727139703637,34.82225271936383],[135.27746009507587,34.82239154235322],[135.2784226010973,34.82350862244188],[135.27870640610502,34.82402545405387],[135.2787080630977,34.82417037693915],[135.27864075239182,34.824236396267075],[135.27839243742244,34.82433649750467],[135.27755029622836,34.82457684879529],[135.27695822758963,34.82461651466565],[135.27681026211926,34.82556220824948],[135.27666983622754,34.82568020259228],[135.27661151305253,34.825785869701946],[135.27660728454163,34.825916753392036],[135.27668947719476,34.82615922520939],[135.2766802545797,34.82634634652162],[135.27616752356943,34.82613995903748],[135.2760244121744,34.8260147951318],[135.27589043949413,34.825702581033816],[135.27575325326328,34.825610118771635],[135.2754571870301,34.825500223377226],[135.27493956503912,34.82537337988769],[135.2743585634718,34.82587578047949],[135.27412220245265,34.82603648738975],[135.2729808844633,34.826391375464475],[135.27195631443186,34.82779968647405],[135.27117781402603,34.82767019300887],[135.27094653482519,34.827760712081414],[135.27072691908086,34.82789339471292],[135.27058132351493,34.828053395452436],[135.27050160149963,34.82827613197206],[135.26880261489,34.8289719315808],[135.26794809650204,34.82937824674792],[135.26788106768632,34.82946299231669],[135.26788228455527,34.82957052546612],[135.26805633959205,34.82992456349775],[135.26820361048556,34.83040966151294],[135.26839999489783,34.83072148428833],[135.26843568007965,34.83087086729049],[135.26838720781885,34.83110033935432],[135.26828067440334,34.83120398282815],[135.2677164256664,34.83120141780663],[135.2675920265757,34.83123505186272],[135.2674927689699,34.83148364753483],[135.26714298374438,34.83214560479716],[135.267111173277,34.83258771005451],[135.26683696769507,34.83291716176767],[135.26639279882926,34.834003039502385],[135.2660364480024,34.8346148992733],[135.26620854123135,34.834424410982145],[135.26636850934486,34.83413640326626],[135.26643220410259,34.834308038521364],[135.2665421658037,34.83436403015017],[135.26672288020828,34.834369826386535],[135.2671285673873,34.83420895380368],[135.26721709204128,34.83420468147209],[135.2671922695868,34.83432840161277],[135.26756480145684,34.83440033316113],[135.2676232575331,34.834448549719646],[135.26759590922782,34.83462095400915],[135.2675155598167,34.83469101276422],[135.26726634627147,34.8346929275932],[135.2671216636946,34.83473911248945],[135.26703947465256,34.83483524291119],[135.2670077394487,34.83492929608171],[135.26756379405768,34.83489255761553],[135.2679554990848,34.83472636623715],[135.2685023847835,34.83472483642894],[135.26890538312387,34.83451531433917],[135.2694753356092,34.83443162576048],[135.26979722333235,34.83444351324954],[135.26992360290967,34.83435781552991],[135.27001222977788,34.834362556426036],[135.2701404114259,34.834194797266704],[135.27031145222495,34.834138474731546],[135.27033308114005,34.83411760273026],[135.27030693448768,34.83403399595188],[135.27065944891078,34.8337644307949],[135.2709202253496,34.833735375995225],[135.270912816003,34.83375972966311],[135.27160402554819,34.833877011611065],[135.2718708728533,34.83378839622452],[135.2719282546342,34.83371949841216],[135.2719272712402,34.833632951692834],[135.2722379532187,34.833673795028226],[135.27237566566527,34.83374393234712],[135.27250769126118,34.83371953102915],[135.2726175326147,34.83378713723261],[135.2735179283087,34.833553051561935],[135.27339945586613,34.83342501513925],[135.27333898728952,34.83329751775794],[135.27333937930362,34.83321187558553],[135.2734307007603,34.83299573306001],[135.27411999567232,34.83334317051083],[135.27459492008802,34.833466263028946],[135.2746223613096,34.833573309648465],[135.27470543132821,34.83354027054035],[135.27462399651228,34.83330468962714],[135.27446579623214,34.8330480822978],[135.27456964701074,34.83304727845519],[135.27478912190026,34.83350173292512],[135.27558701377518,34.833192647428625],[135.2759997229285,34.833147966110424],[135.27635837267,34.83315603132602],[135.27610179039286,34.833275210899544],[135.2761649445722,34.83335317643798],[135.27638458584303,34.83334245845624],[135.27650881132135,34.83340544164843],[135.27666058274886,34.83338264437015],[135.27652877663425,34.83352339321114],[135.27655824621553,34.833613310583715],[135.27649513174038,34.83364359009683],[135.27655268832197,34.83370258304643],[135.27682931831308,34.83361120729674],[135.277101852656,34.83363972648054],[135.27738954629268,34.83373186491409],[135.2773431900552,34.83367398327825],[135.2770047287796,34.83355667338013],[135.27731627100172,34.83345601053986],[135.2773033199459,34.83327941052154],[135.2771464550755,34.83307308193489],[135.27702383998746,34.832837188710016],[135.2770342793816,34.8325098362474],[135.27693002291778,34.83240789239849],[135.27687622740055,34.83228928867796],[135.27686765793365,34.83182334359443],[135.27697914329093,34.83153401161574],[135.27753341742203,34.83124715868811],[135.27767969565227,34.83096079711579],[135.27801810914096,34.830656672406946],[135.27838116209674,34.83043102415561],[135.27865812130156,34.83031745852594],[135.27997628313219,34.83019572468853],[135.28117746773978,34.82992093703092],[135.28343859333273,34.828847971073365],[135.28360410584443,34.82872864518701],[135.2836967052424,34.82848537569427],[135.2840650455439,34.82802374481189],[135.2844030402363,34.827693342755296],[135.2846264013076,34.827576662099844],[135.28474335074523,34.827341721834195],[135.28450836358655,34.82729376834246],[135.2845681832833,34.82693300140311],[135.28462443323144,34.82688579892727],[135.28464786893971,34.826762581320395],[135.28524964831325,34.826741744548514],[135.2859513957551,34.82688055095185],[135.28606268758688,34.82687390399558],[135.28615487703956,34.82681775695239],[135.28631692892114,34.826584010541495],[135.28652702396388,34.82650235984752],[135.28676894507524,34.82651454818419],[135.28679360901805,34.82649090351297],[135.28687216903123,34.82653430358801],[135.28734119933986,34.826548160316236],[135.28755028983778,34.826505531498555],[135.28765975920672,34.826451922997194],[135.28801420206568,34.826083067510396],[135.28812685048467,34.826031476362154],[135.28810235578234,34.82586997098847],[135.28815026535653,34.82571437567403],[135.2882590228509,34.8255993618413],[135.2884780248061,34.82549805954538],[135.2893008901918,34.82524707435221],[135.28955630976566,34.825215768803744],[135.28996494262546,34.825236005780795],[135.29038721486057,34.82513598871872],[135.29068481457762,34.82514808267609],[135.29099609472524,34.825028654746795],[135.2911563779206,34.82507133793743],[135.2915242535341,34.824942517674664],[135.29166638447097,34.824944285012094],[135.29180268860597,34.82475285035904],[135.29195111483713,34.82484098016194],[135.29196553474856,34.825156726019266],[135.2921909327626,34.82553419145058],[135.29183903425482,34.82550154102365],[135.29191561898455,34.825757780833165],[135.29211772743568,34.82577618764856],[135.2920072697317,34.82615679425136],[135.29191650207176,34.826298361388126],[135.29197140133704,34.82644441410424],[135.29206842442719,34.826540273760216],[135.29239103079868,34.826668439651726],[135.29271886724166,34.82688656746567],[135.2926989941732,34.8270068705618],[135.29273876944686,34.8270709258135],[135.29265540814853,34.82723264638748],[135.2926837685223,34.827380387874335],[135.2926645579472,34.82756505483837],[135.29281875330233,34.827840610560635],[135.2929326541426,34.82786020604883],[135.2930842051504,34.82806986352316],[135.2930882023697,34.828105045094745],[135.29298619469287,34.82819071384023],[135.29285694237595,34.82837913564555],[135.29270042606146,34.8284481189943],[135.29262917079606,34.82864453442177],[135.2924617103543,34.82885959531426],[135.29248067661905,34.82892635030685],[135.2922406908965,34.82930959579515],[135.2923625309389,34.82937990489431],[135.2917054279807,34.829536360514815],[135.29164977807585,34.829377638286445],[135.2913530122818,34.829320960563386],[135.2912253756157,34.829339573249634],[135.29124913729274,34.82924557959794],[135.29133515986467,34.82917327851978],[135.29112224094476,34.82914411019655],[135.29098403653583,34.82919421498613],[135.29076603355006,34.829190509972726],[135.2906192960761,34.82907180176334],[135.290506424887,34.82902367453392],[135.29036853708206,34.829101030184475],[135.29016418970886,34.82914073940454],[135.2899919458391,34.82909850118821],[135.2898470599653,34.82887413937629],[135.28977428682424,34.82858610863019],[135.28939027064243,34.828487647047716],[135.2893234152229,34.828422818035136],[135.28929570316853,34.82830859470843],[135.2893635914381,34.827894028116205],[135.28927553999048,34.82770950064722],[135.2889851566557,34.82742085452051],[135.288851331537,34.827221614802525],[135.28877727017533,34.82741988262138],[135.28854188727465,34.827641389426546],[135.28836466602394,34.82767799484276],[135.288193839479,34.82764715200163],[135.2880667419044,34.82771251988032],[135.28798388084365,34.827918250523744],[135.28780602965207,34.8281371922652],[135.2878102086846,34.82841012852788],[135.28812063592687,34.82853361224523],[135.28842160861552,34.82876259513996],[135.28883296664142,34.828854577833894],[135.288993901697,34.82895289486529],[135.28903037713016,34.829034653693945],[135.28901430817737,34.829181194396455],[135.28889619606323,34.82941058285591],[135.2887203445898,34.82955837864983],[135.28836628262954,34.82965778484851],[135.28801010599764,34.82987728234981],[135.28735124463296,34.83003774345984],[135.28696223010488,34.83006903673973],[135.2864710477429,34.83021712086926],[135.28511264195288,34.83098160142906],[135.28445414787564,34.83144226741332],[135.28423287598653,34.831555411976716],[135.28361504345864,34.831750318506984],[135.28283418204356,34.83228080777275],[135.2825400786132,34.83262727600464],[135.28242954323568,34.832700254861045],[135.28223936448208,34.8327476561598],[135.28173863846703,34.832758042174866],[135.2815089627074,34.83283194946461],[135.28128033973363,34.83299761162561],[135.28115580446288,34.83322796166435],[135.28110365904047,34.83353648040416],[135.2810168825914,34.83359617494296],[135.28086633978566,34.83363664546587],[135.28050103675184,34.833629562355966],[135.2806775215412,34.83372107934085],[135.28086663838448,34.833722281230784],[135.28102542074527,34.833648012386284],[135.28110713648908,34.83372040665198],[135.2809345486725,34.83382718030006],[135.28117098998248,34.833851464129395],[135.28061968515598,34.8341145070107],[135.28076088578052,34.83413052075209],[135.28062710947796,34.83418839654751],[135.2806710080754,34.834225451263606],[135.28068401689077,34.83418288241303],[135.28145202005535,34.83380898969531],[135.2823402825833,34.833821849546396],[135.28234150701869,34.833928394363326],[135.2824423201875,34.83399042670596],[135.28251552021422,34.83413908873391],[135.28250808698252,34.83439141168222],[135.28217890412554,34.834287075570515],[135.2818986868773,34.83450469426016],[135.28181789588695,34.83477315508374],[135.28181318738146,34.83496538311759],[135.28168201601974,34.83529487327085],[135.2818875148773,34.83544306667394],[135.2818590856137,34.83548885413009],[135.2820606460385,34.83547249087659],[135.282311800135,34.835743290022116],[135.28237267429395,34.83574851915301],[135.282472085335,34.83562125740003],[135.28253993730712,34.835750593284104],[135.282581295384,34.835766820868976],[135.28269761973854,34.83570668243343],[135.28272282304258,34.8356107064202],[135.28255020624078,34.835142878288124],[135.2822234969847,34.83503091630299],[135.28217214622373,34.834895889275764],[135.28219135193783,34.83470150472168],[135.28245897274482,34.83453997119803],[135.2825633476996,34.83442126330628],[135.28259270325853,34.83419595358197],[135.2827201772365,34.83417692911575],[135.28283278202352,34.83406829759747],[135.28289355653408,34.83410930317778],[135.28314830348404,34.83412111602747],[135.2834627753939,34.83408274207696],[135.28384000594355,34.83396098506657],[135.28414297213462,34.83379846907439],[135.2842284295426,34.83365420165694],[135.28422412285235,34.83357683806746],[135.2845545354029,34.83346924830729],[135.28476698037596,34.83329363498494],[135.28489144330243,34.83333963473666],[135.28526947516744,34.83329519175305],[135.28542097632774,34.83336027625789],[135.28557663892192,34.8334972302442],[135.28557753059735,34.83357455107895],[135.28549840770955,34.83368292230664],[135.28521250905465,34.83372516429201],[135.2852882326922,34.83406282452202],[135.2854374970896,34.834355963854314],[135.28530346096625,34.834502019400055],[135.28513036972745,34.83459450745898],[135.28509923180795,34.83465700708468],[135.2850764378774,34.83481360144529],[135.28518174344035,34.83496102111529],[135.2852831586433,34.835415387973484],[135.2851747553932,34.835236652803985],[135.28408205563673,34.8360963010666],[135.2842919521627,34.83638861477554],[135.2842931606607,34.836493540072404],[135.28418180501308,34.83686633066288],[135.28422944215575,34.83698990751873],[135.2844872637747,34.83733368068469],[135.28451354522664,34.83745010023639],[135.28448562745817,34.83763638407949],[135.28452704446352,34.8377171200215],[135.28464942874876,34.837797292335324],[135.2847377695492,34.83793963541568],[135.28471721088982,34.838163891090154],[135.28467248714648,34.8382929804567],[135.28451198500144,34.83841818697847],[135.28443798010449,34.838518912113805],[135.2842909827553,34.83881578095277],[135.2841012782778,34.838912552943725],[135.2840617812525,34.83899871024542],[135.28384312189792,34.839095849419394],[135.2837513933073,34.839163261218],[135.28371178746727,34.839239843029056],[135.28330439908504,34.83927401775407],[135.28316747771225,34.83943727817073],[135.28312242175704,34.83953777746555],[135.28310755628863,34.83975241085857],[135.28301590448547,34.83983418801097],[135.2825547477077,34.839961743509015],[135.28225571869774,34.84011190556721],[135.28208803336895,34.840118004277244],[135.28118090648562,34.839941557805155],[135.28102466673013,34.83993319927678],[135.28088626171603,34.839967661938964],[135.28078916207681,34.8400733536058],[135.28074098094154,34.84040755054097],[135.28056328771981,34.840547184204944],[135.28038231447925,34.8404007705719],[135.27973428989907,34.840129681470216],[135.2794532989423,34.84005095180675],[135.2792351800268,34.84009159689582],[135.27916185361173,34.84018499008744],[135.2791436802171,34.84036535229282],[135.27907447296903,34.840423500721215],[135.2790113989224,34.840427653609126],[135.2788752114993,34.840343287496346],[135.27873267267992,34.840106708096634],[135.27800446456712,34.83964347511167],[135.27772371387223,34.83962284000626],[135.27716044238275,34.839777086956694],[135.27632353000197,34.8398454949993],[135.2752482803197,34.84014378676005],[135.27469143330597,34.84034522979991],[135.27410216942164,34.840894901706115],[135.27391107913616,34.84084926610499],[135.27417827239293,34.84049041257386],[135.27419183880042,34.840399246008786],[135.27413173916594,34.84014032881654],[135.27415918788228,34.840045815604476],[135.27423925625754,34.839958851266545],[135.2745423791325,34.839799309326146],[135.27478263304826,34.83955778377554],[135.274826800096,34.83946116950444],[135.27477229553207,34.83928094605005],[135.27466659916288,34.83920316842141],[135.27430821665604,34.83911565952628],[135.27385830675345,34.83894230248975],[135.27341242436611,34.83869440061987],[135.27268192861126,34.8385664523025],[135.27236771500046,34.83838224957555],[135.2719862597363,34.83835371612885],[135.27177085300184,34.8382650920425],[135.27168841280158,34.838143889075965],[135.2716872500575,34.838041779784476],[135.27178006203323,34.837821048189866],[135.27175233976183,34.83747947981898],[135.2717801920711,34.837412500371386],[135.2719170442132,34.83730143585339],[135.27199048691702,34.83719501557186],[135.27198202879399,34.83712747082891],[135.27189753378852,34.836998327195175],[135.27183048249137,34.8369682085877],[135.27121874966107,34.83691701081566],[135.27113508475213,34.8368680756437],[135.27108683017548,34.836568287819205],[135.27088060011465,34.836316553070695],[135.27071546847168,34.83626183657729],[135.27014218323123,34.83618075781651],[135.27006600568396,34.83621198125294],[135.27052566071714,34.83663663493167],[135.2703269917921,34.8369527644625],[135.2697917112569,34.836992033579484],[135.26975970753088,34.83831743894252],[135.2696515917092,34.83851483379231],[135.2696742768432,34.838601706513074],[135.26957328064412,34.83879432893142],[135.26958731111716,34.83882633565507],[135.26949415910158,34.83909298648073],[135.26956111607635,34.839212337793256],[135.26950703656786,34.83984286730391],[135.26956737433085,34.840056078611596],[135.26952178977814,34.84017904304178],[135.26942860141085,34.84025455466034],[135.26953519674763,34.84049445365041],[135.26955935627024,34.840696182859055],[135.26913410031148,34.84070037367327],[135.26860344808787,34.84047993668141],[135.2684644506451,34.84046297707826],[135.26830514964655,34.84039574817416],[135.26817484317297,34.84028674335264],[135.26819160254482,34.840122518341836],[135.26836886716114,34.839747961506056],[135.26837126542452,34.839673149299706],[135.26755918317394,34.839792993886206],[135.26736440688472,34.839994504692996],[135.26720541026972,34.84009728343417],[135.2668196900673,34.840243073216726],[135.2668228376476,34.839744564468795],[135.26688667641133,34.839588993090146],[135.26688573057427,34.83941504486948],[135.26681865064765,34.83937499403323],[135.26683544177456,34.83922076950724],[135.26726926972304,34.83920511307235],[135.26755699126184,34.839019578705944],[135.26781260228543,34.83897789188161],[135.26818758593,34.83881971623399],[135.26813740568352,34.83871847512117],[135.2681367362564,34.8379819511544],[135.26790873700358,34.83783679384481],[135.26780191180632,34.837651335581015],[135.26777494346183,34.83723151463097],[135.26717485736447,34.83665517039112],[135.26719337595014,34.836359374908625],[135.26730959585592,34.836198048635055],[135.26734633833965,34.83606339054311],[135.2670201250586,34.83602448606302],[135.2668693921311,34.836041842079226],[135.26662625231654,34.83609779734621],[135.26659964560628,34.836162020597],[135.26646137526757,34.836118008684345],[135.2663692160706,34.836186326355474],[135.26600126471496,34.836135062054026],[135.26606891182877,34.83583255060916],[135.26598292298343,34.83566819806999],[135.26573848424806,34.8356771165877],[135.26569291021116,34.836058830224864],[135.26562126357126,34.83624178768911],[135.2655594446467,34.836288953505125],[135.26514937838533,34.836387951128685],[135.26495761424715,34.83647829988214],[135.264749190164,34.8366061724442],[135.26461456022662,34.836733410030526],[135.2639134567671,34.83817662696473],[135.26414832339282,34.83838533706873],[135.26418898483283,34.83846911599317],[135.26399919532878,34.83874185551127],[135.2638868793678,34.83884089200007],[135.26349551328948,34.83908467854561],[135.2633203733441,34.83914215076036],[135.26325870688063,34.83920340101755],[135.26324246749115,34.83927831925536],[135.26329014828718,34.83948367300592],[135.26312484178095,34.83990588290422],[135.26292961484472,34.84019725545898],[135.26242814393473,34.84061576778004],[135.26248499592222,34.84067322555303],[135.2627878883134,34.840763449631545],[135.26280955011956,34.840821176410685],[135.26274117262696,34.84098382292586],[135.26274182485815,34.841041639987814],[135.26278438601807,34.8410818085696],[135.26303751500257,34.84111466427909],[135.26291419593485,34.84138182303468],[135.26276133614078,34.84152187592],[135.2626993740254,34.84163235647758],[135.26253518524533,34.842487756525735],[135.2624131740189,34.842833502474896],[135.26210822658663,34.843326714133426],[135.2618743833174,34.84349703460907],[135.26191399696864,34.844222557851836],[135.26200990285554,34.84436436988573],[135.26229963314836,34.844354618304756],[135.262412080074,34.84438756351618],[135.26252754000566,34.84444527603019],[135.26278417893073,34.84465966573734],[135.26306017933706,34.84548402911444],[135.26301543165232,34.84570474188118],[135.26351587356444,34.84578993255818],[135.26397157215186,34.84595997825951],[135.26420801719252,34.84607986719253],[135.26433252225632,34.84621188219269],[135.26437495008093,34.84633776500759],[135.26436092017389,34.846547467918704],[135.26429296159014,34.846822941789995],[135.26425667552175,34.84724015684785],[135.26440159071143,34.847484701105465],[135.26442189711486,34.84758821630247],[135.26438921755766,34.84784088264951],[135.2644289129137,34.847966786389314],[135.2644955347958,34.84805642433725],[135.26458116335627,34.848134648003686],[135.26552084772254,34.848314500106525],[135.26607606565776,34.84858068471339],[135.26647831600877,34.84861590914867],[135.2670794179433,34.84858875388686],[135.26746943073033,34.84850912957108],[135.26816929351503,34.848512761557124],[135.26864929733333,34.848173263404995],[135.26880162668536,34.848106732805164],[135.2689296879182,34.848069687224495],[135.26940032367503,34.848108882749294],[135.2702461097804,34.8477462058256],[135.27040343407958,34.847555820322654],[135.2705170814457,34.847535928487304],[135.27047971905534,34.84751086234457],[135.27022717026466,34.8465623037754],[135.27010648214173,34.84570062308182],[135.27007037844544,34.84560561082911],[135.27010809805415,34.845474745583566],[135.2695497275361,34.84544890619584],[135.26986948440512,34.8453147396201],[135.2702735739162,34.84503237399199],[135.27062418044235,34.84498987637161],[135.2707187363759,34.84570949288869],[135.27076865434034,34.84580961010578],[135.27089281860617,34.84591084294434],[135.27134669516764,34.84603960441576],[135.27151647120303,34.846125414342374],[135.2719104964927,34.84648148665485],[135.2720153866206,34.8467278114898],[135.27196056620048,34.846849653778314],[135.27235478792235,34.84685555001752],[135.2726149198977,34.84689410299859],[135.27334144110054,34.84731893580815],[135.27368656164975,34.84761825932898],[135.27441337790643,34.84806787384594],[135.27452864433403,34.848107546421524],[135.27462978013517,34.84810676160047],[135.2748536889341,34.847845846074065],[135.27493244186743,34.84780016037377],[135.27543623666742,34.84763172701227],[135.2755556287839,34.84755417322435],[135.27573340115597,34.847322912930544],[135.27593213769342,34.84725150348668],[135.27636679524235,34.84725263251261],[135.27655232885354,34.847221891638846],[135.27671109663734,34.847240940431824],[135.276818291946,34.84729194219987],[135.277149452427,34.84780321334919],[135.2772982437686,34.847905726457796],[135.27744074185065,34.847936169434064],[135.27791524043343,34.847835565465296],[135.27866599978861,34.847987476751854],[135.27907572397615,34.84795949197076],[135.27924707335643,34.84788378327275],[135.27934549029567,34.847646375748994],[135.27942153301993,34.847602962095024],[135.2802336182174,34.847382522637325],[135.28061832365856,34.847318668683265],[135.2807626218169,34.84726796003919],[135.28113431779818,34.84702390909232],[135.28128707461116,34.846995670889044],[135.28132421672566,34.847135110796614],[135.28113101995635,34.847449886526746],[135.28109667921166,34.84755382562105],[135.28112296556918,34.84770011153801],[135.2813004962718,34.84792409545424],[135.28135892603558,34.84825042703364],[135.28147577871397,34.84842755690019],[135.2816223101287,34.8485706489261],[135.2817572594874,34.848657488533945],[135.28188885267667,34.84869026515813],[135.28230969442257,34.84867795841862],[135.2824623239483,34.84863845108516],[135.28270333713203,34.848440492083405],[135.28281493899433,34.84839905173664],[135.2829135753892,34.84841856297074],[135.28324452138685,34.84867064083799],[135.28289801352483,34.84943961544276],[135.28264301355907,34.849847279402056],[135.28249709574027,34.849994912597495],[135.2824358107836,34.850132868518735],[135.28245204975383,34.850355858730765],[135.28257853713126,34.850656865906146],[135.2827498056923,34.85081103121759],[135.28278614653206,34.850880611710316],[135.2826879437418,34.85113604966007],[135.28276704920293,34.85159518707917],[135.28264666563064,34.85182375414575],[135.2826447116122,34.85189138071947],[135.28270831010508,34.85195398669943],[135.28304820235235,34.85203245881873],[135.28356626584605,34.85238899377609],[135.2837360029294,34.852646840003274],[135.28424683555752,34.85308681559452],[135.2843983005045,34.85318253712377],[135.28448702434727,34.853290020380236],[135.28451855218674,34.85341598338854],[135.28440382162935,34.85366028897014],[135.28452006438513,34.85378333369777],[135.28462959522963,34.854508183610626],[135.28486278343473,34.85457847379247],[135.2850196916712,34.85467189979889],[135.2851389557232,34.854819711199184],[135.28524280928528,34.85505328604184],[135.28551276524118,34.855465856153415],[135.2855873548157,34.85553288271808],[135.28565863714314,34.85555035268159],[135.28607047201876,34.85546598119993],[135.28673133234236,34.85563883087594],[135.28704840449575,34.855634082628875],[135.28764868958208,34.85529805744472],[135.28774732348649,34.85508092150621],[135.28791492374856,34.854917332328256],[135.28846241290495,34.854560168050995],[135.2887948349249,34.8547520052068],[135.28900172708592,34.8549706773755],[135.28940008498577,34.855212136614256],[135.2895592354499,34.85526271719667],[135.28967509381857,34.855351952621206],[135.29003522912504,34.8557592904159],[135.29034630190844,34.85594389447669],[135.29028039868376,34.85615401205236],[135.29030084433037,34.85626653727605],[135.29038224230146,34.85644844686775],[135.29069691021962,34.85694178237778],[135.29074446862083,34.85844464525059],[135.29080525885354,34.858734896007824],[135.2910279097284,34.859307836857774],[135.2912721923631,34.86009470989],[135.29156974234428,34.86052507126715],[135.29204464952753,34.86092472874926],[135.29278087491886,34.86122540294153],[135.29294372432514,34.86125481974864],[135.29371559813282,34.86152034260712],[135.29380173159797,34.86137478743983],[135.29383135911647,34.8612193974244],[135.29379133217765,34.86101800718808],[135.29368883493308,34.860837678158894],[135.29313747826686,34.86038165725565],[135.29296541630097,34.86015539509725],[135.29289975523622,34.85990244212229],[135.29292195036763,34.85965914542911],[135.29304523879233,34.85946160169053],[135.29316934712696,34.85934166393305],[135.29343180793046,34.8592464058265],[135.29366975836737,34.85920317877657],[135.29392698139426,34.85920113899414],[135.29459315683874,34.85928374861366],[135.295305586924,34.85929619233798],[135.29557488674172,34.859252711028645],[135.29576232748536,34.85917882179227],[135.29652288545617,34.85874851526958],[135.29667949060263,34.8587266338361],[135.30059124398642,34.85944035960725],[135.30082304551925,34.85941258948751],[135.3019174261633,34.859088320463506],[135.30200429631248,34.85899966105564],[135.30202199583192,34.85890641338125],[135.3019507801802,34.8587207023777],[135.30128181638267,34.85786218582526],[135.30072138589404,34.85743465950399],[135.30001008531053,34.85671619991116],[135.29970973265142,34.85625299715656],[135.2995872864251,34.85597458593065],[135.2995614784849,34.855646315263904],[135.29961357426473,34.855273476049646],[135.29974749355003,34.8549206900328],[135.29998838403236,34.85459796795777],[135.300267982709,34.85436297286935],[135.3006047322557,34.85417921472572],[135.30094212090268,34.854057497206504],[135.30118054153974,34.85405559310308],[135.30133168838492,34.854101009015245],[135.30272162726843,34.854635642351575],[135.30297335846555,34.85469053357918],[135.30519777971645,34.85468559927987],[135.3060458817654,34.85476675713691],[135.30634170543465,34.85483678047356],[135.3079152797453,34.855509599333345],[135.3091784804206,34.85620292608069],[135.31054801445666,34.8571271856718],[135.31146143387866,34.85766079763333],[135.31247146176742,34.85819890826131],[135.312820336569,34.85832336368971],[135.31316192403574,34.858373645567774],[135.3135573302247,34.85835186925042],[135.31390343501988,34.85824308917994],[135.31426776764945,34.85804387285176],[135.31451590325977,34.85780854727972],[135.31541456861493,34.85655508727669],[135.3155460951225,34.85625710390979],[135.31554991272372,34.85603959334928],[135.31541799626774,34.85495607656892],[135.31542183765202,34.85473335362683],[135.31550267207564,34.854504657698385],[135.31583365250154,34.85393194432927],[135.31605772106496,34.8532989645746],[135.31612384315477,34.85291136505196],[135.31611923511647,34.852524267413],[135.31605560067982,34.85231005043656],[135.31594440747014,34.85216241978149],[135.3154819909536,34.85168352131752],[135.31505107144426,34.851151477870104],[135.31403445947478,34.849778194482646],[135.31379149886982,34.849361115097494],[135.31369147115984,34.84905972267623],[135.31369252179283,34.848882027604596],[135.31379293790235,34.848669093798314],[135.31412849257327,34.84821565757279],[135.3144461898536,34.84788434251961],[135.31500813959912,34.84754035062123],[135.31608527144186,34.84697217874112],[135.31623163882102,34.84683838144724],[135.3163261400778,34.84666795950583],[135.31636254236986,34.846482021021146],[135.3163313165566,34.84602626038897],[135.31638739696768,34.8458719950209],[135.31688613806753,34.84535088816327],[135.31722984169838,34.845045834953325],[135.31767297064528,34.844175172278014],[135.3178309619518,34.84393529323171],[135.3182689607499,34.84358025425459],[135.31838732930314,34.84338478098972],[135.3185748272997,34.842318015269015],[135.31886493578153,34.8418045191211],[135.31904309992186,34.8413303826662],[135.31917794783428,34.84113477555168],[135.31983560734594,34.84061378843268],[135.32045811789126,34.84036893861676],[135.32056085803154,34.840245988067416],[135.32071397310813,34.839971073378],[135.3208401800813,34.83951777960543],[135.32096831287546,34.83853283258134],[135.32077115509443,34.83695353609199],[135.32076320036632,34.83674549454575],[135.3208376063684,34.836545869721505],[135.3210935401806,34.836334204110585],[135.32137892091174,34.83617061038918],[135.32168876018963,34.83601681688725],[135.3228026014425,34.8356197092222],[135.32335487030014,34.83528266114434],[135.32399481874333,34.83462213647944],[135.32422343762252,34.83431293627877],[135.32451688515812,34.8338115787071],[135.32468727262187,34.83349017557986],[135.32481239501251,34.832712994972155],[135.32499920441288,34.8319806656719],[135.32496108958762,34.83058246725662],[135.32520050788068,34.83010669144451],[135.32525915208103,34.829890781382346],[135.32527306008217,34.829661432868875],[135.3250399589815,34.8287692116973],[135.3247300696831,34.82819636259932],[135.3239898518952,34.827448153769254],[135.32351559427585,34.82684221463896],[135.32287712685044,34.82623071003006],[135.32228814762868,34.82579992983251],[135.32037223451832,34.824832042543186],[135.3202570910776,34.82468741091409],[135.3200138474455,34.82481481175323],[135.3198950886518,34.824803523088704],[135.31968811515665,34.8250146448003],[135.31963274067223,34.82503340527734],[135.319487983909,34.82501929854882],[135.31866162426212,34.82474775846314],[135.31846113144692,34.82472191968784],[135.31822410911127,34.82474827780167],[135.31797751634443,34.8249031686353],[135.31836989474502,34.82515682466619],[135.3184122357857,34.82497605376249],[135.31882109134207,34.82506442970858],[135.318806754815,34.825101237049445],[135.3192052052237,34.82524779598123],[135.31945139665442,34.82537425119283],[135.31959739861696,34.82549222398153],[135.31990096625384,34.82545320847078],[135.3201802249341,34.82555178718229],[135.32021804840022,34.825615636223986],[135.3204701127833,34.825604432166095],[135.3207505589445,34.825652647691314],[135.32075282468392,34.82584221029178],[135.32062475329712,34.825980789657166],[135.3206594620329,34.82609058086371],[135.32062621507137,34.82610310438018],[135.32068756377404,34.82627683531921],[135.3208209993606,34.82627272162698],[135.32106388254755,34.82642187533486],[135.32136929441813,34.82643650453001],[135.32171251639116,34.82640603503429],[135.32174310107195,34.826485294773555],[135.32186092072703,34.826574478453104],[135.3216576336054,34.82693698602646],[135.3215502632525,34.826950042642665],[135.32137543227344,34.826899562796044],[135.32103727951414,34.82714682588765],[135.32087132457482,34.82722465724631],[135.32106892472595,34.82731481090851],[135.32044392757712,34.827451305157695],[135.32025599236468,34.82754755321534],[135.3201394152684,34.827719772092514],[135.32014116824493,34.827866522198974],[135.32005614559404,34.8278916497996],[135.3200672642253,34.82804290136884],[135.32003100236946,34.82811045052796],[135.31960803505294,34.82840129121773],[135.31953856347536,34.828484394742055],[135.31923596547978,34.82860615299663],[135.3192643809936,34.8288261420412],[135.31951425811448,34.829181874061874],[135.31953997993352,34.829412590215966],[135.31953189123476,34.82950730771538],[135.31935583244555,34.82994917919457],[135.31920536442362,34.8301445631372],[135.31910794942684,34.83072798326063],[135.318302034174,34.83075029699574],[135.3180327397888,34.83086523041395],[135.317824621601,34.831032347616315],[135.3176424057925,34.83123017060619],[135.3175637775301,34.83145560517138],[135.3175594892864,34.83162620932632],[135.31803742999628,34.83163198302559],[135.31783178740312,34.83171316166725],[135.3178409826894,34.8324854394299],[135.31806101034914,34.83245717627492],[135.31811352406018,34.832240898189966],[135.31815454096474,34.832214085776116],[135.31848881726015,34.83232687298246],[135.31861752887704,34.83234097060307],[135.31880960139384,34.832275043356844],[135.31904129828317,34.83207252171501],[135.31909181127548,34.83206830941395],[135.3193802975722,34.83238774180963],[135.31939626191576,34.83257318372578],[135.3194789711899,34.832576244389436],[135.3192056745115,34.83276403390422],[135.31899763023694,34.83303073147436],[135.31887900274967,34.83308845662462],[135.31878682712286,34.8330589213766],[135.31868647398912,34.83311656852475],[135.3186962891925,34.83317325284437],[135.31847381831525,34.833383303961675],[135.31819269929272,34.83329473372519],[135.31799985371183,34.833296296703274],[135.3176755236902,34.83324399240809],[135.31742924395263,34.83329866598808],[135.31811689190036,34.83450271907602],[135.3181997327532,34.83457359983023],[135.3182577376158,34.834589116831104],[135.3184882831078,34.834511611382915],[135.31886665226062,34.83450354334519],[135.31894191680232,34.83454779334707],[135.31896684818443,34.83461111590614],[135.3189660876213,34.83466929230692],[135.3185935610023,34.83485267222497],[135.31807941846324,34.83523650182197],[135.31791487697103,34.83540572863382],[135.31767001481873,34.83582350239887],[135.317581656873,34.836178949095945],[135.31752257619738,34.8362672487718],[135.31707807370722,34.836625577579596],[135.31681175742492,34.836991969737916],[135.31679955783116,34.83712946862822],[135.31691422138303,34.83743369171725],[135.31701246581713,34.83752825271011],[135.317319801718,34.837693588041304],[135.31735827668172,34.83781159050726],[135.31748523191885,34.83798592086815],[135.3176322358762,34.83809346675946],[135.31767030314586,34.83817710504268],[135.31766213034282,34.838272527132396],[135.31719281655452,34.838879022485884],[135.31683967033945,34.83914132511558],[135.31676190828256,34.83935400427233],[135.31610493434403,34.8397467949843],[135.31594986286194,34.839880095920634],[135.31486217259933,34.84037108310336],[135.31456025725376,34.840604584865844],[135.31445716795443,34.84072013867754],[135.3144114845305,34.84083677953863],[135.3131873960109,34.84142498232514],[135.31306516294413,34.84168428688905],[135.31295088362884,34.841742604285464],[135.31276312462214,34.841764258324275],[135.31260547269235,34.84168799120461],[135.31213043431737,34.84134793170481],[135.31151594588331,34.84103251559504],[135.31136808399992,34.84085243203751],[135.31137586449915,34.84111942097328],[135.31134083633472,34.84120590298952],[135.3112333519966,34.841246979316324],[135.31084575278854,34.84109128914913],[135.31049908992912,34.840727866477266],[135.31019374307496,34.84073032074804],[135.3099217153496,34.840812579796115],[135.3094527950529,34.84106811826889],[135.30933845365598,34.84117960488198],[135.30913893118264,34.84152079833209],[135.30877930504346,34.84148340605181],[135.30812082797013,34.84116727481341],[135.30755535763987,34.84101610365143],[135.3075465004736,34.84125695872888],[135.30761344590405,34.84144339956299],[135.3076696858233,34.84150393686425],[135.3079020137972,34.841589821009165],[135.30748153675285,34.842028141447436],[135.30714606576888,34.842221474534696],[135.30620920592304,34.841441281423606],[135.30610876941253,34.84116742756555],[135.30577764738197,34.841337904825146],[135.30592320841598,34.84151984417935],[135.30590632901175,34.841653505565766],[135.3053915958901,34.84195137093093],[135.30524393613413,34.841983047956525],[135.30511427352675,34.84197648068759],[135.30378151817877,34.84155987221565],[135.30365525967255,34.841450313248686],[135.30365445179305,34.84138158461654],[135.30370481994456,34.84133547598442],[135.3038198883635,34.84128490628612],[135.30440703024334,34.841245984263026],[135.3044942893106,34.841191833996206],[135.304381462029,34.84104012501599],[135.30422282716373,34.840923149795955],[135.30367942382847,34.840751994103776],[135.30351973027834,34.84074763640745],[135.30249766689192,34.841371811296085],[135.30220252801016,34.84185094587549],[135.3020648097367,34.84194366952162],[135.30191298595972,34.8420210813247],[135.30143781253997,34.84213938423473],[135.3012176219734,34.84230135687939],[135.30113465473295,34.84232863977561],[135.3010421520946,34.8423293772823],[135.30095833971632,34.84228440977096],[135.3008461392894,34.84218600374953],[135.30079868544087,34.842087222978314],[135.30076251323123,34.8417632720319],[135.30059341592315,34.84154721788151],[135.30043532142608,34.84147600861645],[135.3001261761209,34.84156988394919],[135.30000414696676,34.84155141779385],[135.29998011663858,34.841505268640596],[135.3000418318789,34.84086686431215],[135.30000628912055,34.840596361907785],[135.29991428652895,34.84045011536554],[135.29963071001038,34.84033412840911],[135.2993590822198,34.840050292623616],[135.29899981623447,34.839254877231376],[135.29869629005304,34.83896643336765],[135.2986581954297,34.83867489267967],[135.29825186793724,34.83834620605469],[135.29822277177965,34.838232066099415],[135.29831685044374,34.837971870029634],[135.29832030461873,34.83787268333793],[135.29825535127065,34.83765769770987],[135.2980728291243,34.837476041351835],[135.29796812430203,34.83722890453952],[135.2979968587615,34.836523012638146],[135.29784765598362,34.8362247511717],[135.2977541349424,34.83613774519966],[135.29762391037065,34.83608152284923],[135.29723512640268,34.83606932814126],[135.29712441100463,34.83609696759086],[135.29703737418123,34.83617012471446],[135.29697871665468,34.83629643971023],[135.29683522949549,34.83628997270009],[135.29673248990656,34.83621071467145],[135.29634289657938,34.83573315483282],[135.29581392823232,34.8352715573805],[135.29607107899483,34.83510050001754],[135.29643798178893,34.83476821425322],[135.29656553632935,34.83459508525195],[135.29669918753405,34.83433000343534],[135.2967636914837,34.834324068115286],[135.29684047930758,34.834163313156644],[135.29684814575572,34.83402972693387],[135.29674469189393,34.833881740815734],[135.29656851998533,34.8337747533047],[135.29665384149536,34.83367914363822],[135.29679733758107,34.83364244239689],[135.29753172487275,34.83365147425565],[135.2976767198093,34.833736312853674],[135.29777961054737,34.83391648642652],[135.29822382259775,34.834046483577396],[135.29879346909738,34.8341220296545],[135.2990734050133,34.83420586311018],[135.2992137602331,34.8342077048373],[135.30008266050646,34.83394486826911],[135.30082405990498,34.83377881836794],[135.3014284137322,34.83344173957743],[135.30174438163237,34.833225551643636],[135.30182257526172,34.833141898557535],[135.30196045047916,34.83285226858362],[135.30209993034455,34.832772561672776],[135.30268587091848,34.83255569782535],[135.30346617533186,34.832569538434846],[135.3037334165291,34.83248873986142],[135.30397890981672,34.83224353208338],[135.30420078275756,34.83190724172888],[135.3044078846894,34.8313826831232],[135.30448538909138,34.83132051178792],[135.30486523948906,34.831170568971494],[135.30516582666235,34.830868576891376],[135.30522758724524,34.83091998737086],[135.30526862693893,34.831039802346666],[135.30527130324919,34.83134007161246],[135.30543743214025,34.831304374980064],[135.3056530165231,34.83075333730613],[135.30566513689405,34.83060070106461],[135.30562150438737,34.83039118542865],[135.30518679332988,34.83043635555834],[135.3049731688888,34.83060940659206],[135.30478205801344,34.83054691965759],[135.30442426692872,34.83052407440317],[135.30446553845943,34.83072882108444],[135.30428637741625,34.83069504152271],[135.30461081935334,34.831077529220764],[135.30376441572164,34.83108528123756],[135.30358427829813,34.83096819495833],[135.30295847754297,34.83096044568436],[135.30277098032963,34.83089299590062],[135.30267650648656,34.830891989233294],[135.3022863780494,34.83095932921691],[135.30248771023113,34.83116498403484],[135.30234051871872,34.83123510302103],[135.30220444195916,34.8311025223989],[135.30201680185894,34.83100796017261],[135.30180693944862,34.83099998540348],[135.30164258914584,34.8312384151386],[135.30155019463425,34.83131281590407],[135.3014036660667,34.83165836067447],[135.30085315104765,34.83174901781555],[135.30095244745334,34.831979430112206],[135.30085326869823,34.83202170142049],[135.30089709802672,34.83211748148921],[135.3006340239921,34.83221887568186],[135.30068962642727,34.8323209712675],[135.30034319314169,34.8322692920742],[135.30027601498546,34.83217052800814],[135.30013198503258,34.83231414320586],[135.2997680685101,34.83243246545567],[135.2997349565543,34.83225969531449],[135.29958896967108,34.83192218522443],[135.29940300446046,34.83195634153117],[135.29937132807657,34.83189891504009],[135.29932581489427,34.83200181545625],[135.29925266377234,34.832056834986176],[135.29931278083086,34.832216573770424],[135.2991510092339,34.83233321541262],[135.29898025819406,34.832353799540826],[135.29890085555735,34.8322102712905],[135.29894246941737,34.832116979787955],[135.29910511355,34.83206765645581],[135.29926359890612,34.831867306525666],[135.29913653016075,34.83175979129531],[135.29834783335477,34.83210895923236],[135.29802857070754,34.83221875116514],[135.29797360816403,34.832171157980405],[135.29782935233112,34.83212751393803],[135.29788704279292,34.83177979065002],[135.29810213186192,34.83169434791511],[135.29794161004975,34.831596252867264],[135.29775842293063,34.83154643824351],[135.29732399901593,34.83161721340777],[135.29696015566665,34.83156608249213],[135.2969898300216,34.83178170091646],[135.29695198165743,34.83186841118548],[135.2964699326596,34.832242315153124],[135.29636646379353,34.8321297495107],[135.29622364917913,34.832104169822266],[135.296121473956,34.83200270485283],[135.2958401998402,34.83216885240455],[135.29595492553807,34.83227294606389],[135.2958084064343,34.83243826760478],[135.2957673750336,34.83258916155599],[135.29569817688687,34.832653795711686],[135.2954115852254,34.83240112638027],[135.29546121935064,34.832328900544255],[135.29544856762757,34.83188764720419],[135.29540429095076,34.83200962157686],[135.2952729346734,34.83212749693332],[135.294997185099,34.83225545725755],[135.29476485871064,34.83232032703065],[135.29459613553928,34.83232490136973],[135.29432162424476,34.83221446300258],[135.2941425771902,34.83219763816232],[135.2938541555592,34.83209561879038],[135.2936006783366,34.83206776182343],[135.2934602118598,34.83208549257292],[135.2927074432243,34.83231665670383],[135.29261106623568,34.832320797958786],[135.29251016724976,34.83228180478706],[135.29246129956468,34.83222916038892],[135.29224006625995,34.831624263115536],[135.29223403828348,34.83139176741189],[135.29199868986507,34.831122839926],[135.29190513798727,34.83106885691653],[135.2915932359241,34.83106307733181],[135.29138795092172,34.83110293662615],[135.29096943452984,34.831352512063766],[135.29094526233476,34.83141143772309],[135.29096323801895,34.83167264244688],[135.2908098005053,34.83189005800276],[135.2906782265265,34.83198947810399],[135.29057705098765,34.83213253466469],[135.29046591421297,34.832565750131224],[135.29034070268557,34.83278695720073],[135.28923341639324,34.833154066455535],[135.28933320552918,34.83294270965039],[135.28886316297417,34.832128275566006],[135.28899686966147,34.83206567347869],[135.2889821614263,34.83165816663133],[135.2891830227304,34.831663418215584],[135.28942776782844,34.83160127931149],[135.2898323845275,34.83158168630942],[135.29008627888356,34.8315349671399],[135.28959327260787,34.83140046219553],[135.289699697778,34.831290112833976],[135.28986927131464,34.83135976700971],[135.2901819589796,34.83136737635888],[135.29020662561268,34.8310930875052],[135.29003516436657,34.83089752765652],[135.29005122411158,34.83085359670562],[135.29029675323412,34.83085166372867],[135.29049116092773,34.83073526980414],[135.2908868800435,34.8306706005861],[135.2914721611101,34.8304990095891],[135.2914328997747,34.83025853621133],[135.2926602884283,34.83016166886298],[135.29229513411767,34.83003370034854],[135.29220827596762,34.82979853088164],[135.29290944193545,34.829641232484505],[135.29424371685528,34.82914525184016],[135.29448707937092,34.82899423845262],[135.29482321265965,34.82948328806272]],[[135.2956037137688,34.82753640458289],[135.29512252787114,34.82747647682903],[135.2949712657312,34.827417177398814],[135.29472585357914,34.82714889518102],[135.29461563684998,34.82712293501684],[135.29454681389296,34.827153620780784],[135.29446390107142,34.82703004589483],[135.29446304370694,34.8269562465557],[135.294519380489,34.82681375259036],[135.29451255868915,34.82666034840072],[135.29455231135006,34.82658291800668],[135.29441793033865,34.82649869452516],[135.2943594612735,34.826413308591356],[135.2941835147536,34.82633117373249],[135.29425509922294,34.82605313130945],[135.29424026038592,34.82595930069776],[135.29402367956425,34.82570212723599],[135.29400212522688,34.825626025943805],[135.294020593111,34.82528192140713],[135.29381491647078,34.82488254139806],[135.2942855889001,34.823942795211515],[135.2957266115297,34.82357877727632],[135.29654870323466,34.82303006026325],[135.29667327421188,34.82288808181023],[135.2967702972385,34.8228302683561],[135.29716012399751,34.822739920992554],[135.29719183823312,34.822669174351404],[135.29698549360535,34.82242572834321],[135.29693831679052,34.82222461375811],[135.29698348796964,34.82208495354067],[135.29722049455776,34.821984056910914],[135.29739558795598,34.82198597882907],[135.29774280813575,34.822087313447355],[135.29784561497723,34.82217375505845],[135.29793687383182,34.8223174738353],[135.29854393630723,34.82270872812958],[135.29858010062247,34.822668157480344],[135.29849711490388,34.82253120432036],[135.29854400185812,34.82236293733597],[135.2987811180927,34.82209590227853],[135.29964371782265,34.82240793447494],[135.29973254737996,34.82234342212141],[135.29994556137532,34.82227961293217],[135.30005635005486,34.822121049041314],[135.3001792139168,34.822155144241606],[135.30034330151773,34.82208517400531],[135.30037046802335,34.82188854109555],[135.30043858320414,34.82179060011504],[135.30041453204188,34.82166198374769],[135.30052466421907,34.82149110027451],[135.300633829318,34.821084017242114],[135.3017188608977,34.821087139292736],[135.30171752521227,34.82097299025892],[135.30185184445972,34.82097192015047],[135.3022024662781,34.820663550097024],[135.3025142787793,34.82052683310228],[135.3027011870342,34.8204951308637],[135.30292566765291,34.82054369424364],[135.30313294427648,34.82050851889634],[135.30332754745987,34.8206159842129],[135.30364022757223,34.82054637400761],[135.30372294400496,34.82065980284275],[135.30377895952768,34.82092133802309],[135.30388086233995,34.82093052431478],[135.30398977683615,34.82084570766596],[135.3042213465766,34.82080688562523],[135.30430206282725,34.82074257643085],[135.30449357336556,34.82076111727237],[135.30470789762572,34.820635175139614],[135.30495085374503,34.82059865413841],[135.30538741374014,34.82025712272198],[135.3053297005347,34.820200469823405],[135.30546371085381,34.820165875838555],[135.30550676253398,34.820370328279274],[135.30549569616548,34.82046781411208],[135.30534442778026,34.82093066172179],[135.305409308143,34.82125571896129],[135.30527723011684,34.822312661239565],[135.3053129988896,34.822587667292986],[135.30538488977,34.82281872185749],[135.30545941829374,34.82292559470606],[135.30575346242986,34.8231733928796],[135.30606304708817,34.82353684434992],[135.30578664190008,34.823569339751394],[135.30555690771163,34.823772522993345],[135.30559618660794,34.82382988757789],[135.30570636558784,34.82383816134703],[135.30559818633657,34.82400001894516],[135.3055827456844,34.82408866616877],[135.3053948228529,34.82418010332916],[135.3046875999145,34.82410681096625],[135.30464663245272,34.82443616531161],[135.30471351134125,34.82509875507215],[135.30461167984143,34.825096188649304],[135.30419782016185,34.825220275883524],[135.30405251563772,34.82512277090376],[135.3037065857387,34.82530814671666],[135.3036402568378,34.825281492215055],[135.30355959411884,34.825445452067314],[135.30348235400814,34.82542782917211],[135.30346117422977,34.82550067720535],[135.30337979508758,34.82549435479489],[135.3033554435542,34.82552250750219],[135.30328789322957,34.82574129539424],[135.30329750225235,34.82586875895908],[135.30321710228347,34.82595334774773],[135.30366403441275,34.82674044375347],[135.30343172704275,34.826725538173555],[135.30323913286233,34.8269653950828],[135.30294013294005,34.82716250716879],[135.30284614506775,34.82712973532302],[135.30275801927885,34.82725466828802],[135.30245567419027,34.827166372584706],[135.30246173285352,34.826808775263814],[135.3023432347866,34.82677612752288],[135.30226362098549,34.8269278243352],[135.30217818006545,34.826931956548044],[135.30192801609968,34.826697533724925],[135.30190731640903,34.82681178732378],[135.30210091204452,34.82707997272601],[135.30154681171032,34.82725594634281],[135.30145872147978,34.82738418929901],[135.30135197073884,34.827304402834216],[135.3012833412567,34.827358684236465],[135.30106254625684,34.82727656595623],[135.30052419659407,34.82720021638484],[135.30033414272836,34.82713961399661],[135.30032563813242,34.82710615861663],[135.3001624409404,34.82715816378264],[135.29996947472944,34.82728688822286],[135.29972484702125,34.82725531182363],[135.2995015619775,34.827310751967005],[135.29878079684727,34.82695731103131],[135.29864179213521,34.82707757613398],[135.2982877603374,34.827097149844086],[135.2982343029726,34.82705391056663],[135.29792285212278,34.82722427833018],[135.29801774196574,34.82733430433722],[135.29787974079466,34.82737237293905],[135.29737568947817,34.82708762929992],[135.29707752059028,34.8270127372515],[135.29683567102467,34.82721945123948],[135.2967901459813,34.82750517719751],[135.29661914309364,34.82750322216853],[135.29632764768098,34.82729742302658],[135.29618996084875,34.82736224925812],[135.29608399526774,34.82717336171141],[135.29592578311593,34.827228348630534],[135.29596764784043,34.82732541639183],[135.2960127175181,34.82734520127511],[135.29593589524325,34.82739278288301],[135.29588048827205,34.827534213692005],[135.2957463935216,34.8275554873988],[135.29569310164084,34.82751893632082],[135.2956037137688,34.82753640458289]]],[[[135.31529065589456,34.82739935505035],[135.31505434209535,34.82734224960077],[135.31485874697606,34.82734101385991],[135.31458675497527,34.82746553966804],[135.31428859266137,34.82755119045797],[135.314429598769,34.82804760147575],[135.31508250096758,34.82794415216725],[135.31529352517475,34.827885260391454],[135.31542949321056,34.82779908786217],[135.31560135512365,34.827743400329474],[135.31566355763147,34.82758754070187],[135.31562694516103,34.82738860660135],[135.31529065589456,34.82739935505035]]]]},"properties":{"code":"282045011","name":"塩瀬町名塩","jinko":211,"addr_key":"28204|塩瀬町名塩","addr_key_town":"28204|塩瀬町名塩","n":[0,3],"w":[false,false],"neighbors":["282045020","282045090","282045100","28204511001","28204511002","28204511003","28204511004","282045160","282045170","282045180","282045200","28204521002","28204521005","28204526001","28204526002","28204526003","28204526006","28204533001","28204533002","28204533003","282045400","28204541001","28204541003","28204541004","282045450","282045460","282045470","282046022","282046050"]}},{"type":"Feature","geometry":{"type":"Polygon","coordinates":[[[135.32821276316358,34.826353230178796],[135.328713362991,34.826378429666306],[135.32884499407436,34.82636608415709],[135.32899422001404,34.82629739587991],[135.32911020043315,34.82612031450346],[135.32926419015214,34.82569559273843],[135.329380163347,34.8255110466462],[135.3296401236685,34.82521278257535],[135.32968012141805,34.82513745183256],[135.32965084929938,34.82496902663696],[135.32978536804035,34.824814327703805],[135.33000107014456,34.82461389317184],[135.33159563709373,34.82380247958861],[135.33165844227685,34.823734568239814],[135.33168043078032,34.82367438552445],[135.33150830951632,34.82334600204279],[135.33153468435358,34.823267050993145],[135.3316107036184,34.823169029239025],[135.33223166044098,34.82264666131918],[135.3324286632336,34.82240517604106],[135.33256122935066,34.822089289576475],[135.33223092321916,34.82108754054834],[135.3322567079029,34.820959859811886],[135.33239172334467,34.82085381759837],[135.33255451896628,34.82078508361644],[135.33273631545433,34.820783588837266],[135.33284293610228,34.82065327183795],[135.332929137563,34.820479669655455],[135.3330985548972,34.820337216932884],[135.333156622894,34.820118211985516],[135.33380086027248,34.818854494590695],[135.33416535573923,34.818419087171534],[135.3344374222889,34.818207051413815],[135.33443617923,34.81810438255542],[135.33415719082342,34.818033509632514],[135.33388869743393,34.81796937991373],[135.33339835705652,34.81794834482413],[135.3335288162964,34.817649798107546],[135.33354048003287,34.81755498112654],[135.33391376849457,34.81764895268707],[135.33401102581516,34.8174577245382],[135.33362257936344,34.81682372025797],[135.33365141221034,34.81670108623159],[135.33358596117515,34.814713962176945],[135.33386550187225,34.81394163863468],[135.3341668468683,34.813427692831155],[135.33354220633734,34.813232561017216],[135.33319805065545,34.813918115268805],[135.33262285400636,34.81375537464385],[135.33262777836958,34.814678741651754],[135.3326733296713,34.81468188844986],[135.33267164323902,34.81522797520919],[135.33271519430477,34.815574245937064],[135.33267448463556,34.81563261046988],[135.33267239764902,34.816237293695394],[135.33258547877992,34.81628068497907],[135.33259255376268,34.81690148995679],[135.332555676984,34.81727729751889],[135.3322170765534,34.818965975187055],[135.33188119300488,34.819834253937096],[135.33174173120614,34.82010244937775],[135.33143167853925,34.82038063626271],[135.33119158929773,34.82053331656662],[135.33099411383486,34.82061536244185],[135.33026475226205,34.82075909804486],[135.3302192293886,34.820878628921996],[135.33017088218674,34.82091346298083],[135.32819562359313,34.82109901745513],[135.32705014294254,34.82123909566615],[135.3265954373574,34.821206825694446],[135.32630212983096,34.8211318272394],[135.32584731148057,34.82094884718909],[135.32564576353394,34.82083422208438],[135.32379085487847,34.819590378375615],[135.32374250644904,34.819332453326915],[135.32221294130736,34.81850220361888],[135.3224485643189,34.817967732716106],[135.32251496246667,34.81799303941165],[135.32262546820283,34.81791467200025],[135.32285502131822,34.81790125421305],[135.3230061803829,34.81773065039513],[135.32313824122375,34.817419423028355],[135.32316198688704,34.81707766977275],[135.32329093706878,34.81708521035843],[135.3233598854849,34.81753968356657],[135.32360437954137,34.8175383075243],[135.32364145514862,34.817389549164055],[135.3236459943091,34.81644187432253],[135.32358187505662,34.816392958378145],[135.32334996449208,34.81638019901334],[135.3232360822528,34.816404507010745],[135.32255346823442,34.816134985164275],[135.3225941325766,34.81570097609617],[135.3226364834942,34.81570063143957],[135.3226427919661,34.81564226876338],[135.3227258349065,34.8156459592549],[135.3229375382431,34.81328359051599],[135.32294422778088,34.81280760391117],[135.32298171764276,34.812693773112734],[135.32315831800685,34.812402184927244],[135.3233987688618,34.81215190890138],[135.3241172898991,34.81173561999867],[135.32546525032342,34.812156756277936],[135.32576843104505,34.812125266466055],[135.3259576295013,34.81230119280187],[135.32608329171705,34.812483693570584],[135.32635824802918,34.812455250785185],[135.32642664851957,34.81256230133696],[135.3263273152618,34.81281635991284],[135.32609901367763,34.812911326483814],[135.3257552411709,34.81311146351496],[135.3256838581693,34.81311880694636],[135.32567873264773,34.813182654283466],[135.32583499116785,34.81340983659533],[135.32580722845518,34.81367950883205],[135.32583643272113,34.81377237266962],[135.32563186291102,34.813902637800254],[135.32606306800665,34.81395785192199],[135.32638647804143,34.81419550084966],[135.3259354523868,34.814331722985905],[135.32603145655773,34.81456151029909],[135.3258883588936,34.81477620688582],[135.32551830250685,34.81469387324171],[135.32506605050818,34.814642772293986],[135.32518554891553,34.81475264619173],[135.3252154985005,34.81482184078227],[135.32524379199768,34.81501654602839],[135.3252063800639,34.81513685529132],[135.3253906230082,34.81565353815673],[135.3252129306248,34.815953871902266],[135.32524859291811,34.81622865937541],[135.32522916284404,34.81649586904819],[135.32528064060082,34.81674362676792],[135.3252388597451,34.816905522366575],[135.325197360386,34.81694867932884],[135.32505186037795,34.81697113428684],[135.32481353749057,34.817071955577504],[135.3247469126866,34.817184615429895],[135.32483215934005,34.81752857944712],[135.32490281673998,34.81752420010701],[135.32497049093377,34.81765576451519],[135.32504413008144,34.817701152242996],[135.32533750947397,34.81777622604578],[135.32548351989863,34.817760667055985],[135.32565900733186,34.8175897922849],[135.32588312507806,34.81769993783082],[135.32574645826702,34.81791063810315],[135.3257920583617,34.81793906952445],[135.3257544086369,34.81799677318709],[135.32585582086764,34.81803615657451],[135.32574681678193,34.8182322648477],[135.32610759824553,34.81827375650524],[135.32607770860358,34.818394638362506],[135.3262732014741,34.81843902991123],[135.32660658215892,34.81836735941267],[135.3266177219281,34.81842755200035],[135.3270074659317,34.81841288640069],[135.32700246366943,34.81828088027919],[135.3271994407635,34.818306524654595],[135.3273350011124,34.81828816255347],[135.32763198693087,34.81808762904412],[135.32776026787317,34.8180464368929],[135.3277785155332,34.81811516355623],[135.32799052718065,34.8180846954221],[135.32831956308016,34.818092071365896],[135.3287253045846,34.81795959133016],[135.32893724674545,34.81792341774669],[135.32891741142217,34.81786470571176],[135.32921920753702,34.81777314439812],[135.32915120266358,34.81762158421271],[135.32958470944416,34.81748309861345],[135.32957013359427,34.81742870991953],[135.32952813562363,34.81740891157362],[135.32998341022682,34.81734771281837],[135.3299914824998,34.817436663420814],[135.33004715456832,34.81743620691474],[135.33033504221143,34.817324546777016],[135.3298303874718,34.81655429580998],[135.329762672622,34.81630653397809],[135.3295123487383,34.81595617987167],[135.32950466980068,34.81585750680227],[135.32952995003674,34.81580110126244],[135.32967218157643,34.81578401905976],[135.33042402218936,34.816283222014675],[135.33083202449566,34.81638861032063],[135.33102143016552,34.81638888749949],[135.3309460290919,34.816204852897705],[135.3308163286059,34.816043095448684],[135.33081771855345,34.81598111034211],[135.33087116318967,34.81590912032798],[135.33120376748184,34.81570384866421],[135.33122494510937,34.81554831859699],[135.3311453153449,34.815388826021255],[135.3305854046996,34.81540398530005],[135.33051926991902,34.81528705889927],[135.33034550979218,34.81510425311679],[135.33033076150582,34.81495746816707],[135.33027098631982,34.8148297848811],[135.3303145979022,34.81469336727626],[135.3302099018776,34.81460070182389],[135.33026452375864,34.814562928827286],[135.33018862090577,34.81444340614118],[135.33025327565207,34.814437524250906],[135.33031921461395,34.81426880879209],[135.3302982241056,34.81413545569272],[135.33063045127275,34.813899062280036],[135.33044732494176,34.81375365840077],[135.33011737750877,34.8137750975057],[135.32986667070617,34.81392405813479],[135.3298349852094,34.813980375376],[135.32988605295756,34.81472490997761],[135.32995549870307,34.81484716137929],[135.329977538097,34.81506050840479],[135.33011627317998,34.81529177299073],[135.33008831126608,34.81538806099744],[135.32971728973166,34.81549518973674],[135.3290706856795,34.815302876560054],[135.32865059606866,34.81537040273753],[135.32854300991426,34.8153071975757],[135.32832533254546,34.814837697421346],[135.32825431919485,34.81485433491148],[135.32817718057797,34.81467467875796],[135.32812829945252,34.81476381452724],[135.32744715945952,34.814567829421726],[135.3274568310398,34.81441323940539],[135.3267470574996,34.814164525185944],[135.32736994950452,34.81293883096807],[135.32917560800348,34.81237840353237],[135.32921094201015,34.81267488518326],[135.32916584634455,34.81274511590082],[135.32925970230596,34.81291604216267],[135.32926449670805,34.813023753316216],[135.32918469115592,34.81328201965627],[135.3292854074822,34.81344134110308],[135.32928754564264,34.813618934802086],[135.3291721696771,34.81371002356395],[135.32929859171063,34.813947727871835],[135.32961901835924,34.81417792664981],[135.3297035436426,34.81416272700789],[135.3296936275142,34.81406956538852],[135.3294954859389,34.81388202823401],[135.32960947358424,34.81323642618274],[135.32959618595658,34.813012302690446],[135.32970944976373,34.813043347019295],[135.33004833659868,34.81231153242688],[135.3298541595479,34.81201325655555],[135.32958196167846,34.81168941934706],[135.32948305230258,34.811694033722695],[135.3294941392522,34.81164337681571],[135.32945248747055,34.8115810410977],[135.32965697194487,34.81139470977666],[135.32956457557864,34.8111599643928],[135.32943165793324,34.811027950565276],[135.3288297852451,34.810753290442534],[135.32824601913518,34.81074158872096],[135.32786297442163,34.81082697899559],[135.32729447644803,34.810835712032],[135.32542674145463,34.81065363317029],[135.32507227864886,34.81057356304546],[135.32250165872313,34.80937065040441],[135.32171225330325,34.8090628331516],[135.31947529969787,34.80840520581676],[135.31934027266996,34.80839503346655],[135.31704417079715,34.80871407958863],[135.31688877557838,34.80869308247102],[135.31612954976418,34.80836540842213],[135.31569696800338,34.80772366549411],[135.31555426977835,34.80763580087912],[135.31491829667945,34.80746853742611],[135.3134579804723,34.806064764750744],[135.31274555366744,34.80565513743519],[135.3120778756411,34.80541120782848],[135.3111320247497,34.805298392553034],[135.31080061194186,34.8052227446423],[135.31062488708284,34.805142744761724],[135.31033364656082,34.804925780785744],[135.3101655214643,34.804845577690394],[135.30959345266592,34.80464960089851],[135.3087612665431,34.80430542259934],[135.30821885117865,34.80405286198431],[135.30775189877224,34.80375588902634],[135.3071108686051,34.80351031218815],[135.30687451013023,34.80344318842272],[135.30663145173523,34.803445135799585],[135.30616513510574,34.80352098662303],[135.30476402375626,34.802604691160724],[135.30440515884862,34.80245093266752],[135.30397834896291,34.80233518167781],[135.3028916943991,34.80231892547434],[135.3021778219054,34.802405468945864],[135.3018634262412,34.802724752407634],[135.30181171027385,34.80293855516977],[135.30166780323842,34.80309576644749],[135.30153466540577,34.80337036108112],[135.30154260481777,34.803523826205186],[135.30147313851742,34.80354860617667],[135.30137250575748,34.80369011838461],[135.30135261467962,34.80384366383003],[135.30123286220655,34.80394180464266],[135.30115034446203,34.80444234334485],[135.30110166969231,34.80452202969382],[135.30096321942358,34.80461271366265],[135.30075183301528,34.80495821499837],[135.30036440997688,34.805232437181324],[135.30000919833336,34.80561105404444],[135.29997352775834,34.80587599686945],[135.29983024229844,34.806086863687824],[135.299617179397,34.80615757444768],[135.29957754496584,34.806214229976966],[135.29954863894727,34.80639348248473],[135.2993691921103,34.806425472616525],[135.2992618468622,34.80652618972994],[135.29924576894328,34.80674364995306],[135.29916687519747,34.807029078066215],[135.2992020989659,34.80724500429116],[135.29928667882425,34.807468566755446],[135.302289431047,34.810786640188844],[135.3021323415802,34.811087905534016],[135.30186971521982,34.81104675724757],[135.30166008558558,34.81105377884055],[135.30156543461217,34.81108706870848],[135.30134560306206,34.811061775808156],[135.3006273550303,34.81072959146089],[135.30028390030702,34.810647249654245],[135.29980608307042,34.81069964263681],[135.29971523239942,34.81077332503974],[135.29962366921188,34.81079292739228],[135.29950252526737,34.81080205899053],[135.29937762697435,34.8107678393374],[135.29892397158156,34.81050537608327],[135.29878740355008,34.81031983284034],[135.29873145022907,34.8102960508448],[135.29830574526588,34.81032098136825],[135.29783320318492,34.81012345506673],[135.29770539242972,34.81012446902539],[135.29763556664793,34.81003854114267],[135.29761740096794,34.80987910140303],[135.29753760768625,34.80978789966659],[135.29741692575348,34.80982942180361],[135.2972129650893,34.81004456874793],[135.2970460983358,34.810064765111186],[135.29697027174797,34.81002747629506],[135.2968989653109,34.80981465284573],[135.29684097706854,34.809762433370494],[135.29634173469375,34.809660888108404],[135.29628223456217,34.8096181184364],[135.2960916107776,34.80928454334852],[135.29578167527123,34.808977546661765],[135.29546981916323,34.80893141916762],[135.29527426028721,34.808738310510876],[135.2948018395632,34.80869598711831],[135.29396505093777,34.808452727540846],[135.29355844674652,34.808423400799036],[135.29301846387207,34.808481747899506],[135.2926407893564,34.80841444252627],[135.29242990777288,34.80845258481325],[135.29230196621373,34.808442747828586],[135.29216352430566,34.80837369597853],[135.2917442111002,34.80838235157138],[135.29162452183868,34.80822934430291],[135.29108978529226,34.80789297927229],[135.29083297648975,34.80779217932126],[135.29068299658266,34.80757447864852],[135.2902276358435,34.80735255958405],[135.28940402346467,34.80924431606939],[135.29050781355002,34.80989354951196],[135.29062629301035,34.80999374849478],[135.29075692645375,34.810221601330866],[135.2893022396983,34.811977468449705],[135.2915539377415,34.8127055554502],[135.29081910825388,34.813283331101175],[135.2905340393703,34.81363473982531],[135.29127413545902,34.81393047448934],[135.2918312272405,34.81405552708751],[135.29219102499724,34.81407424251884],[135.29268753830104,34.814048777878256],[135.29345144079892,34.813967116886225],[135.2942782293415,34.814513282376446],[135.2950115055551,34.814609885243364],[135.2954297375562,34.81460122573802],[135.29577942896245,34.81487339757715],[135.29579305725963,34.81492188329895],[135.2957548104604,34.81500303388366],[135.29439499179458,34.81612437949965],[135.2951085363005,34.81704862746589],[135.29516153084182,34.81702356038033],[135.29534057209932,34.81678593986137],[135.29565241986677,34.81660163746718],[135.29610714961905,34.81638915887329],[135.29628840250027,34.81634223047923],[135.29675089542565,34.81632039842891],[135.2970310759082,34.81625465674058],[135.29731189379407,34.816243275539165],[135.29791508495728,34.8160067957456],[135.29821602276536,34.81583186709176],[135.29835321753134,34.815785284490616],[135.2986230152174,34.81577412835893],[135.29894159245364,34.81569877903166],[135.29922588754187,34.81574426860627],[135.29931437690962,34.815775398008576],[135.2993425601626,34.815834189297725],[135.2993443133116,34.81598418019161],[135.29923804145255,34.816316582716915],[135.29927806974908,34.81643894368946],[135.29932303053315,34.816515771755576],[135.29947262490276,34.81658740258812],[135.29955620467226,34.81667293800491],[135.2998480920795,34.81713401185214],[135.29987712772717,34.81726561572774],[135.2998550491833,34.8174952332416],[135.30003240406734,34.81758917850384],[135.30058095895762,34.8176235484295],[135.30092426338905,34.81777068000785],[135.3011522425928,34.817950561145175],[135.30137323519875,34.8180078878634],[135.30176649266426,34.818190958861464],[135.30189422095845,34.81827628233231],[135.3022567263637,34.81865502301769],[135.3025736862553,34.81890694127151],[135.3029705414949,34.81915589581922],[135.3034303254688,34.81937483961404],[135.30410477189864,34.81956939105954],[135.30525335523583,34.819800924914574],[135.30643947368876,34.81994136964133],[135.3080459721059,34.81999892512949],[135.3097586547549,34.819878559123424],[135.31088674048115,34.81989118274766],[135.3127165915827,34.82086000598652],[135.313608853707,34.8211347940335],[135.31438381495326,34.8214771430494],[135.31516357725286,34.82164071063086],[135.31553413249767,34.82161947583043],[135.31587464134606,34.82149186121264],[135.31629513598165,34.82139007735508],[135.3163569901089,34.82129168702602],[135.31643948496094,34.821370528983216],[135.31684333753628,34.82134895093845],[135.31680461107143,34.821051158363865],[135.3184529637458,34.82124267285826],[135.31887199824385,34.82140589945384],[135.3190745009795,34.82190870660366],[135.31916407389278,34.82242313219314],[135.31928728071597,34.82280742458813],[135.31969146029303,34.823585218308075],[135.32016164738968,34.82414704678073],[135.3202570910776,34.82468741091409],[135.32037223451832,34.824832042543186],[135.32228814762868,34.82579992983251],[135.32312436747114,34.826444264893226],[135.32320058363638,34.826304698502014],[135.32340058008262,34.826153348790555],[135.32368152269518,34.826022044078925],[135.32466138263186,34.82571046049588],[135.3251296545072,34.8256400199022],[135.32593043935555,34.82532369051731],[135.3266075757736,34.825002025379206],[135.3270538064209,34.82519380711739],[135.32718335128183,34.825484022613445],[135.32758866195306,34.82605051038832],[135.3277490725479,34.82638610789951],[135.32783554613655,34.82643948644322],[135.32795670326016,34.82645096052795],[135.32821276316358,34.826353230178796]],[[135.32295467558149,34.824405885537054],[135.32280762929324,34.82432151893971],[135.32262691200683,34.82407868779591],[135.32193572989974,34.82362007705886],[135.32110060884764,34.82439364667799],[135.32083261955387,34.82440836147401],[135.3202631133109,34.8237401570277],[135.32009675513515,34.823633336839585],[135.31967640398096,34.82298927028178],[135.31957170405076,34.82273180476934],[135.3193676078208,34.821408851997774],[135.31926585773556,34.82121946051581],[135.31910708718738,34.82103926619219],[135.31861703180854,34.82075696512236],[135.31825463250618,34.82089603198677],[135.3178782231829,34.8209200686527],[135.3177265133328,34.82097369321015],[135.3176328943869,34.820929026592836],[135.31761938071583,34.82086286723746],[135.31775482636257,34.82015316076836],[135.31766456415994,34.820038677974765],[135.31813493046045,34.8191920252167],[135.31828547729435,34.81904065920963],[135.3186051408132,34.818870527338795],[135.3193281790085,34.81863254405188],[135.3196755307302,34.81865768507166],[135.31986238385954,34.81871546693999],[135.32086958897582,34.819412452011086],[135.32174486689624,34.819630204779536],[135.32178543113974,34.819544519359546],[135.32191710082427,34.81976507644744],[135.3220534485432,34.81984080168135],[135.3223536741308,34.82016646428052],[135.32276943291177,34.82042660682012],[135.32314102488579,34.82070633464183],[135.32355596850252,34.821076411688445],[135.32344936593756,34.82163025030472],[135.3227616801351,34.82119105185865],[135.3227197859338,34.821229775452046],[135.32241038463206,34.82119391095153],[135.32184269471995,34.821033596943266],[135.3217593700503,34.82108575512004],[135.32161498675433,34.82104509680558],[135.3212772170186,34.82075811931755],[135.32119479220862,34.82077104249165],[135.32116360725894,34.82099116047087],[135.32088244746348,34.82119591346869],[135.32086480385243,34.82174916770166],[135.32092361247712,34.82182531121982],[135.32113055709476,34.82186278563091],[135.3212133149687,34.821784152931585],[135.32126219672944,34.82161572485545],[135.32153208604015,34.8216181774902],[135.32175220395,34.8216715998784],[135.32203465273258,34.8218526869798],[135.32267379599924,34.82242390542637],[135.32285843813145,34.82273128268269],[135.32347587214744,34.82304386673471],[135.32364076944282,34.82302858007188],[135.32375351875677,34.823251047083474],[135.32409990460724,34.82372816432085],[135.32411551565727,34.82396888787968],[135.3243690415503,34.8244640850831],[135.3242687596775,34.824569693493864],[135.3241761002738,34.82460530861084],[135.32367734462622,34.824668669494464],[135.3232625395606,34.82466866739791],[135.32295467558149,34.824405885537054]],[[135.32511829167865,34.8232634410633],[135.3251782880649,34.82296843850158],[135.3253608092567,34.8226429981683],[135.32559137722083,34.82267717341492],[135.3257339642479,34.82265347367344],[135.32600044764953,34.82271305919407],[135.3260641751881,34.822728947585034],[135.32610879285508,34.82281034618221],[135.3264776939349,34.82280078220555],[135.32653693856642,34.8227774108459],[135.32656354939007,34.82268226217877],[135.3269788966418,34.822742741871075],[135.32705307728116,34.82297439446418],[135.32709655611168,34.82296101054929],[135.32719712201842,34.8230713887255],[135.32731210317826,34.82306713865603],[135.32732747406374,34.82302454662326],[135.32827657301118,34.822758255228756],[135.328720632895,34.822734971408096],[135.32888634567126,34.822489876432904],[135.329302887066,34.82248646415743],[135.3297614227702,34.82267242879459],[135.33057363716972,34.82257097693322],[135.33068877813417,34.82257982014444],[135.33088396841114,34.822640333305124],[135.33099100813718,34.822636215310055],[135.3310096308424,34.822693318586325],[135.33127946452674,34.82269765253313],[135.33140778391865,34.82280786899345],[135.33143636679011,34.82287629919278],[135.33139105153597,34.82306977440682],[135.33120281843952,34.82330963585225],[135.32876760182467,34.82449329143159],[135.32844499245996,34.824553258930415],[135.32819885466256,34.82454541342857],[135.32771334362343,34.82442501633785],[135.32675827058046,34.82402542059103],[135.326345971847,34.82379983960413],[135.3261180425837,34.823715009099146],[135.3253438994855,34.8235462549871],[135.32524004253682,34.823488158029264],[135.3251555604117,34.823393985523225],[135.32511829167865,34.8232634410633]]]},"properties":{"code":"282045020","name":"塩瀬町生瀬","jinko":584,"addr_key":"28204|塩瀬町生瀬","addr_key_town":"28204|塩瀬町生瀬","n":[0,0],"w":[false,false],"neighbors":["282045011","282045100","28204551001","28204551002","282045530","282045540","28204555001","28204555002","282045590","282045600","28204561001","28204561002","282046050"]}},{"type":"Feature","geometry":{"type":"Polygon","coordinates":[[[135.31881558602797,34.82896415657848],[135.3192643809936,34.8288261420412],[135.31923596547978,34.82860615299663],[135.31953856347536,34.828484394742055],[135.31960803505294,34.82840129121773],[135.32003100236946,34.82811045052796],[135.3200672642253,34.82804290136884],[135.32005614559404,34.8278916497996],[135.32014116824493,34.827866522198974],[135.3201394152684,34.827719772092514],[135.32025599236468,34.82754755321534],[135.32044392757712,34.827451305157695],[135.32106892472595,34.82731481090851],[135.32087132457482,34.82722465724631],[135.32103727951414,34.82714682588765],[135.32137543227347,34.826899562796044],[135.3215502632525,34.826950042642665],[135.3216576336054,34.82693698602646],[135.32186092072703,34.826574478453104],[135.32174310107195,34.82648529477352],[135.32171251639116,34.82640603503429],[135.32136929441813,34.826436504529994],[135.32106388254755,34.82642187533486],[135.3208209993606,34.82627272162695],[135.32068756377404,34.826276835319184],[135.32062621507137,34.82610310438018],[135.3206594620329,34.8260905808637],[135.32062475329712,34.82598078965715],[135.32075282468392,34.82584221029178],[135.3207505589445,34.82565264769131],[135.3204701127833,34.825604432166095],[135.32021804840025,34.825615636223965],[135.3201802249341,34.82555178718229],[135.31990096625384,34.82545320847074],[135.31959739861696,34.82549222398153],[135.31945139665442,34.82537425119283],[135.3192052052237,34.82524779598123],[135.318806754815,34.825101237049445],[135.31882109134207,34.82506442970858],[135.3184122357857,34.82497605376249],[135.31836989474502,34.82515682466619],[135.31797751634443,34.8249031686353],[135.3177107696298,34.82518702793488],[135.31792093807545,34.8253296228022],[135.31793490425932,34.82541232857314],[135.31803593630067,34.82546235642037],[135.31799536226126,34.82559099788055],[135.31813263128626,34.825686085626714],[135.31809932602943,34.82588678264327],[135.318116526652,34.827602459934646],[135.31835170887965,34.82802288726671],[135.31833421309423,34.82818866702313],[135.31824361742272,34.82831961773847],[135.31826050410075,34.82896295713752],[135.31881558602797,34.82896415657848]]]},"properties":{"code":"282045090","name":"清瀬台","jinko":529,"addr_key":"28204|清瀬台","addr_key_town":"28204|清瀬台","n":[0,0],"w":[false,false],"neighbors":["282045011","282045100","28204521002"]}},{"type":"Feature","geometry":{"type":"Polygon","coordinates":[[[135.31835170887965,34.82802288726671],[135.318116526652,34.827602459934646],[135.3181027946037,34.827403411754204],[135.3181248387744,34.827074563274955],[135.31809932602943,34.82588678264327],[135.31813263128626,34.825686085626714],[135.31799536226126,34.82559099788055],[135.31803593630067,34.82546235642037],[135.31793490425932,34.82541232857314],[135.31792093807545,34.8253296228022],[135.3177107696298,34.82518702793488],[135.31797751634443,34.8249031686353],[135.31822410911127,34.82474827780167],[135.31846113144692,34.82472191968784],[135.31866162426212,34.82474775846314],[135.319487983909,34.82501929854882],[135.31963274067223,34.82503340527734],[135.31968811515665,34.8250146448003],[135.3198950886518,34.824803523088704],[135.3200138474455,34.82481481175323],[135.3202570910776,34.82468741091409],[135.32016164738968,34.82414704678073],[135.31969146029303,34.823585218308075],[135.31928728071597,34.82280742458813],[135.31916407389278,34.82242313219314],[135.3190745009795,34.82190870660366],[135.31887199824385,34.82140589945384],[135.3184529637458,34.82124267285826],[135.31680461107143,34.821051158363865],[135.31684333753628,34.82134895093845],[135.31643948496094,34.821370528983216],[135.3163569901089,34.82129168702602],[135.31629513598165,34.82139007735508],[135.31587464134606,34.82149186121264],[135.3155407684427,34.821617239037074],[135.31545590329748,34.821691025589395],[135.31534357772816,34.821897431910216],[135.31502310446837,34.82169902965646],[135.31446257428883,34.82217680989475],[135.31424323212934,34.82257704335127],[135.31481242893938,34.82264885836384],[135.31516931454672,34.822828374785615],[135.31604348001235,34.82228227881951],[135.31618527315132,34.82224873678495],[135.3163155284638,34.822257612490894],[135.3166021081091,34.82243501714887],[135.3167798767713,34.8226256964124],[135.31681732191217,34.82271525546967],[135.31682005348412,34.82294481645186],[135.31670985433118,34.82309296642655],[135.31618010803007,34.82333683685631],[135.3157456787224,34.823452607049774],[135.3151169517273,34.82351762008053],[135.31488175646064,34.823841431784],[135.31448766780235,34.82403926823457],[135.31408487651305,34.82401505560678],[135.31369551161055,34.82451074857099],[135.31387806247005,34.82478090253354],[135.31385857820993,34.825039025894654],[135.31377786775548,34.824923476699155],[135.3132207779367,34.82459183433254],[135.3127849008563,34.82450703698184],[135.31208471501384,34.82427196852745],[135.31131206242907,34.82438636391931],[135.3111346828427,34.82458885546044],[135.310894992416,34.82442577848536],[135.31039827048787,34.82448210106963],[135.31042470102608,34.824673444361736],[135.31040543555335,34.82481374499324],[135.31034037087625,34.824952230293164],[135.31005511633697,34.8253277069234],[135.30981311792593,34.825569449302826],[135.309403216389,34.825847682337816],[135.30920596110562,34.82590060712439],[135.3086295545985,34.82597192681932],[135.30911324966542,34.82620065808122],[135.309284667297,34.826085685217635],[135.30933573594817,34.82596963694506],[135.30944269842834,34.82611026231094],[135.3096064747331,34.8259920409909],[135.3096538479404,34.82606208535499],[135.31012387152856,34.826058306053596],[135.31012866965824,34.82613200185132],[135.3103385551182,34.82614313087361],[135.3116356464076,34.826760526974525],[135.3117288151219,34.82675977634607],[135.31183281156208,34.8266852740437],[135.31184303489113,34.82656025804674],[135.31189323882398,34.82653738744178],[135.31184132858732,34.82641611164908],[135.31186605730855,34.82621083533283],[135.3120537642892,34.82582022625736],[135.31222191132235,34.825588158950694],[135.31233726525085,34.825484761122134],[135.31253492795807,34.82544464590635],[135.31284720118327,34.825570300416295],[135.31316534050472,34.825542170106786],[135.31372936832395,34.825925235926185],[135.3140968306572,34.82612396518097],[135.31512860515116,34.82647606182199],[135.31515358391113,34.826623257868604],[135.3151104453183,34.82679502049936],[135.31499296244306,34.82689153582707],[135.31481736559533,34.82729409348351],[135.3148430498917,34.82733536648273],[135.31505434209535,34.82734224960077],[135.31529065589456,34.82739935505035],[135.31562694516103,34.82738860660135],[135.31576617599447,34.82751241262636],[135.31651190950066,34.827286793788225],[135.31684400252476,34.82779897644683],[135.31722369552529,34.827682306313584],[135.3174256979735,34.82807067915445],[135.31824361742272,34.82831961773847],[135.31833421309423,34.82818866702313],[135.31835170887965,34.82802288726671]]]},"properties":{"code":"282045100","name":"名塩木之元","jinko":376,"addr_key":"28204|名塩木之元","addr_key_town":"28204|名塩木之元","n":[null,0],"w":[false,false],"neighbors":["282045011","282045020","282045090","282045200","28204521002"]}},{"type":"Feature","geometry":{"type":"Polygon","coordinates":[[[135.30145872147978,34.82738418929901],[135.30154681171032,34.82725594634281],[135.30210091204452,34.82707997272601],[135.30190731640903,34.82681178732378],[135.30192801609968,34.826697533724925],[135.30217818006545,34.826931956548044],[135.30226362098549,34.8269278243352],[135.3023432347866,34.82677612752288],[135.30246173285352,34.826808775263814],[135.30245567419027,34.827166372584706],[135.30275801927885,34.82725466828802],[135.30284614506775,34.82712973532302],[135.30294013294005,34.82716250716879],[135.30323913286233,34.8269653950828],[135.30343172704275,34.826725538173555],[135.30366403441275,34.82674044375347],[135.30321710228347,34.82595334774773],[135.30329750225235,34.82586875895908],[135.30328789322957,34.82574129539424],[135.3033554435542,34.82552250750219],[135.30337979508758,34.82549435479489],[135.30346117422977,34.82550067720535],[135.30348235400814,34.82542782917211],[135.30355959411884,34.825445452067314],[135.3036402568378,34.825281492215055],[135.3037065857387,34.82530814671666],[135.30405251563772,34.82512277090376],[135.30419782016185,34.825220275883524],[135.30461167984143,34.825096188649304],[135.30471351134125,34.82509875507215],[135.30464663245272,34.82443616531161],[135.3046875999145,34.82410681096625],[135.3053948228529,34.82418010332916],[135.3055827456844,34.82408866616877],[135.30559818633657,34.82400001894516],[135.30570636558784,34.82383816134703],[135.30559618660794,34.82382988757789],[135.30555690771163,34.823772522993345],[135.30532201829794,34.82369686420837],[135.30496646907727,34.82365139505744],[135.30447067300057,34.82370620498086],[135.30386505838953,34.82383456946436],[135.3035581797843,34.823992307141474],[135.3034275375489,34.82416899087369],[135.3033226473318,34.82443709231702],[135.3028928155686,34.82595269573221],[135.3027798663025,34.826065573277305],[135.3026419382029,34.826145620516186],[135.30249103320213,34.82618245952432],[135.30215459996964,34.82618760803501],[135.30203374098005,34.82614279516227],[135.3017999651967,34.82595119962052],[135.30174974586865,34.825885400556515],[135.30141503782093,34.82484823575547],[135.301209051686,34.82465895321354],[135.30097820511864,34.8245856482288],[135.30014778540178,34.82457422898525],[135.3001624409404,34.82715816378264],[135.30032563813242,34.82710615861663],[135.30033414272836,34.82713961399661],[135.30052419659407,34.82720021638484],[135.30106254625684,34.82727656595623],[135.3012833412567,34.827358684236465],[135.30135197073884,34.827304402834216],[135.30145872147978,34.82738418929901]]]},"properties":{"code":"28204511001","name":"名塩南台一丁目","jinko":271,"addr_key":"28204|名塩南台1","addr_key_town":"28204|名塩南台1","n":[0,0],"w":[false,false],"neighbors":["282045011","28204511002","28204511003","28204511004"]}},{"type":"Feature","geometry":{"type":"Polygon","coordinates":[[[135.29588048827205,34.827534213692005],[135.29593589524325,34.82739278288301],[135.2960127175181,34.82734520127511],[135.29596764784043,34.82732541639183],[135.29592578311593,34.827228348630534],[135.29608399526774,34.82717336171141],[135.29618996084875,34.82736224925812],[135.29632764768098,34.82729742302658],[135.29661914309364,34.82750322216853],[135.2967901459813,34.82750517719751],[135.29683567102467,34.82721945123948],[135.29707752059028,34.8270127372515],[135.29737568947817,34.82708762929992],[135.29787974079466,34.82737237293905],[135.29801774196574,34.82733430433722],[135.29792285212278,34.82722427833018],[135.2982343029726,34.82705391056663],[135.2982877603374,34.827097149844086],[135.29864179213521,34.82707757613398],[135.29878079684727,34.82695731103131],[135.2995015619775,34.827310751967005],[135.29972484702125,34.82725531182363],[135.29996947472944,34.82728688822286],[135.3001624409404,34.82715816378264],[135.30014778540178,34.82457422898525],[135.29971393562218,34.824574017256374],[135.29971327160183,34.824553669560615],[135.29830931253161,34.82483723311776],[135.29708160957242,34.82504684307275],[135.29619038951176,34.825256237130986],[135.29417825576937,34.82587837858992],[135.29424026038592,34.82595930069776],[135.29425509922294,34.82605313130945],[135.2941835147536,34.82633117373249],[135.2943594612735,34.826413308591356],[135.29441793033865,34.82649869452516],[135.29455231135006,34.82658291800668],[135.29451255868915,34.82666034840072],[135.294519380489,34.82681375259036],[135.29446304370694,34.8269562465557],[135.29446390107142,34.82703004589483],[135.29454681389296,34.827153620780784],[135.29461563684998,34.82712293501684],[135.29472585357914,34.82714889518102],[135.2949712657312,34.827417177398814],[135.29512252787114,34.82747647682903],[135.29553851919295,34.82753361110283],[135.29569310164084,34.82751893632082],[135.2957463935216,34.8275554873988],[135.29588048827205,34.827534213692005]]]},"properties":{"code":"28204511002","name":"名塩南台二丁目","jinko":527,"addr_key":"28204|名塩南台2","addr_key_town":"28204|名塩南台2","n":[0,0],"w":[false,false],"neighbors":["282045011","28204511001","28204511003"]}},{"type":"Feature","geometry":{"type":"Polygon","coordinates":[[[135.29708160957242,34.82504684307275],[135.29971327160183,34.824553669560615],[135.29971393562218,34.824574017256374],[135.30097820511864,34.8245856482288],[135.301209051686,34.82465895321354],[135.30141349345962,34.82445358446009],[135.30140226100914,34.823625048161915],[135.30235599406004,34.82361491145213],[135.30233614445112,34.821088981014725],[135.300633829318,34.821084017242114],[135.30052466421907,34.82149110027451],[135.30041453204188,34.82166198374769],[135.30043858320414,34.82179060011504],[135.30037046802335,34.82188854109555],[135.30034330151773,34.82208517400531],[135.3001792139168,34.822155144241606],[135.30005635005486,34.822121049041314],[135.29994556137532,34.82227961293217],[135.29973254737996,34.82234342212141],[135.29964371782265,34.82240793447494],[135.2987811180927,34.82209590227853],[135.29854400185812,34.82236293733597],[135.29849711490388,34.82253120432036],[135.29858010062247,34.822668157480344],[135.29854393630723,34.82270872812958],[135.29793687383182,34.8223174738353],[135.29784561497723,34.82217375505845],[135.29774280813575,34.822087313447355],[135.29739558795598,34.82198597882907],[135.29722049455776,34.821984056910914],[135.29698348796964,34.82208495354067],[135.29693831679052,34.82222461375811],[135.29695177825872,34.82233197640418],[135.29698549360535,34.82242572834321],[135.29719183823312,34.822669174351404],[135.29716012399751,34.822739920992554],[135.2967702972385,34.8228302683561],[135.29667327421188,34.82288808181023],[135.29654870323466,34.82303006026325],[135.2957266115297,34.82357877727632],[135.2942855889001,34.823942795211515],[135.29381491647078,34.82488254139806],[135.294020593111,34.82528192140713],[135.29400212522688,34.825626025943805],[135.29402367956425,34.82570212723599],[135.29417825576937,34.82587837858992],[135.29619038951176,34.82525623713102],[135.29708160957242,34.82504684307275]]]},"properties":{"code":"28204511003","name":"名塩南台三丁目","jinko":678,"addr_key":"28204|名塩南台3","addr_key_town":"28204|名塩南台3","n":[0,null],"w":[false,false],"neighbors":["282045011","28204511001","28204511002","28204511004"]}},{"type":"Feature","geometry":{"type":"Polygon","coordinates":[[[135.30477567399217,34.823665174856025],[135.30516422050653,34.82366256140389],[135.30555690771163,34.823772522993345],[135.30578664190008,34.823569339751394],[135.30606304708817,34.82353684434992],[135.30575346242986,34.8231733928796],[135.30545941829374,34.82292559470606],[135.30538488977,34.82281872185749],[135.3053129988896,34.822587667292986],[135.30527723011684,34.822312661239565],[135.305409308143,34.82125571896129],[135.30534442778026,34.82093066172179],[135.30549569616548,34.82046781411208],[135.30550676253398,34.820370328279274],[135.30546371085381,34.820165875838555],[135.3053297005347,34.820200469823405],[135.30538741374014,34.82025712272198],[135.30495085374503,34.82059865413841],[135.30470789762572,34.820635175139614],[135.30449357336556,34.82076111727237],[135.30430206282725,34.82074257643085],[135.3042213465766,34.82080688562523],[135.30398977683615,34.82084570766596],[135.30388086233995,34.82093052431478],[135.30377895952768,34.82092133802309],[135.30372294400496,34.82065980284275],[135.30364022757223,34.82054637400761],[135.30332754745987,34.8206159842129],[135.30313294427648,34.82050851889634],[135.30292566765291,34.82054369424364],[135.3027011870342,34.8204951308637],[135.3025142787793,34.82052683310228],[135.3022024662781,34.820663550097024],[135.30185184445972,34.82097192015047],[135.30171752521227,34.82097299025892],[135.3017188608977,34.821087139292736],[135.30233614445112,34.821088981014725],[135.30235599406004,34.82361491145213],[135.30140226100914,34.823625048161915],[135.30141349345962,34.82445358446009],[135.301209051686,34.82465895321354],[135.30141503782093,34.82484823575547],[135.30174974586865,34.825885400556515],[135.30188748987587,34.82604466072295],[135.30215459996964,34.826187608034985],[135.3023430796948,34.82620145719482],[135.3026419382029,34.826145620516186],[135.3027798663025,34.826065573277305],[135.3028928155686,34.82595269573221],[135.3033226473318,34.82443709231699],[135.3034275375489,34.82416899087369],[135.3035581797843,34.823992307141474],[135.30386505838953,34.82383456946436],[135.30477567399217,34.823665174856025]]]},"properties":{"code":"28204511004","name":"名塩南台四丁目","jinko":607,"addr_key":"28204|名塩南台4","addr_key_town":"28204|名塩南台4","n":[0,0],"w":[false,false],"neighbors":["282045011","28204511001","28204511003"]}},{"type":"Feature","geometry":{"type":"Polygon","coordinates":[[[135.2923625309389,34.82937990489431],[135.2922406908965,34.82930959579515],[135.29248067661905,34.82892635030685],[135.2924617103543,34.82885959531426],[135.29262917079606,34.82864453442177],[135.29270042606146,34.8284481189943],[135.29285694237595,34.82837913564555],[135.29298619469287,34.82819071384023],[135.2930882023697,34.828105045094745],[135.2929326541426,34.82786020604883],[135.29281875330233,34.827840610560635],[135.2926645579472,34.82756505483837],[135.2926837685223,34.827380387874335],[135.29265540814853,34.82723264638748],[135.29273876944686,34.8270709258135],[135.2926989941732,34.8270068705618],[135.29271886724166,34.82688656746567],[135.29239103079868,34.826668439651726],[135.2920147296551,34.82650555415082],[135.29191650207176,34.826298361388126],[135.2920072697317,34.82615679425136],[135.29211772743568,34.82577618764856],[135.29191561898455,34.825757780833165],[135.29183903425482,34.82550154102365],[135.2921909327626,34.82553419145058],[135.29196553474856,34.825156726019266],[135.29195111483713,34.82484098016194],[135.29180268860597,34.82475285035904],[135.29166638447097,34.824944285012094],[135.2915242535341,34.824942517674664],[135.2911563779206,34.82507133793743],[135.29099609472524,34.825028654746795],[135.29068481457762,34.82514808267609],[135.29038721486057,34.82513598871872],[135.28996494262546,34.825236005780795],[135.28955630976566,34.825215768803744],[135.2893008901918,34.82524707435221],[135.2884780248061,34.82549805954538],[135.2882590228509,34.8255993618413],[135.28815026535653,34.82571437567403],[135.28810235578234,34.82586997098847],[135.2881273119196,34.82604168448474],[135.28816891582312,34.82613164314202],[135.28834838430967,34.82628263566804],[135.2883652052919,34.82635623883488],[135.288302848727,34.82648842491324],[135.2883036396924,34.826556943579625],[135.28836573205456,34.8266828696719],[135.28855733536497,34.826952645294504],[135.28875667937564,34.827064323677256],[135.2889851566557,34.82742085452051],[135.28927553999048,34.82770950064722],[135.2893635914381,34.827894028116205],[135.28929570316853,34.82830859470843],[135.2893234152229,34.828422818035136],[135.28939027064243,34.828487647047716],[135.28977428682424,34.82858610863019],[135.2898470599653,34.82887413937629],[135.2899919458391,34.82909850118821],[135.29016418970886,34.82914073940454],[135.29036853708206,34.829101030184475],[135.290506424887,34.82902367453392],[135.2906192960761,34.82907180176334],[135.29076603355006,34.829190509972726],[135.29098403653583,34.82919421498613],[135.29112224094476,34.82914411019655],[135.29133515986467,34.82917327851978],[135.29124913729274,34.82924557959794],[135.2912253756157,34.829339573249634],[135.2913530122818,34.829320960563386],[135.29164977807585,34.829377638286445],[135.2917054279807,34.829536360514815],[135.2923625309389,34.82937990489431]]]},"properties":{"code":"282045160","name":"名塩山荘","jinko":772,"addr_key":"28204|名塩山荘","addr_key_town":"28204|名塩山荘","n":[0,null],"w":[false,false],"neighbors":["282045011","282045170"]}},{"type":"Feature","geometry":{"type":"Polygon","coordinates":[[[135.2887203445898,34.82955837864983],[135.28889619606323,34.82941058285591],[135.28901430817737,34.829181194396455],[135.28903037713016,34.829034653693945],[135.288993901697,34.82895289486529],[135.28883296664142,34.828854577833894],[135.28842160861552,34.82876259513996],[135.28812063592687,34.82853361224523],[135.2878102086846,34.82841012852788],[135.28780602965207,34.8281371922652],[135.28798388084365,34.827918250523744],[135.2880667419044,34.82771251988032],[135.288193839479,34.82764715200163],[135.28836466602394,34.82767799484276],[135.28854188727465,34.827641389426546],[135.28877727017533,34.82741988262138],[135.288851331537,34.827221614802525],[135.28875667937564,34.827064323677256],[135.28855733536497,34.826952645294504],[135.28846024314933,34.826842838981214],[135.2883036396924,34.826556943579625],[135.288302848727,34.82648842491325],[135.2883652052919,34.82635623883488],[135.28834838430967,34.82628263566804],[135.28816891582312,34.82613164314206],[135.28812685048467,34.826031476362154],[135.28801420206568,34.826083067510396],[135.28765975920672,34.826451922997194],[135.28755028983778,34.826505531498555],[135.28734119933986,34.826548160316236],[135.28687216903123,34.82653430358801],[135.28679360901805,34.82649090351297],[135.28676894507524,34.82651454818419],[135.28652702396388,34.82650235984752],[135.28631692892114,34.826584010541495],[135.28615487703956,34.82681775695239],[135.28606268758688,34.82687390399558],[135.2859513957551,34.82688055095185],[135.28524964831325,34.826741744548514],[135.28464786893971,34.826762581320395],[135.28462443323144,34.82688579892727],[135.2845681832833,34.82693300140311],[135.28450836358655,34.82729376834246],[135.28474335074523,34.827341721834195],[135.2846264013076,34.827576662099844],[135.28474013162,34.82758147731966],[135.28479077998747,34.82754474065613],[135.28491842630257,34.82734866166513],[135.2850748994749,34.827230742012766],[135.28521547419575,34.82716379248083],[135.28550297655968,34.82714393559685],[135.28601111710387,34.827320103851505],[135.28616323436987,34.82726912126888],[135.28660402777237,34.82761131607212],[135.28667304222782,34.82774542915412],[135.28622067490204,34.827896024658386],[135.28621877147108,34.828131261933976],[135.2862642505069,34.828253375412466],[135.2863628581754,34.82835387445069],[135.28680699889577,34.828637376652345],[135.28690675168323,34.828607648814014],[135.286865254749,34.82870459868178],[135.2865981296837,34.82894395725792],[135.28651756658445,34.8292007971329],[135.28662559864063,34.82932587087096],[135.2866083760275,34.82937283836823],[135.2868161877701,34.82952945524876],[135.2869973871525,34.82953387858113],[135.28706553121881,34.829591867548864],[135.28735124463296,34.83003774345984],[135.28801010599764,34.82987728234981],[135.28836628262954,34.82965778484851],[135.2887203445898,34.82955837864983]]]},"properties":{"code":"282045170","name":"名塩ガーデン","jinko":391,"addr_key":"28204|名塩ガーデン","addr_key_town":"28204|名塩ガーデン","n":[0,0],"w":[false,false],"neighbors":["282045011","282045160","282045180"]}},{"type":"Feature","geometry":{"type":"Polygon","coordinates":[[[135.28115580446288,34.83322796166435],[135.28128033973363,34.83299761162561],[135.2815089627074,34.83283194946461],[135.28173863846703,34.832758042174866],[135.28223936448208,34.8327476561598],[135.28242954323568,34.832700254861045],[135.2825400786132,34.83262727600464],[135.28283418204356,34.83228080777275],[135.28361504345864,34.831750318506984],[135.28423287598653,34.831555411976716],[135.28445414787564,34.83144226741332],[135.28511264195288,34.83098160142906],[135.2864710477429,34.83021712086926],[135.28696223010488,34.83006903673973],[135.28735124463296,34.83003774345984],[135.28706553121881,34.829591867548864],[135.2869973871525,34.82953387858113],[135.2868161877701,34.82952945524876],[135.2866083760275,34.82937283836823],[135.28662559864063,34.82932587087096],[135.28651756658445,34.8292007971329],[135.2865981296837,34.82894395725792],[135.286865254749,34.82870459868178],[135.28690675168323,34.828607648814014],[135.28680699889577,34.828637376652345],[135.2863628581754,34.82835387445069],[135.2862642505069,34.828253375412466],[135.28621877147108,34.828131261933976],[135.28622067490204,34.827896024658386],[135.28667304222782,34.82774542915412],[135.28660402777237,34.82761131607212],[135.28616323436987,34.82726912126888],[135.28601111710387,34.827320103851505],[135.28560077089344,34.827159296656504],[135.28521547419575,34.82716379248083],[135.28491842630257,34.82734866166513],[135.28474013162,34.82758147731966],[135.2846264013076,34.827576662099844],[135.2844030402363,34.827693342755296],[135.28428503115063,34.827799128963335],[135.2840650455439,34.82802374481189],[135.2836967052424,34.82848537569427],[135.28360410584443,34.82872864518701],[135.28343859333273,34.828847971073365],[135.28117746773978,34.82992093703092],[135.27997628313219,34.83019572468853],[135.27865812130156,34.83031745852594],[135.27838116209674,34.83043102415561],[135.27801810914096,34.830656672406946],[135.27767969565227,34.83096079711579],[135.27753341742203,34.83124715868811],[135.27764379957242,34.83154871358028],[135.2775996384533,34.8315932132612],[135.27773765284695,34.83199596694487],[135.27788120162623,34.83231486984354],[135.278098724557,34.832597139406744],[135.27817477265006,34.83283902714066],[135.27849267062848,34.83320439287032],[135.2785905398363,34.83315855921927],[135.27865376975572,34.83323553605685],[135.2785776510246,34.83327134154212],[135.27874875857032,34.83340051227115],[135.2789849865462,34.833421421799166],[135.27913531101706,34.83357800736301],[135.27951048494484,34.833619175620804],[135.27982272769557,34.83354286819489],[135.2800538329924,34.83319851604976],[135.28018726630972,34.8333940358755],[135.28032546281904,34.833528177758964],[135.28050684797978,34.83362972781196],[135.28086633978566,34.83363664546587],[135.2810168825914,34.83359617494296],[135.28110365904047,34.83353648040416],[135.28115580446288,34.83322796166435]]]},"properties":{"code":"282045180","name":"名塩平成台","jinko":1036,"addr_key":"28204|名塩平成台","addr_key_town":"28204|名塩平成台","n":[0,0],"w":[false,false],"neighbors":["282045011","282045170","282045450"]}},{"type":"Feature","geometry":{"type":"Polygon","coordinates":[[[135.31428859266137,34.82755119045797],[135.31458675497527,34.82746553966804],[135.31485874697606,34.82734101385991],[135.31481736559533,34.82729409348351],[135.31499296244306,34.82689153582707],[135.3151104453183,34.82679502049936],[135.31515358391113,34.826623257868604],[135.31512860515116,34.82647606182199],[135.3140968306572,34.82612396518097],[135.31372936832395,34.825925235926185],[135.31316534050472,34.825542170106786],[135.31284720118327,34.825570300416295],[135.31253492795807,34.82544464590635],[135.31233726525085,34.825484761122134],[135.31222191132235,34.825588158950694],[135.3120537642892,34.82582022625736],[135.31186605730855,34.82621083533283],[135.31184132858732,34.82641611164908],[135.31189323882398,34.82653738744178],[135.31184303489113,34.82656025804674],[135.31183281156208,34.8266852740437],[135.3117288151219,34.82675977634607],[135.3116356464076,34.826760526974525],[135.3103385551182,34.82614313087361],[135.31012866965824,34.82613200185132],[135.31012387152856,34.826058306053596],[135.3096538479404,34.82606208535499],[135.3096064747331,34.8259920409909],[135.30944269842834,34.82611026231094],[135.30933573594817,34.82596963694506],[135.309284667297,34.826085685217635],[135.30911324966542,34.82620065808122],[135.3086295545985,34.82597192681932],[135.3092695443192,34.82588256006345],[135.30903615454787,34.82556576164948],[135.308745927921,34.825657741752806],[135.30771766157108,34.82576606694704],[135.30741241906608,34.82582316422268],[135.3071329786254,34.82591787226963],[135.30633727332923,34.82633214935424],[135.30609969347157,34.826514903559726],[135.30592422964656,34.826772867759566],[135.30617528889732,34.82687177592706],[135.30663446071236,34.82688915605168],[135.30684405659915,34.82693367569253],[135.30696238278603,34.8270168151248],[135.3069885766407,34.82707970612583],[135.3072197477773,34.82688967737947],[135.30735963534792,34.82683834288446],[135.30767365968026,34.82685899483308],[135.30781016684526,34.82691973326559],[135.30794753705433,34.82704610078446],[135.30840078892217,34.82782164679523],[135.3084708646677,34.827919538548215],[135.30855872619173,34.827975595300366],[135.30896297032373,34.82799129358571],[135.30919615188887,34.827913714646236],[135.309341693223,34.82779141445833],[135.3095897480653,34.8274183512606],[135.31086799580874,34.827379687220564],[135.3113193507552,34.827500985783324],[135.31362343997264,34.828400392043875],[135.31415725029498,34.82850967571446],[135.31446974191613,34.82852996911023],[135.314429598769,34.82804760147575],[135.31428859266137,34.82755119045797]]]},"properties":{"code":"282045200","name":"名塩新町","jinko":548,"addr_key":"28204|名塩新町","addr_key_town":"28204|名塩新町","n":[4,null],"w":[false,false],"neighbors":["282045011","282045100","28204521001","28204521002","28204521005"]}},{"type":"Feature","geometry":{"type":"Polygon","coordinates":[[[135.3113453497109,34.82905582597495],[135.31156743450228,34.82905072754869],[135.3127448216701,34.82919779014619],[135.31331634427474,34.82918817929912],[135.31414363174233,34.82911818710054],[135.31428835538188,34.82905708688361],[135.31445937202918,34.82882914790953],[135.31446974191613,34.82852996911023],[135.31415725029498,34.82850967571446],[135.31362343997264,34.828400392043875],[135.3113193507552,34.827500985783324],[135.31086799580874,34.827379687220564],[135.3105556464274,34.82737086249727],[135.3095897480653,34.8274183512606],[135.309341693223,34.82779141445833],[135.30919615188887,34.827913714646236],[135.30896297032373,34.82799129358571],[135.30855872619173,34.827975595300366],[135.30854865932164,34.828447029418896],[135.30793866223974,34.82844530502523],[135.30793218528402,34.82799013067514],[135.3076324662401,34.8278789396685],[135.307451361741,34.82809997686774],[135.30734897527938,34.82836960953235],[135.30746588092128,34.82894023787068],[135.3078776491685,34.829007008274736],[135.3077043713148,34.82950059532948],[135.3080289432244,34.8297705358061],[135.3082439344528,34.830090649874485],[135.30853492363872,34.83043093141053],[135.3087516313519,34.83051250208213],[135.30890939527228,34.83065131072286],[135.30937084234952,34.83045449966914],[135.30931642038453,34.83034465261432],[135.30933130076943,34.83023783928257],[135.30949882825473,34.83005338926642],[135.3108981743984,34.82924534814168],[135.31119032968687,34.82909876593213],[135.3113453497109,34.82905582597495]]]},"properties":{"code":"28204521001","name":"東山台一丁目","jinko":964,"addr_key":"28204|東山台1","addr_key_town":"28204|東山台1","n":[0,null],"w":[false,false],"neighbors":["282045200","28204521002","28204521005"]}},{"type":"Feature","geometry":{"type":"Polygon","coordinates":[[[135.31847381831525,34.833383303961675],[135.3186962891925,34.83317325284437],[135.31868647398912,34.833116568524716],[135.31878682712286,34.8330589213766],[135.31887900274967,34.83308845662462],[135.31899763023694,34.83303073147436],[135.3192056745115,34.8327640339042],[135.3194789711899,34.83257624438942],[135.31939626191576,34.83257318372578],[135.3193802975722,34.83238774180963],[135.31909181127548,34.832068309413906],[135.31904129828317,34.83207252171501],[135.31880960139384,34.832275043356816],[135.31861752887704,34.83234097060304],[135.31848881726015,34.83232687298246],[135.31815454096474,34.832214085776094],[135.31811352406018,34.83224089818994],[135.31806101034914,34.832457176274914],[135.3178409826894,34.832485439429895],[135.31783178740312,34.83171316166725],[135.31803742999628,34.83163198302559],[135.3175594892864,34.83162620932632],[135.3175637775301,34.83145560517135],[135.3176424057925,34.83123017060619],[135.317824621601,34.8310323476163],[135.3180327397888,34.83086523041395],[135.3181593554822,34.8308039197581],[135.318302034174,34.83075029699574],[135.31862806039365,34.830722721991556],[135.31910794942686,34.830727983260644],[135.3192053644236,34.83014456313718],[135.31935583244555,34.82994917919456],[135.31953189123476,34.82950730771538],[135.31951425811448,34.829181874061874],[135.3192643809936,34.8288261420412],[135.31881558602797,34.82896415657848],[135.31826050410075,34.82896295713752],[135.31824361742272,34.82831961773847],[135.3174256979735,34.82807067915445],[135.31722369552529,34.827682306313584],[135.31684400252476,34.82779897644683],[135.31651190950066,34.827286793788225],[135.31576617599447,34.82751241262636],[135.31562694516103,34.82738860660135],[135.31566355763147,34.82758754070187],[135.31560135512365,34.827743400329474],[135.31542949321056,34.82779908786217],[135.31529352517475,34.827885260391454],[135.31508250096758,34.82794415216725],[135.314429598769,34.82804760147575],[135.31446974191613,34.82852996911023],[135.31445937202918,34.828829147909495],[135.31428835538188,34.82905708688359],[135.31414363174233,34.829118187100526],[135.31331634427474,34.82918817929912],[135.3127448216701,34.82919779014619],[135.31156743450228,34.82905072754869],[135.3113453497109,34.82905582597495],[135.31119032968687,34.82909876593213],[135.3108981743984,34.82924534814168],[135.30949882825473,34.83005338926642],[135.30933130076943,34.83023783928257],[135.30931642038453,34.83034465261432],[135.30937084234952,34.83045449966914],[135.30950210150775,34.83068443749432],[135.30978651416117,34.83105314751953],[135.31160933212553,34.83227950410349],[135.31265697226488,34.83120454992004],[135.31290194924472,34.830982989848955],[135.31312920147212,34.830851223528946],[135.3136268817009,34.830735865377456],[135.31481556920778,34.830689080923236],[135.3152555251563,34.830769119328046],[135.31666095361408,34.83143798612685],[135.31580588650547,34.832391699552005],[135.31600397019406,34.83250777781138],[135.31579166597737,34.83263259846043],[135.31572729199647,34.83284305561061],[135.31596985259014,34.83325209543861],[135.31607639909274,34.833327010567814],[135.316260736643,34.83338608562758],[135.3164399231314,34.83339977735334],[135.31659586062034,34.833383374149626],[135.31706684959082,34.833220541753775],[135.31717706623022,34.833223451752204],[135.31742924395263,34.83329866598808],[135.3176755236902,34.83324399240809],[135.31799985371183,34.833296296703274],[135.31819269929272,34.83329473372519],[135.31847381831525,34.833383303961675]]]},"properties":{"code":"28204521002","name":"東山台二丁目","jinko":1867,"addr_key":"28204|東山台2","addr_key_town":"28204|東山台2","n":[0,0],"w":[false,false],"neighbors":["282045011","282045090","282045100","282045200","28204521001","28204521003","28204521004","28204521005","28204526001"]}},{"type":"Feature","geometry":{"type":"Polygon","coordinates":[[[135.3152555251563,34.83076911932809],[135.31481556920778,34.830689080923236],[135.3136268817009,34.830735865377456],[135.31312920147212,34.830851223528946],[135.31290194924472,34.830982989848955],[135.3112242063728,34.83266853200681],[135.31087501629267,34.832962125480435],[135.31032638188668,34.83320478481083],[135.3096330402942,34.83343149172715],[135.30930832033366,34.83357023148606],[135.30908870786183,34.83372052186731],[135.308910830401,34.83390442072618],[135.30878214706763,34.83413137619823],[135.3085544926016,34.834758222400346],[135.3111088566437,34.83532059677345],[135.31204174311284,34.83538499146942],[135.31227842111946,34.835356042335675],[135.3128612662383,34.83518148248838],[135.3131812125541,34.83505777282895],[135.31364218127405,34.83481932895652],[135.3142024367495,34.834634942926705],[135.3144681468362,34.834583642384175],[135.31465050704767,34.834476109461164],[135.31476833154122,34.83434268861031],[135.31483944218917,34.834145206606735],[135.31492076420156,34.834030953694416],[135.31515274510056,34.83385125699462],[135.31547451665637,34.833687665053255],[135.31592278175344,34.83315782479269],[135.31572729199644,34.83284305561061],[135.31579166597737,34.83263259846043],[135.31600397019406,34.8325077778114],[135.31580588650547,34.832391699552005],[135.31666095361408,34.83143798612685],[135.3152555251563,34.83076911932809]]]},"properties":{"code":"28204521003","name":"東山台三丁目","jinko":1868,"addr_key":"28204|東山台3","addr_key_town":"28204|東山台3","n":[0,null],"w":[false,false],"neighbors":["28204521002","28204521004","28204526001","28204526004","28204526005"]}},{"type":"Feature","geometry":{"type":"Polygon","coordinates":[[[135.31160933212553,34.83227950410349],[135.31000201017773,34.83121994092006],[135.30941014436146,34.83187260435253],[135.30923897801432,34.83192257317775],[135.30896776558708,34.83189827226405],[135.30874640015966,34.831812935464825],[135.3073296301234,34.831792118608824],[135.3072840826891,34.83299266021769],[135.3067854800495,34.83445212272636],[135.3073234442224,34.834498303646285],[135.3085544926016,34.834758222400346],[135.30878214706763,34.83413137619823],[135.308910830401,34.833904420726164],[135.30908870786183,34.83372052186731],[135.30930832033366,34.83357023148606],[135.3096330402942,34.83343149172718],[135.31032638188668,34.83320478481083],[135.31087501629267,34.832962125480435],[135.31103498870664,34.83284632778694],[135.31160933212553,34.83227950410349]]]},"properties":{"code":"28204521004","name":"東山台四丁目","jinko":782,"addr_key":"28204|東山台4","addr_key_town":"28204|東山台4","n":[null,0],"w":[false,false],"neighbors":["28204521002","28204521003","28204521005","28204526004","28204526005"]}},{"type":"Feature","geometry":{"type":"Polygon","coordinates":[[[135.3022442418585,34.83431286595341],[135.3037807746259,34.83441130653407],[135.3045927005608,34.83441059171788],[135.30607695967703,34.83434145854135],[135.3064854545378,34.8343819897247],[135.3067854800495,34.83445212272636],[135.3072840826891,34.83299266021769],[135.3073296301234,34.83179211860881],[135.30874640015966,34.831812935464825],[135.30896776558708,34.83189827226405],[135.30923897801432,34.83192257317773],[135.30941014436146,34.83187260435253],[135.31000201017773,34.83121994092006],[135.30978651416117,34.83105314751952],[135.30964692290547,34.830891518464895],[135.30937084234955,34.830454499669116],[135.30890939527228,34.830651310722864],[135.3087516313519,34.83051250208213],[135.3085349236387,34.83043093141054],[135.3082439344528,34.830090649874485],[135.3080289432244,34.8297705358061],[135.3077043713148,34.82950059532948],[135.3078776491685,34.829007008274736],[135.30746588092128,34.828940237870675],[135.30734897527938,34.828369609532324],[135.307451361741,34.828099976867726],[135.3076324662401,34.82787893966848],[135.30793218528405,34.82799013067516],[135.30793866223974,34.82844530502523],[135.30854865932164,34.828447029418896],[135.3085587261918,34.827975595300366],[135.3084708646677,34.827919538548194],[135.30840078892217,34.82782164679523],[135.30794753705433,34.82704610078444],[135.30781016684526,34.82691973326559],[135.30767365968026,34.82685899483308],[135.30750011348027,34.826837216603586],[135.30735963534792,34.82683834288446],[135.30721974777728,34.82688967737945],[135.3069885766407,34.82707970612582],[135.30695411625075,34.82718512645573],[135.30686872385795,34.82729518152638],[135.30672179432003,34.82737206473733],[135.3062487297931,34.82748092892492],[135.30620853929622,34.82752752065556],[135.30620613708376,34.82775881667315],[135.30626862246757,34.828090228925205],[135.30620513359298,34.82863864277924],[135.30615254279436,34.828792871382845],[135.30626046958434,34.82905152132747],[135.30626941177945,34.82915081943498],[135.3062085231944,34.82926025456438],[135.30592324872754,34.829454797100375],[135.30586803715,34.8298797594645],[135.30567133866552,34.83033627675997],[135.30562150438737,34.83039118542865],[135.30566513689405,34.83060070106461],[135.3056530165231,34.83075333730613],[135.30543743214025,34.831304374980064],[135.30527130324919,34.83134007161245],[135.30526862693893,34.83103980234665],[135.30522758724524,34.83091998737086],[135.30516582666235,34.83086857689137],[135.30486523948906,34.83117056897148],[135.30448538909138,34.831320511787915],[135.30435833658106,34.831454279106985],[135.30420078275756,34.831907241728864],[135.30397890981672,34.83224353208338],[135.3037334165291,34.83248873986142],[135.30346617533186,34.832569538434825],[135.30268587091848,34.83255569782535],[135.302246828033,34.83271350139368],[135.30196045047916,34.83285226858362],[135.30182257526172,34.833141898557514],[135.30174438163237,34.833225551643636],[135.3014284137322,34.83344173957743],[135.30082405990498,34.83377881836794],[135.30008266050646,34.83394486826911],[135.29921376023313,34.834207704837276],[135.2990734050133,34.83420586311017],[135.29879346909738,34.8341220296545],[135.29822382259775,34.834046483577396],[135.29777961054737,34.833916486426475],[135.2976767198093,34.833736312853645],[135.29753172487275,34.83365147425564],[135.29679733758107,34.83364244239688],[135.29665384149536,34.833679143638214],[135.29656824398546,34.83375109275207],[135.29682898538778,34.83396882113062],[135.29684047930758,34.834163313156644],[135.2967636914837,34.834324068115265],[135.29829807836182,34.834582811943676],[135.29861736997725,34.834591684044646],[135.30105257104896,34.834335748549435],[135.3022442418585,34.83431286595341]]]},"properties":{"code":"28204521005","name":"東山台五丁目","jinko":152,"addr_key":"28204|東山台5","addr_key_town":"28204|東山台5","n":[0,0],"w":[false,false],"neighbors":["282045011","282045200","28204521001","28204521002","28204521004","28204526005","28204526006","28204533001"]}},{"type":"Feature","geometry":{"type":"Polygon","coordinates":[[[135.31742924395263,34.83329866598808],[135.31717706623022,34.83322345175222],[135.31706684959082,34.833220541753775],[135.31659586062034,34.833383374149626],[135.316260736643,34.833386085627644],[135.31607639909274,34.833327010567814],[135.31596985259014,34.83325209543864],[135.31592278175344,34.83315782479267],[135.31547451665637,34.83368766505324],[135.3151527451006,34.833851256994606],[135.31492076420156,34.834030953694416],[135.31483944218917,34.834145206606735],[135.31476833154122,34.834342688610285],[135.31465050704767,34.83447610946116],[135.3144681468362,34.834583642384175],[135.3142024367495,34.83463494292668],[135.31364218127405,34.83481932895652],[135.3131812125541,34.835057772828925],[135.3128612662383,34.83518148248838],[135.31260939675312,34.83524034490948],[135.31233940654158,34.83536301669858],[135.31154584539317,34.83555251020886],[135.31138016091808,34.83562630994401],[135.3112744697132,34.83568821906336],[135.31113735441502,34.83583045366862],[135.31094634477776,34.836102772130694],[135.31062098415785,34.83636863433772],[135.31163215371365,34.836781995346044],[135.3117954857811,34.836898922786105],[135.31191452025436,34.83718410259578],[135.3118979284253,34.837348327001465],[135.31178709896713,34.83756084573512],[135.31194747510554,34.83762251418672],[135.31214159450076,34.83760566909364],[135.31269170480968,34.83737045624984],[135.312867114858,34.83733854893498],[135.31513447498514,34.83717335144462],[135.31536734618743,34.83730499621821],[135.3155642825076,34.83752475082681],[135.31562640197126,34.8376843941628],[135.31549018982417,34.83868489649671],[135.31533992331057,34.83888456857495],[135.3151285790773,34.83901212401037],[135.31358251097123,34.83914094276476],[135.31342559344648,34.83917643568182],[135.3132186743063,34.83928120600095],[135.31121739537545,34.84048370082616],[135.31136808399992,34.84085243203751],[135.31151594588331,34.84103251559502],[135.31213043431737,34.84134793170481],[135.31260547269235,34.84168799120461],[135.31276312462214,34.841764258324254],[135.31295088362884,34.841742604285464],[135.31306516294413,34.84168428688905],[135.3131873960109,34.84142498232511],[135.3144114845305,34.84083677953861],[135.31445716795443,34.84072013867754],[135.31456025725376,34.840604584865815],[135.31486217259933,34.840371083103356],[135.31594986286194,34.839880095920634],[135.31610493434403,34.839746794984286],[135.31676190828256,34.83935400427233],[135.31683967033945,34.83914132511556],[135.31719281655452,34.838879022485884],[135.31733435460131,34.83872146252518],[135.31766213034282,34.838272527132396],[135.31767030314586,34.83817710504268],[135.3176322358762,34.83809346675946],[135.31748523191885,34.83798592086815],[135.31741000392003,34.837887371562886],[135.317319801718,34.837693588041304],[135.31701246581713,34.8375282527101],[135.31691422138303,34.83743369171725],[135.31679955783116,34.83712946862822],[135.31681175742492,34.836991969737895],[135.31707807370722,34.836625577579596],[135.31752257619738,34.83626724877178],[135.317581656873,34.83617894909593],[135.31767001481876,34.83582350239885],[135.31791487697103,34.83540572863382],[135.3180794184632,34.83523650182195],[135.3185935610023,34.83485267222497],[135.3189660876213,34.83466929230692],[135.31894191680232,34.83454779334703],[135.31886665226062,34.83450354334517],[135.3184882831078,34.83451161138291],[135.3182577376158,34.834589116831104],[135.31811689190036,34.83450271907601],[135.31742924395263,34.83329866598808]]]},"properties":{"code":"28204526001","name":"国見台一丁目","jinko":0,"addr_key":"28204|国見台1","addr_key_town":"28204|国見台1","n":[0,0],"w":[false,false],"neighbors":["282045011","28204521002","28204521003","28204526002","28204526004"]}},{"type":"Feature","geometry":{"type":"Polygon","coordinates":[[[135.31136808399987,34.84085243203751],[135.31121739537545,34.84048370082616],[135.31342559344648,34.83917643568182],[135.31358251097123,34.83914094276477],[135.3151285790773,34.83901212401037],[135.3153399233106,34.838884568574954],[135.31549018982417,34.83868489649671],[135.31562640197126,34.837684394162814],[135.3155642825076,34.83752475082681],[135.31536734618743,34.83730499621821],[135.31513447498514,34.837173351444626],[135.312867114858,34.837338548934966],[135.31269170480968,34.83737045624984],[135.31214159450076,34.83760566909365],[135.3119474751055,34.83762251418672],[135.3117870989672,34.83756084573512],[135.31146530823565,34.83812803274736],[135.31132823434865,34.8382740708513],[135.3111445496793,34.838386185107865],[135.31097859137168,34.83843709914096],[135.3107566626197,34.83845029318955],[135.30944669151296,34.838203347435126],[135.30938174328014,34.83838134064222],[135.309217589254,34.83859238475907],[135.30852330743352,34.838952765436524],[135.30836348788594,34.83913335011978],[135.30820652579783,34.83916510620348],[135.30805045863164,34.83927319352101],[135.3077441030404,34.84016631896578],[135.30755535763987,34.84101610365143],[135.30812082797013,34.841167274813394],[135.30877930504346,34.84148340605181],[135.30913893118264,34.84152079833209],[135.30933845365598,34.84117960488198],[135.30945279505292,34.84106811826889],[135.3099217153496,34.840812579796115],[135.31019374307493,34.84073032074801],[135.31049908992912,34.84072786647723],[135.31084575278857,34.84109128914911],[135.3112333519966,34.84124697931632],[135.31134083633472,34.841205902989515],[135.31137586449915,34.841119420973264],[135.31136808399987,34.84085243203751]]]},"properties":{"code":"28204526002","name":"国見台二丁目","jinko":0,"addr_key":"28204|国見台2","addr_key_town":"28204|国見台2","n":[0,0],"w":[false,false],"neighbors":["282045011","28204526001","28204526003","28204526004"]}},{"type":"Feature","geometry":{"type":"Polygon","coordinates":[[[135.30755535763987,34.84101610365143],[135.3077441030404,34.84016631896578],[135.3080504586316,34.839273193521],[135.30820652579777,34.83916510620349],[135.30836348788594,34.83913335011978],[135.30852330743355,34.838952765436524],[135.309217589254,34.83859238475907],[135.30938174328014,34.83838134064222],[135.30944669151296,34.83820334743514],[135.30796239087385,34.83788342696914],[135.3064546653838,34.83714781459031],[135.30622682570385,34.8370504814207],[135.30593022725603,34.83701088433273],[135.30574541352726,34.837027645527435],[135.30551507867884,34.837117239011505],[135.3036360437237,34.83823850905893],[135.30380272941588,34.83844507253073],[135.30395939169287,34.83878714427111],[135.30397640552283,34.83905025861804],[135.30394185072137,34.83956900485953],[135.30420004658413,34.83999576005897],[135.30426968406834,34.84018647767877],[135.30428589641178,34.84038854009517],[135.30425460756894,34.840480413068605],[135.30413145961776,34.84054104810421],[135.30385853195915,34.840496186739486],[135.30381610224185,34.840788931764344],[135.30422282716373,34.840923149795955],[135.304381462029,34.84104012501599],[135.3044942893106,34.84119183399619],[135.30440703024334,34.841245984263026],[135.3038198883635,34.84128490628612],[135.30365445179305,34.84138158461654],[135.30365525967255,34.84145031324867],[135.30370227439988,34.841510926291264],[135.30378151817877,34.84155987221565],[135.30511427352675,34.84197648068759],[135.30524393613416,34.84198304795651],[135.3053915958901,34.841951370930914],[135.30590632901175,34.841653505565745],[135.30592320841598,34.84151984417931],[135.30577764738197,34.84133790482513],[135.30610876941253,34.84116742756555],[135.30620920592304,34.84144128142359],[135.30714606576888,34.842221474534696],[135.30748153675285,34.842028141447436],[135.3079020137972,34.84158982100913],[135.3076696858233,34.84150393686422],[135.30761344590405,34.84144339956299],[135.3075465004736,34.84125695872886],[135.30755535763987,34.84101610365143]]]},"properties":{"code":"28204526003","name":"国見台三丁目","jinko":0,"addr_key":"28204|国見台3","addr_key_town":"28204|国見台3","n":[0,0],"w":[false,false],"neighbors":["282045011","28204526002","28204526004","28204526005","28204526006"]}},{"type":"Feature","geometry":{"type":"Polygon","coordinates":[[[135.31146530823565,34.83812803274736],[135.3118979284253,34.837348327001465],[135.31191452025436,34.83718410259578],[135.3117954857811,34.836898922786105],[135.31163215371365,34.836781995346044],[135.31062098415785,34.83636863433772],[135.31094634477776,34.836102772130694],[135.31113735441502,34.83583045366862],[135.3112744697132,34.83568821906336],[135.31138016091808,34.83562630994401],[135.31154584539317,34.83555251020886],[135.31199822627295,34.83546111941085],[135.3124795788458,34.835298997153615],[135.31204174311281,34.835384991469404],[135.3111088566437,34.83532059677345],[135.3085544926016,34.83475822240033],[135.30846437906578,34.83494599378491],[135.30755730300805,34.83551209038094],[135.3077180874834,34.83580454184492],[135.30773390011763,34.83597216733382],[135.3076802722273,34.836125205914726],[135.30739636096396,34.836379252184955],[135.30714297359404,34.83646903320649],[135.3068657129238,34.83649801797721],[135.3064546653838,34.83714781459031],[135.30796239087385,34.83788342696914],[135.31075666261972,34.83845029318955],[135.31097859137168,34.83843709914096],[135.3111445496793,34.838386185107865],[135.31132823434865,34.838274070851284],[135.31146530823565,34.83812803274736]]]},"properties":{"code":"28204526004","name":"国見台四丁目","jinko":398,"addr_key":"28204|国見台4","addr_key_town":"28204|国見台4","n":[0,0],"w":[false,false],"neighbors":["28204521003","28204521004","28204526001","28204526002","28204526003","28204526005"]}},{"type":"Feature","geometry":{"type":"Polygon","coordinates":[[[135.3064546653838,34.83714781459031],[135.3068657129238,34.83649801797721],[135.30714297359404,34.83646903320649],[135.30739636096396,34.836379252184955],[135.3076802722273,34.836125205914726],[135.30773390011763,34.83597216733382],[135.3077180874834,34.83580454184492],[135.30755730300805,34.83551209038094],[135.30846437906578,34.83494599378491],[135.3085544926016,34.83475822240033],[135.3073234442224,34.83449830364627],[135.3067854800495,34.83445212272636],[135.3064854545378,34.8343819897247],[135.30607695967703,34.83434145854135],[135.3045927005608,34.83441059171788],[135.3037807746259,34.83441130653407],[135.3022442418585,34.83431286595341],[135.30190997704636,34.83458596287237],[135.3018828039197,34.83491273988343],[135.3018149775259,34.83523955826611],[135.30159598456316,34.83579385580338],[135.30163424478363,34.83585918600005],[135.30170968688884,34.83589724871735],[135.3021211550113,34.83580509120771],[135.30228075427394,34.83583086104752],[135.3022496809031,34.83597794380771],[135.3019533593899,34.83628940244714],[135.30188314958872,34.836500461146464],[135.30189868959462,34.83662400297443],[135.30208858816601,34.837026237800494],[135.30222674091894,34.83721824211682],[135.30259576983093,34.83750509661219],[135.30267568331845,34.837523755834745],[135.30285312308953,34.83746825259603],[135.30300309999723,34.837467055096305],[135.30320064799895,34.83752343865465],[135.30329515096423,34.83758451675201],[135.30339968985726,34.83770727762828],[135.30349683309402,34.838000104812636],[135.3036360437237,34.83823850905893],[135.30551507867884,34.837117239011505],[135.30574541352726,34.837027645527435],[135.30593022725603,34.83701088433273],[135.30622682570385,34.8370504814207],[135.3064546653838,34.83714781459031]]]},"properties":{"code":"28204526005","name":"国見台五丁目","jinko":0,"addr_key":"28204|国見台5","addr_key_town":"28204|国見台5","n":[0,0],"w":[false,false],"neighbors":["28204521003","28204521004","28204521005","28204526003","28204526004","28204526006"]}},{"type":"Feature","geometry":{"type":"Polygon","coordinates":[[[135.30381610224185,34.840788931764344],[135.30385853195915,34.840496186739486],[135.30413145961776,34.84054104810421],[135.30425460756894,34.840480413068605],[135.30428589641178,34.84038854009517],[135.30426968406834,34.84018647767877],[135.30420004658413,34.83999576005897],[135.30394185072137,34.83956900485953],[135.30397640552283,34.83905025861804],[135.30395939169287,34.83878714427111],[135.30387831074205,34.83858179780013],[135.3035545248993,34.83811943681654],[135.30339968985726,34.83770727762828],[135.30329515096423,34.83758451675201],[135.30320064799895,34.83752343865465],[135.30300309999723,34.837467055096305],[135.30285312308953,34.83746825259603],[135.30267568331845,34.837523755834745],[135.30259576983093,34.83750509661219],[135.30222674091894,34.83721824211682],[135.30208858816601,34.837026237800494],[135.30189868959462,34.83662400297443],[135.30188314958872,34.836500461146464],[135.3019533593899,34.83628940244714],[135.3022496809031,34.83597794380771],[135.30228075427394,34.83583086104752],[135.3021211550113,34.83580509120771],[135.30170968688884,34.83589724871735],[135.30163424478363,34.83585918600005],[135.30159598456316,34.83579385580338],[135.3018149775259,34.83523955826611],[135.3018828039197,34.83491273988343],[135.30190997704636,34.83458596287237],[135.3022442418585,34.83431286595341],[135.30105257104896,34.834335748549435],[135.29861736997725,34.834591684044646],[135.29794122854645,34.83453219427648],[135.2967242762092,34.834320859437895],[135.29643798178893,34.834768214253195],[135.29607107899488,34.83510050001752],[135.29582437890116,34.83524478300567],[135.29581392823232,34.8352715573805],[135.29634289657938,34.83573315483279],[135.29673248990656,34.83621071467145],[135.29683522949549,34.83628997270007],[135.29697871665468,34.83629643971023],[135.29703737418123,34.836170124714435],[135.2971244110046,34.83609696759087],[135.29723512640274,34.83606932814125],[135.29762391037065,34.83608152284923],[135.2977541349424,34.836137745199615],[135.29784765598362,34.83622475117168],[135.2979968587615,34.836523012638146],[135.29796812430203,34.83722890453951],[135.2980728291243,34.837476041351835],[135.29825535127065,34.83765769770986],[135.29832030461873,34.83787268333793],[135.2983168504437,34.83797187002963],[135.29822277177965,34.83823206609938],[135.29825186793724,34.83834620605469],[135.2986581954297,34.83867489267966],[135.29869629005304,34.838966433367645],[135.29899981623447,34.839254877231376],[135.2993590822198,34.840050292623616],[135.29963071001038,34.84033412840909],[135.29991428652895,34.84045011536554],[135.30000628912055,34.840596361907764],[135.3000418318789,34.84086686431215],[135.29998011663858,34.841505268640596],[135.30000414696676,34.841551417793845],[135.3001261761209,34.84156988394917],[135.30043532142608,34.841476008616425],[135.30059341592315,34.84154721788151],[135.30076251323123,34.8417632720319],[135.30079868544087,34.8420872229783],[135.30084613928943,34.84218600374948],[135.30095833971632,34.84228440977096],[135.3010421520946,34.8423293772823],[135.30113465473295,34.8423286397756],[135.30121762197334,34.84230135687938],[135.30143781253997,34.842139384234706],[135.30191298595972,34.84202108132469],[135.3020648097367,34.84194366952162],[135.30220252801016,34.84185094587549],[135.30249766689192,34.84137181129608],[135.30351973027834,34.840747636407436],[135.30381610224185,34.840788931764344]]]},"properties":{"code":"28204526006","name":"国見台六丁目","jinko":0,"addr_key":"28204|国見台6","addr_key_town":"28204|国見台6","n":[0,null],"w":[false,false],"neighbors":["282045011","28204521005","28204526003","28204526005"]}},{"type":"Feature","geometry":{"type":"Polygon","coordinates":[[[135.2958401998402,34.832168852404514],[135.296121473956,34.83200270485283],[135.29622364917913,34.83210416982224],[135.29636646379353,34.83212974951067],[135.2964699326596,34.832242315153124],[135.29695198165743,34.83186841118548],[135.2969898300216,34.83178170091646],[135.29696015566665,34.83156608249211],[135.29732399901593,34.83161721340777],[135.29775842293063,34.83154643824351],[135.29786344906307,34.83155842271475],[135.29810213186192,34.83169434791511],[135.29788704279292,34.83177979065002],[135.29782935233112,34.83212751393803],[135.29797360816403,34.83217115798038],[135.29802857070754,34.83221875116513],[135.29834783335477,34.83210895923232],[135.29913653016075,34.83175979129531],[135.29926359890612,34.83186730652562],[135.29910511355,34.83206765645581],[135.29894246941737,34.83211697978795],[135.29890085555735,34.83221027129047],[135.29898025819406,34.832353799540826],[135.2991510092339,34.83233321541262],[135.29931278083086,34.83221657377041],[135.29925266377234,34.832056834986155],[135.29932581489427,34.8320018154562],[135.29937132807657,34.83189891504005],[135.29940300446046,34.83195634153117],[135.29958896967108,34.83192218522443],[135.2997349565543,34.83225969531449],[135.2997680685101,34.83243246545567],[135.30013198503258,34.83231414320586],[135.30027601498546,34.83217052800814],[135.30034319314169,34.8322692920742],[135.30068962642727,34.8323209712675],[135.3006340239921,34.83221887568186],[135.30089709802672,34.83211748148921],[135.30085326869823,34.83202170142049],[135.30095244745334,34.83197943011218],[135.30085315104765,34.83174901781555],[135.3014036660667,34.83165836067447],[135.30155019463425,34.83131281590407],[135.30164258914584,34.8312384151386],[135.30180693944862,34.83099998540348],[135.30201680185894,34.83100796017261],[135.30220444195916,34.83110252239885],[135.30234051871872,34.83123510302103],[135.30248771023113,34.831164984034814],[135.3022863780494,34.83095932921691],[135.30267650648656,34.830891989233294],[135.30277098032963,34.83089299590062],[135.302958477543,34.83096044568435],[135.30358427829813,34.83096819495832],[135.30376441572164,34.83108528123756],[135.30461081935334,34.831077529220764],[135.30428637741625,34.83069504152271],[135.30446553845943,34.83072882108444],[135.30442426692872,34.83052407440317],[135.3047820580134,34.83054691965755],[135.3049731688888,34.83060940659203],[135.30518679332988,34.83043635555834],[135.30562150438737,34.83039118542865],[135.30567133866552,34.83033627675997],[135.30586803715,34.8298797594645],[135.30592324872754,34.82945479710039],[135.30625454695692,34.829208616823955],[135.30626046958434,34.82905152132749],[135.30615254279436,34.828792871382845],[135.30620513359298,34.82863864277926],[135.30626862246757,34.82809022892522],[135.30620613708376,34.82775881667315],[135.30612865098976,34.82758999311605],[135.30527117989925,34.827699324828444],[135.30535687625726,34.82754962001366],[135.30467855805054,34.827692937387404],[135.3046326061959,34.82775091318278],[135.3046682859141,34.827814714328866],[135.30425585682428,34.82776350260308],[135.30373120807005,34.827596278802886],[135.3032099458799,34.82754276355692],[135.3031602085189,34.82794049968793],[135.3027830059427,34.827914636547135],[135.30256868986834,34.82786831653228],[135.3024622213095,34.82806783527443],[135.3024720876731,34.82857404179255],[135.30238218488066,34.828533067725104],[135.30214094654247,34.82849977948068],[135.30199510566285,34.82832783791199],[135.30174395859962,34.828403715805194],[135.30183013621036,34.828462115150714],[135.30119001561494,34.828695815566675],[135.3004826534369,34.829029487827256],[135.3002295618112,34.82920214178583],[135.29948272562515,34.829878387021616],[135.299126900868,34.830088970243935],[135.29847474588232,34.83085121955473],[135.29815468935638,34.830973061767146],[135.29770443625281,34.83095346807634],[135.29724536582233,34.831041550419286],[135.29711219747273,34.83099626798304],[135.2965027591967,34.83042122033755],[135.2963874643732,34.83018029489149],[135.296197717279,34.83010228897931],[135.29607747998332,34.83013303037404],[135.29597025639242,34.830239939681434],[135.29546023914173,34.831130275594994],[135.29549086710082,34.831516032135326],[135.29544856762757,34.83188764720418],[135.29546121935064,34.832328900544255],[135.2954115852254,34.83240112638027],[135.29569817688687,34.83265379571165],[135.2957673750336,34.83258916155595],[135.2958084064343,34.83243826760476],[135.29595492553807,34.83227294606389],[135.2958401998402,34.832168852404514]]]},"properties":{"code":"28204533001","name":"名塩一丁目","jinko":857,"addr_key":"28204|名塩1","addr_key_town":"28204|名塩1","n":[0,0],"w":[false,false],"neighbors":["282045011","28204521005","28204533002"]}},{"type":"Feature","geometry":{"type":"Polygon","coordinates":[[[135.2952729346734,34.832127496933296],[135.29540429095076,34.83200962157683],[135.29544856762757,34.83188764720418],[135.29549086710082,34.831516032135326],[135.29546023914173,34.831130275594994],[135.29597025639242,34.830239939681434],[135.29607747998332,34.83013303037404],[135.296197717279,34.83010228897931],[135.2963874643732,34.83018029489149],[135.2965027591967,34.83042122033755],[135.29711219747273,34.83099626798304],[135.29724536582233,34.831041550419286],[135.29770443625281,34.83095346807634],[135.29815468935638,34.830973061767146],[135.29836293221007,34.83090844775886],[135.29856228616822,34.83077763486192],[135.29912690086803,34.830088970243956],[135.29948272562515,34.82987838702165],[135.3002295618112,34.82920214178583],[135.3004826534369,34.829029487827256],[135.30119001561494,34.82869581556668],[135.30183013621036,34.828462115150714],[135.30130403555128,34.828141649889616],[135.30073080601156,34.8280848749771],[135.30012952290986,34.828112480107905],[135.29906021470018,34.8279937960944],[135.2986805364549,34.82801906851344],[135.29739539664266,34.82822907180782],[135.2969973560195,34.82858378978373],[135.29674220037663,34.82889469495154],[135.29610103805186,34.829223306915964],[135.29538451539986,34.82945433939883],[135.29507439757418,34.829439398360186],[135.29482321265965,34.82948328806272],[135.29448707937092,34.82899423845262],[135.29424371685528,34.82914525184016],[135.29290944193545,34.829641232484505],[135.29220827596762,34.82979853088164],[135.29229513411767,34.83003370034854],[135.2926602884283,34.83016166886298],[135.29221264255347,34.83019668111507],[135.29231795680397,34.83032951664837],[135.29255476137976,34.83043708873041],[135.29278438352952,34.83071282229555],[135.29310003366538,34.83115196587716],[135.29317434781166,34.83135835775622],[135.29225383379563,34.83166246612544],[135.29246129956468,34.83222916038892],[135.29251016724976,34.83228180478706],[135.29261106623568,34.832320797958786],[135.2927074432243,34.83231665670383],[135.2934602118598,34.83208549257292],[135.2936006783366,34.83206776182343],[135.2938541555592,34.83209561879038],[135.2941425771902,34.83219763816232],[135.29432162424476,34.83221446300258],[135.29459613553928,34.83232490136971],[135.29476485871064,34.83232032703065],[135.294997185099,34.83225545725753],[135.2952729346734,34.832127496933296]]]},"properties":{"code":"28204533002","name":"名塩二丁目","jinko":435,"addr_key":"28204|名塩2","addr_key_town":"28204|名塩2","n":[0,null],"w":[false,false],"neighbors":["282045011","28204533001","28204533003"]}},{"type":"Feature","geometry":{"type":"Polygon","coordinates":[[[135.29096323801895,34.83167264244688],[135.29094526233476,34.83141143772309],[135.29096943452984,34.831352512063766],[135.29138795092172,34.83110293662615],[135.2915932359241,34.83106307733181],[135.29190513798727,34.83106885691653],[135.29199868986507,34.831122839926],[135.29223403828348,34.83139176741189],[135.29225383379563,34.83166246612544],[135.29317434781166,34.83135835775622],[135.29310003366538,34.83115196587716],[135.29278438352952,34.83071282229559],[135.29255476137976,34.83043708873041],[135.29231795680397,34.83032951664841],[135.29221264255347,34.830196681115076],[135.2914328997747,34.83025853621133],[135.2914721611101,34.8304990095891],[135.2908868800435,34.8306706005861],[135.29049116092773,34.83073526980414],[135.29029675323412,34.83085166372867],[135.29005122411158,34.83085359670562],[135.29003516436657,34.83089752765652],[135.29020662561268,34.8310930875052],[135.2901819589796,34.83136737635888],[135.28986927131464,34.83135976700971],[135.289699697778,34.831290112833976],[135.28959327260787,34.83140046219553],[135.29008627888356,34.8315349671399],[135.2898323845275,34.83158168630942],[135.28942776782844,34.83160127931149],[135.2891830227304,34.831663418215584],[135.28898216142628,34.83165816663132],[135.28899686966147,34.83206567347869],[135.28886316297417,34.832128275565985],[135.28933320552918,34.83294270965039],[135.28923341639324,34.833154066455535],[135.29034070268557,34.83278695720071],[135.29046591421297,34.83256575013121],[135.29057705098765,34.83213253466469],[135.2906782265265,34.83198947810399],[135.2908098005053,34.83189005800276],[135.29096323801895,34.83167264244688]]]},"properties":{"code":"28204533003","name":"名塩三丁目","jinko":335,"addr_key":"28204|名塩3","addr_key_town":"28204|名塩3","n":[0,0],"w":[false,false],"neighbors":["282045011","28204533002"]}},{"type":"Feature","geometry":{"type":"Polygon","coordinates":[[[135.28344352715033,34.83591346912583],[135.28380073091625,34.835898914788935],[135.2839351294417,34.83583574810097],[135.28399521887596,34.83615839162263],[135.2851747553932,34.835236652803985],[135.2852831586433,34.835415387973484],[135.28518174344035,34.83496102111529],[135.2850764378774,34.83481360144529],[135.28513036972745,34.83459450745898],[135.28530346096625,34.834502019400055],[135.2854374970896,34.834355963854314],[135.2852882326922,34.83406282452202],[135.28521250905465,34.83372516429201],[135.28549840770955,34.83368292230664],[135.28557753059735,34.83357455107895],[135.28557663892192,34.8334972302442],[135.28552242213678,34.8334396244827],[135.2852694751675,34.83329519175304],[135.28489144330243,34.83333963473666],[135.28476698037596,34.83329363498494],[135.2845545354029,34.83346924830729],[135.28422412285235,34.83357683806746],[135.2842284295426,34.83365420165694],[135.28414297213462,34.83379846907439],[135.28384000594355,34.83396098506657],[135.2834627753939,34.83408274207696],[135.28314830348404,34.83412111602747],[135.28289355653408,34.83410930317778],[135.28283278202352,34.83406829759747],[135.2827201772365,34.83417692911575],[135.28259270325853,34.83419595358197],[135.2825633476996,34.83442126330628],[135.28245897274482,34.83453997119803],[135.28219135193783,34.83470150472168],[135.28217214622373,34.834895889275764],[135.2822234969847,34.83503091630299],[135.28255020624078,34.835142878288124],[135.28272282304258,34.8356107064202],[135.28269761973854,34.83570668243343],[135.28262024861274,34.835759895471],[135.28253993730712,34.835750593284104],[135.282472085335,34.83562125740003],[135.28237267429395,34.83574851915301],[135.282311800135,34.835743290022116],[135.2820606460385,34.83547249087659],[135.2818590856137,34.83548885413009],[135.2818875148773,34.83544306667394],[135.28168554640547,34.83530449572965],[135.28181318738146,34.83496538311759],[135.28181789588695,34.83477315508374],[135.28180843420853,34.834804567908016],[135.28144961010725,34.83467778349793],[135.2812355577203,34.83470691904414],[135.28094419924807,34.834638483572725],[135.28076440164364,34.83474988949838],[135.28064196915102,34.83488049978084],[135.2805775126392,34.83506953218125],[135.28064996751547,34.835369545406934],[135.2810167822827,34.83535886844003],[135.28110280243618,34.835381721060635],[135.28180010410486,34.83594588631686],[135.28216403376229,34.83610023594155],[135.28200941804576,34.836329269793836],[135.2821247341129,34.83641879573635],[135.28257201664795,34.83636417380277],[135.28298920365236,34.8361802015023],[135.28310152979464,34.836002555464425],[135.28344352715033,34.83591346912583]]]},"properties":{"code":"282045400","name":"名塩茶園町","jinko":451,"addr_key":"28204|名塩茶園町","addr_key_town":"28204|名塩茶園町","n":[0,0],"w":[false,false],"neighbors":["282045011","28204541001"]}},{"type":"Feature","geometry":{"type":"Polygon","coordinates":[[[135.28088626171603,34.839967661938964],[135.28102466673013,34.83993319927678],[135.28118090648562,34.839941557805155],[135.28208803336895,34.84011800427722],[135.28225571869774,34.84011190556721],[135.2825547477077,34.839961743509015],[135.28301590448547,34.83983418801097],[135.28310755628863,34.83975241085854],[135.28312242175704,34.83953777746555],[135.28316747771225,34.83943727817073],[135.28330439908504,34.83927401775405],[135.2837117874673,34.839239843029056],[135.2837513933073,34.83916326121796],[135.28384312189792,34.83909584941939],[135.2840617812525,34.83899871024542],[135.2841012782778,34.8389125529437],[135.2842909827553,34.83881578095275],[135.28443798010449,34.838518912113805],[135.28451198500144,34.83841818697847],[135.28467248714648,34.83829298045669],[135.28471721088988,34.83816389109015],[135.2847377695492,34.83793963541565],[135.28464942874876,34.837797292335324],[135.28452704446352,34.8377171200215],[135.28448562745817,34.83763638407949],[135.28451354522664,34.83745010023639],[135.2844872637747,34.83733368068469],[135.28422944215575,34.83698990751873],[135.28418180501308,34.83686633066288],[135.2842931606607,34.836493540072404],[135.2842919521627,34.83638861477554],[135.28408205563673,34.8360963010666],[135.28399521887596,34.83615839162263],[135.2839351294417,34.83583574810097],[135.28380073091625,34.835898914788935],[135.28344352715033,34.83591346912583],[135.28310152979464,34.836002555464425],[135.28298920365236,34.8361802015023],[135.28257201664795,34.83636417380277],[135.2821247341129,34.83641879573635],[135.28200941804576,34.836329269793836],[135.28216403376229,34.83610023594155],[135.28180010410486,34.83594588631686],[135.28110280243618,34.835381721060635],[135.2810167822827,34.83535886844003],[135.28064996751547,34.835369545406934],[135.2805775126392,34.83506953218125],[135.28064196915102,34.83488049978084],[135.28076440164364,34.83474988949838],[135.28094419924807,34.834638483572725],[135.2812355577203,34.83470691904414],[135.28144961010725,34.83467778349793],[135.28180843420853,34.834804567908016],[135.28189868687733,34.83450469426017],[135.28217890412554,34.834287075570515],[135.28250808698257,34.834391411682205],[135.28251552021422,34.83413908873391],[135.2824423201875,34.83399042670596],[135.28234150701869,34.833928394363326],[135.2823402825833,34.833821849546396],[135.28145202005535,34.83380898969531],[135.28068401689077,34.83418288241303],[135.28057840659932,34.834529428135504],[135.28010453727484,34.83475305958262],[135.27998991199644,34.8347304305602],[135.2793135474768,34.83499543529758],[135.27941786431447,34.83630760497704],[135.28073990377948,34.836240156047104],[135.28074857302167,34.83656861770758],[135.28078278473228,34.836609361057015],[135.2808441185332,34.837284975113114],[135.28098387355476,34.83930311584951],[135.2805635144565,34.83931634181751],[135.28055519039475,34.83973378206061],[135.28038231447925,34.8404007705719],[135.28056328771981,34.840547184204944],[135.28067816848946,34.840479523280955],[135.28074098094154,34.84040755054097],[135.28078916207681,34.8400733536058],[135.28088626171603,34.839967661938964]]]},"properties":{"code":"28204541001","name":"名塩さくら台一丁目","jinko":518,"addr_key":"28204|名塩さくら台1","addr_key_town":"28204|名塩さくら台1","n":[0,0],"w":[false,false],"neighbors":["282045011","282045400","28204541002","28204541003","282045450"]}},{"type":"Feature","geometry":{"type":"Polygon","coordinates":[[[135.28098387355476,34.83930311584951],[135.28078278473228,34.836609361057015],[135.28074857302167,34.83656861770758],[135.28073990377948,34.836240156047104],[135.27941786431447,34.83630760497704],[135.2793135474768,34.83499543529758],[135.27917650147765,34.83504910363363],[135.27882286753388,34.834957553708016],[135.27867552128703,34.83499405324741],[135.27834692926956,34.83500844010271],[135.27785285212553,34.83534032721181],[135.27773898650798,34.83538438289343],[135.27743453691778,34.83542604731785],[135.2772949652542,34.8355076272344],[135.27717613621797,34.835536017559825],[135.2769954354401,34.835568901425056],[135.27678097851813,34.83556274910615],[135.27654970932042,34.835610602635676],[135.27658198035843,34.83680414840692],[135.27667423326378,34.837478787340395],[135.27664057879952,34.837499780523856],[135.27666420643823,34.838063356665266],[135.27815513721885,34.83798721672991],[135.27885129787637,34.8379783970088],[135.27917218361065,34.8380254791347],[135.27938377783735,34.83818290266898],[135.27986908451456,34.83901706364514],[135.27998969930593,34.83914232758663],[135.28021756629386,34.839276672103615],[135.2805635144565,34.83931634181751],[135.28098387355476,34.83930311584951]]]},"properties":{"code":"28204541002","name":"名塩さくら台二丁目","jinko":718,"addr_key":"28204|名塩さくら台2","addr_key_town":"28204|名塩さくら台2","n":[0,0],"w":[false,false],"neighbors":["28204541001","28204541003","28204541004","282045450"]}},{"type":"Feature","geometry":{"type":"Polygon","coordinates":[[[135.27772371387223,34.83962284000626],[135.27800446456712,34.83964347511167],[135.27873267267992,34.840106708096634],[135.2788752114993,34.84034328749632],[135.2790113989224,34.840427653609126],[135.27907447296903,34.84042350072119],[135.2791436802171,34.84036535229277],[135.27916185361173,34.840184990087415],[135.2792351800268,34.84009159689582],[135.2794532989423,34.840050951806724],[135.27973428989907,34.840129681470216],[135.28038231447925,34.8404007705719],[135.28055519039475,34.83973378206061],[135.28056351445656,34.83931634181751],[135.2802175662939,34.839276672103594],[135.27998969930593,34.83914232758663],[135.27986908451456,34.83901706364512],[135.27938377783735,34.83818290266898],[135.27917218361065,34.83802547913468],[135.2790318462961,34.837991415765906],[135.27815513721885,34.83798721672991],[135.2752634702017,34.83812778607991],[135.2753653948344,34.83937021152619],[135.2753502777237,34.83968412365819],[135.27531660911248,34.83976557703177],[135.27522730420714,34.839925767219626],[135.27500409390603,34.84010238250513],[135.27478789314506,34.84018787957102],[135.27417572845454,34.8403298418773],[135.27419183880042,34.840399246008786],[135.2741507089461,34.84055267391366],[135.27391107913616,34.84084926610499],[135.27410216942164,34.840894901706115],[135.27469143330597,34.84034522979991],[135.2752482803197,34.84014378676005],[135.27632353000197,34.8398454949993],[135.27716044238275,34.839777086956694],[135.27772371387223,34.83962284000626]]]},"properties":{"code":"28204541003","name":"名塩さくら台三丁目","jinko":522,"addr_key":"28204|名塩さくら台3","addr_key_town":"28204|名塩さくら台3","n":[0,0],"w":[false,false],"neighbors":["282045011","28204541001","28204541002","28204541004"]}},{"type":"Feature","geometry":{"type":"Polygon","coordinates":[[[135.27660321256786,34.837100724848035],[135.27654970932042,34.835610602635676],[135.2763161673722,34.83575094401775],[135.27621883952241,34.83577719416282],[135.2760663507244,34.83578239150475],[135.27557407446778,34.83564472221911],[135.27535138907388,34.83574856721837],[135.27501810085238,34.835770799323264],[135.2748711077527,34.83583095530925],[135.27477928111375,34.83592780031569],[135.2745977236803,34.83588603403704],[135.27463004437925,34.83579148337204],[135.27449217103091,34.83582008643765],[135.2740142575339,34.83611049544583],[135.2735455478091,34.83616722532316],[135.273438431257,34.83638419362853],[135.27334780552513,34.83636911913359],[135.27332809328306,34.83631821268178],[135.27276035797922,34.83651479735861],[135.27274252822554,34.83656923494578],[135.27284091676913,34.83662840656398],[135.27282294518673,34.83672284794385],[135.27277072759827,34.83674290085682],[135.2726748350384,34.83669251218344],[135.2724729782307,34.83695331536938],[135.2723174001518,34.83709994988932],[135.2719170442132,34.83730143585339],[135.2717801920711,34.837412500371386],[135.27175233976183,34.83747947981898],[135.27178006203323,34.837821048189866],[135.2716872500575,34.838041779784476],[135.27168841280158,34.838143889075965],[135.27177085300184,34.8382650920425],[135.27187158290607,34.83832713575229],[135.27227687103243,34.838355485827584],[135.27268192861126,34.8385664523025],[135.27341242436611,34.83869440061987],[135.27385830675345,34.83894230248975],[135.27430821665604,34.83911565952628],[135.27466659916288,34.83920316842141],[135.27477229553207,34.83928094605005],[135.27481606766403,34.839359133217116],[135.274826800096,34.83946116950444],[135.27478263304826,34.83955778377554],[135.2745423791325,34.839799309326146],[135.27423925625754,34.839958851266545],[135.27415918788228,34.840045815604476],[135.27413173916594,34.84014032881654],[135.27417572845454,34.8403298418773],[135.27478789314506,34.84018787957102],[135.27500409390603,34.84010238250513],[135.27522730420714,34.839925767219626],[135.2753502777237,34.83968412365819],[135.2753588130635,34.83917585764132],[135.2752634702017,34.83812778607991],[135.27666420643823,34.83806335666524],[135.27664057879952,34.837499780523856],[135.27667423326378,34.837478787340395],[135.27664504659882,34.83712563921204],[135.27660321256786,34.837100724848035]]]},"properties":{"code":"28204541004","name":"名塩さくら台四丁目","jinko":639,"addr_key":"28204|名塩さくら台4","addr_key_town":"28204|名塩さくら台4","n":[3,0],"w":[false,false],"neighbors":["282045011","28204541002","28204541003","282045450","282045460"]}},{"type":"Feature","geometry":{"type":"Polygon","coordinates":[[[135.27280406304234,34.836249443374584],[135.2740142575339,34.83611049544583],[135.27449217103091,34.83582008643765],[135.27463004437925,34.83579148337204],[135.2745977236803,34.83588603403704],[135.27477928111375,34.83592780031569],[135.2748711077527,34.83583095530925],[135.27501810085238,34.835770799323264],[135.27535138907388,34.83574856721837],[135.27557407446778,34.83564472221911],[135.2760663507244,34.83578239150475],[135.27621883952241,34.83577719416282],[135.27664296779884,34.83557945454515],[135.2769954354401,34.835568901425056],[135.2772949652542,34.8355076272344],[135.27743453691778,34.83542604731785],[135.27773898650798,34.83538438289343],[135.27785285212553,34.83534032721181],[135.27834692926956,34.83500844010271],[135.27867552128703,34.83499405324741],[135.27882286753388,34.834957553708016],[135.27917650147765,34.83504910363363],[135.27998991199644,34.8347304305602],[135.28010453727484,34.83475305958262],[135.28057840659932,34.834529428135504],[135.2806710080754,34.834225451263606],[135.28062710947796,34.83418839654751],[135.28076088578052,34.83413052075209],[135.28061968515598,34.8341145070107],[135.28117098998248,34.833851464129395],[135.2809345486725,34.83382718030006],[135.28110713648908,34.83372040665198],[135.28102542074527,34.833648012386284],[135.28086663838448,34.833722281230784],[135.2806775215412,34.83372107934085],[135.28032546281904,34.833528177758964],[135.28018726630972,34.8333940358755],[135.2800538329924,34.83319851604976],[135.27982272769557,34.83354286819489],[135.27951048494484,34.833619175620804],[135.27913531101706,34.83357800736301],[135.2789849865462,34.833421421799166],[135.27874875857032,34.83340051227115],[135.2785776510246,34.83327134154212],[135.27865376975572,34.83323553605685],[135.2785905398363,34.83315855921927],[135.27849267062848,34.83320439287032],[135.27817477265006,34.83283902714066],[135.278098724557,34.832597139406744],[135.27788120162623,34.83231486984354],[135.27773765284695,34.83199596694487],[135.2775996384533,34.8315932132612],[135.27764379957242,34.83154871358028],[135.27753341742203,34.83124715868811],[135.27697914329093,34.83153401161574],[135.27686765793365,34.83182334359443],[135.27687622740055,34.83228928867796],[135.27693002291778,34.83240789239849],[135.2770342793816,34.8325098362474],[135.27702383998746,34.832837188710016],[135.2771464550755,34.83307308193489],[135.2773033199459,34.83327941052154],[135.27731627100172,34.83345601053986],[135.2770047287796,34.83355667338013],[135.2773431900552,34.83367398327825],[135.27738954629268,34.83373186491409],[135.277101852656,34.83363972648054],[135.27682931831308,34.83361120729674],[135.27655268832197,34.83370258304643],[135.27649513174038,34.83364359009683],[135.27655824621553,34.833613310583715],[135.27652877663425,34.83352339321114],[135.27666058274886,34.83338264437015],[135.27650881132135,34.83340544164843],[135.27638458584303,34.83334245845624],[135.2761649445722,34.83335317643798],[135.27610179039286,34.833275210899544],[135.27635837267,34.83315603132602],[135.2759997229285,34.833147966110424],[135.27558701377518,34.833192647428625],[135.27478912190026,34.83350173292512],[135.27456964701074,34.83304727845519],[135.27446579623214,34.8330480822978],[135.27462399651228,34.83330468962714],[135.27470543132821,34.83354027054035],[135.2746223613096,34.833573309648465],[135.27459492008802,34.833466263028946],[135.27411999567232,34.83334317051083],[135.2734300176722,34.83299580931836],[135.27333937930362,34.83321187558553],[135.27333898728952,34.83329751775794],[135.27339945586613,34.83342501513925],[135.2735179283087,34.833553051561935],[135.2726175326147,34.83378713723261],[135.27250769126118,34.83371953102915],[135.27237566566527,34.83374393234712],[135.2722379532187,34.833673795028226],[135.2719272712402,34.833632951692834],[135.2719282546342,34.83371949841216],[135.2718708728533,34.83378839622452],[135.27160402554819,34.833877011611065],[135.270912816003,34.83375972966311],[135.2709202253496,34.833735375995225],[135.27065944891078,34.8337644307949],[135.27030693448768,34.83403399595188],[135.27033308114005,34.83411760273026],[135.27031145222495,34.834138474731546],[135.2701404114259,34.834194797266704],[135.27001222977788,34.834362556426036],[135.26992360290967,34.83435781552991],[135.26979722333235,34.83444351324954],[135.2694753356092,34.83443162576048],[135.26890538312387,34.83451531433917],[135.2685023847835,34.83472483642894],[135.2679554990848,34.83472636623715],[135.26756379405768,34.83489255761553],[135.2670077394487,34.83492929608171],[135.26703947465256,34.83483524291119],[135.2671216636946,34.83473911248945],[135.26726634627147,34.8346929275932],[135.2675155598167,34.83469101276422],[135.26759590922782,34.83462095400915],[135.2676232575331,34.834448549719646],[135.26756480145684,34.83440033316113],[135.2671922695868,34.83432840161277],[135.26721709204128,34.83420468147209],[135.2671285673873,34.83420895380368],[135.26672288020828,34.834369826386535],[135.2665421658037,34.83436403015017],[135.26643220410259,34.834308038521364],[135.26636850934486,34.83413640326626],[135.26620854123135,34.834424410982145],[135.2660364480024,34.8346148992733],[135.26591545883088,34.83482267259313],[135.26585137927452,34.83505536312056],[135.26586460491475,34.835417047473],[135.26624223807963,34.83549408435503],[135.26626790760255,34.83544515136837],[135.26738567497188,34.83559946652629],[135.2673953069615,34.83556002330574],[135.26770207860656,34.83561717722353],[135.26814176969916,34.83504946271778],[135.26820712738618,34.83502825450018],[135.26857395200994,34.835078606005126],[135.26898201549395,34.835489225083656],[135.26926280123192,34.83556728062054],[135.26966270951166,34.8358382318266],[135.26991934225885,34.83609859690966],[135.2707601148157,34.836199375015724],[135.27144242209076,34.83611030335054],[135.2715661111257,34.83602821671809],[135.27203881435676,34.836037456382236],[135.27217669499518,34.83612956535817],[135.27280406304234,34.836249443374584]]]},"properties":{"code":"282045450","name":"名塩東久保","jinko":167,"addr_key":"28204|名塩東久保","addr_key_town":"28204|名塩東久保","n":[0,0],"w":[false,false],"neighbors":["282045011","282045180","28204541001","28204541002","28204541004","282045460","282046022"]}},{"type":"Feature","geometry":{"type":"Polygon","coordinates":[[[135.26913410031148,34.84070037367327],[135.26955935627024,34.840696182859055],[135.26953519674763,34.84049445365041],[135.26942860141085,34.84025455466034],[135.26952178977814,34.84017904304178],[135.26956737433085,34.840056078611596],[135.26950703656786,34.83984286730391],[135.26956111607635,34.839212337793256],[135.26949415910158,34.83909298648073],[135.26958731111716,34.83882633565507],[135.26957328064412,34.83879432893142],[135.2696742768432,34.838601706513074],[135.2696515917092,34.83851483379231],[135.26975970753088,34.83831743894252],[135.2697917112569,34.836992033579484],[135.2703269917921,34.8369527644625],[135.27052566071714,34.83663663493167],[135.27006600568396,34.83621198125294],[135.27014218323123,34.83618075781651],[135.27071546847168,34.83626183657729],[135.27088060011465,34.836316553070695],[135.27108683017548,34.836568287819205],[135.27113508475213,34.8368680756437],[135.27121874966107,34.83691701081566],[135.27183048249137,34.8369682085877],[135.27189753378852,34.836998327195175],[135.27198202879399,34.83712747082891],[135.27199048691702,34.83719501557186],[135.2719170442132,34.83730143585339],[135.2723174001518,34.83709994988932],[135.2724729782307,34.83695331536938],[135.2726748350384,34.83669251218344],[135.27277072759827,34.836742900856834],[135.27282294518673,34.83672284794385],[135.27284091676913,34.83662840656398],[135.27274252822554,34.83656923494578],[135.27276035797922,34.83651479735861],[135.27332809328306,34.83631821268178],[135.27334780552513,34.83636911913362],[135.273438431257,34.83638419362853],[135.27349390982144,34.83623051550656],[135.27359330677635,34.83615312199361],[135.27280406304234,34.836249443374584],[135.27217669499518,34.83612956535817],[135.27203881435676,34.836037456382236],[135.2715661111257,34.83602821671809],[135.27144242209076,34.83611030335054],[135.2707601148157,34.836199375015724],[135.26991934225885,34.83609859690966],[135.26966270951166,34.8358382318266],[135.26926280123192,34.83556728062054],[135.26898201549395,34.835489225083656],[135.26857395200994,34.835078606005126],[135.26820712738618,34.83502825450018],[135.26813096046007,34.83506039163334],[135.26770207860656,34.83561717722353],[135.2673953069615,34.83556002330574],[135.26738567497188,34.83559946652629],[135.26626790760255,34.83544515136837],[135.26624223807963,34.83549408435503],[135.26586460491475,34.835417047473],[135.26583572836006,34.835673553535734],[135.26598292298343,34.83566819806999],[135.26606891182877,34.83583255060916],[135.26600126471496,34.836135062054026],[135.2663692160706,34.836186326355474],[135.26646137526757,34.836118008684345],[135.26659964560628,34.836162020597],[135.26662625231654,34.83609779734621],[135.2668693921311,34.836041842079226],[135.2670201250586,34.83602448606302],[135.26734633833965,34.83606339054311],[135.26730959585592,34.836198048635055],[135.26719337595014,34.836359374908625],[135.26717485736447,34.83665517039112],[135.26777494346183,34.83723151463097],[135.26780191180632,34.837651335581015],[135.26790873700358,34.83783679384481],[135.2681367362564,34.8379819511544],[135.26813740568352,34.83871847512117],[135.26818758593,34.83881971623399],[135.26781260228543,34.83897789188161],[135.26755699126184,34.839019578705944],[135.26726926972304,34.83920511307235],[135.26683544177456,34.83922076950724],[135.26681865064765,34.83937499403323],[135.26688573057427,34.83941504486948],[135.26688667641133,34.839588993090146],[135.2668228376476,34.839744564468795],[135.2668196900673,34.840243073216726],[135.26720541026972,34.84009728343417],[135.26736440688472,34.839994504692996],[135.26755918317394,34.839792993886206],[135.26837126542452,34.839673149299706],[135.26836886716114,34.839747961506056],[135.26819160254482,34.840122518341836],[135.26817484317297,34.84028674335264],[135.26830514964655,34.84039574817416],[135.2684644506451,34.84046297707826],[135.26860344808787,34.84047993668141],[135.26913410031148,34.84070037367327]]]},"properties":{"code":"282045460","name":"名塩赤坂","jinko":681,"addr_key":"28204|名塩赤坂","addr_key_town":"28204|名塩赤坂","n":[0,null],"w":[false,false],"neighbors":["282045011","28204541004","282045450","282046022"]}},{"type":"Feature","geometry":{"type":"Polygon","coordinates":[[[135.2710934216721,34.84781819620458],[135.27123906837517,34.84782524138945],[135.27152610933857,34.847630895698885],[135.2720153866206,34.8467278114898],[135.2719104964927,34.84648148665485],[135.27151647120303,34.846125414342374],[135.27134669516764,34.84603960441576],[135.27089281860617,34.84591084294434],[135.27076865434034,34.84580961010578],[135.2707187363759,34.84570949288869],[135.27062418044235,34.84498987637161],[135.2702735739162,34.84503237399199],[135.26986948440512,34.8453147396201],[135.2695497275361,34.84544890619584],[135.27010809805415,34.845474745583566],[135.27007037844544,34.84560561082911],[135.27010648214173,34.84570062308182],[135.27022717026466,34.8465623037754],[135.27047971905534,34.84751086234457],[135.2707281604468,34.84767769299343],[135.27071271161205,34.84782148685548],[135.2710037195153,34.84789269789434],[135.2710934216721,34.84781819620458]]]},"properties":{"code":"282045470","name":"名塩美山","jinko":68,"addr_key":"28204|名塩美山","addr_key_town":"28204|名塩美山","n":[0,0],"w":[false,false],"neighbors":["282045011"]}},{"type":"Feature","geometry":{"type":"Polygon","coordinates":[[[135.33267448463556,34.81563261046988],[135.33271519430477,34.815574245937064],[135.33267164323902,34.81522797520916],[135.3326733296713,34.814681888449805],[135.33262777836958,34.814678741651704],[135.33262285400636,34.81375537464385],[135.33240645054548,34.81366165788966],[135.3318501786012,34.813184804298984],[135.33165250525258,34.81293050433408],[135.33141105577022,34.81273515721466],[135.33130333574275,34.8125263161685],[135.33115251409052,34.812375718355526],[135.33068008651003,34.81221564566135],[135.33045725667768,34.81191394267158],[135.33029227262537,34.811799517802584],[135.3300159628299,34.81178614784594],[135.3298809374127,34.81173429513396],[135.32972712800398,34.81158357926143],[135.32965697194487,34.81139470977666],[135.32945248747055,34.8115810410977],[135.3294941392522,34.81164337681571],[135.32948305230258,34.811694033722695],[135.32958196167846,34.81168941934706],[135.3298541595479,34.81201325655555],[135.33004833659868,34.81231153242688],[135.32970944976373,34.813043347019295],[135.32959618595658,34.813012302690446],[135.32960947358424,34.81323642618274],[135.3294954859389,34.81388202823401],[135.3296936275142,34.8140695653885],[135.3298452426721,34.81413015510498],[135.3298349852094,34.813980375375955],[135.32986667070617,34.813924058134766],[135.33011737750877,34.8137750975057],[135.33044732494176,34.81375365840077],[135.33063045127275,34.813899062280036],[135.3302982241056,34.81413545569272],[135.33031921461395,34.81426880879208],[135.33025327565207,34.814437524250906],[135.33018862090577,34.81444340614118],[135.33026452375864,34.814562928827286],[135.3302099018776,34.81460070182389],[135.3303145979022,34.81469336727626],[135.33027098631982,34.8148297848811],[135.33033076150582,34.81495746816707],[135.33033208053104,34.815066897868775],[135.33038834432566,34.81516531213728],[135.33051926991902,34.81528705889927],[135.3305854046996,34.81540398530005],[135.3311453153449,34.815388826021255],[135.33122494510937,34.81554831859699],[135.33133619637997,34.81564614066147],[135.33156361487758,34.81571103540553],[135.3316192947958,34.81562649225775],[135.33213390732453,34.81588396244977],[135.3321305024055,34.81615343497982],[135.33245361272802,34.81622965524482],[135.33267239764902,34.816237293695366],[135.33267448463556,34.81563261046988]]]},"properties":{"code":"28204551001","name":"宝生ケ丘一丁目","jinko":634,"addr_key":"28204|宝生ケ丘1","addr_key_town":"28204|宝生ケ丘1","n":[0,null],"w":[false,false],"neighbors":["282045020","28204551002","282045600"]}},{"type":"Feature","geometry":{"type":"Polygon","coordinates":[[[135.33008831126608,34.81538806099744],[135.33011627317998,34.81529177299073],[135.329977538097,34.81506050840479],[135.32995549870307,34.81484716137929],[135.32988605295756,34.81472490997761],[135.3298452426721,34.81413015510498],[135.3296936275142,34.81406956538852],[135.3297035436426,34.81416272700789],[135.32961901835924,34.81417792664981],[135.32929859171063,34.813947727871835],[135.3291721696771,34.81371002356395],[135.32928754564264,34.813618934802086],[135.3292854074822,34.81344134110308],[135.32918469115592,34.81328201965627],[135.32926449670805,34.813023753316216],[135.32925970230596,34.81291604216267],[135.32916584634455,34.81274511590082],[135.32921094201015,34.81267488518326],[135.32917560800348,34.81237840353237],[135.32736994950452,34.81293883096805],[135.3267470574996,34.814164525185944],[135.3274568310398,34.81441323940539],[135.32744715945952,34.814567829421726],[135.32812829945252,34.81476381452724],[135.32817718057797,34.81467467875796],[135.32825431919485,34.81485433491148],[135.32832533254546,34.814837697421346],[135.32854300991426,34.8153071975757],[135.32865059606866,34.81537040273753],[135.3290706856795,34.815302876560054],[135.32971728973166,34.81549518973674],[135.33008831126608,34.81538806099744]]]},"properties":{"code":"28204551002","name":"宝生ケ丘二丁目","jinko":481,"addr_key":"28204|宝生ケ丘2","addr_key_town":"28204|宝生ケ丘2","n":[0,0],"w":[false,false],"neighbors":["282045020","28204551001"]}},{"type":"Feature","geometry":{"type":"Polygon","coordinates":[[[135.32482996020835,34.81752221623205],[135.32474450137153,34.81725407458325],[135.3247688416557,34.81712570221252],[135.3249422178125,34.817006819783714],[135.325197360386,34.81694867932884],[135.32526388841345,34.816827851317555],[135.32528064060082,34.81674362676792],[135.32522916284404,34.81649586904819],[135.32524859291811,34.81622865937541],[135.3252129306248,34.815953871902266],[135.3253906230082,34.81565353815673],[135.3252063800639,34.81513685529132],[135.32524379199768,34.81501654602839],[135.3252154985005,34.81482184078227],[135.32518554891553,34.81475264619173],[135.32506605050818,34.814642772293986],[135.32551830250685,34.81469387324171],[135.3258883588936,34.81477620688582],[135.32603145655773,34.81456151029909],[135.3259354523868,34.814331722985905],[135.32638647804143,34.81419550084966],[135.32606306800665,34.81395785192199],[135.32563186291102,34.813902637800254],[135.32583643272113,34.81377237266962],[135.32580722845518,34.81367950883205],[135.32583499116785,34.81340983659533],[135.32567873264773,34.813182654283466],[135.3256838581693,34.81311880694633],[135.3257552411709,34.81311146351496],[135.32609901367763,34.812911326483814],[135.3263273152618,34.81281635991284],[135.32642664851957,34.81256230133696],[135.32635824802918,34.812455250785185],[135.32608329171705,34.812483693570584],[135.3259576295013,34.81230119280187],[135.32576843104505,34.812125266466055],[135.32546525032342,34.812156756277936],[135.3241172898991,34.81173561999867],[135.3233987688618,34.81215190890138],[135.32315831800685,34.812402184927244],[135.32298171764276,34.812693773112734],[135.32294422778088,34.81280760391117],[135.3229375382431,34.81328359051599],[135.3227258349065,34.8156459592549],[135.3226427919661,34.81564226876338],[135.3226364834942,34.81570063143957],[135.3225941325766,34.81570097609617],[135.32255346823445,34.816134985164254],[135.3232360822528,34.816404507010745],[135.32334996449208,34.81638019901334],[135.32358187505662,34.816392958378124],[135.3236459943091,34.81644187432253],[135.32364145514862,34.817389549164055],[135.32360437954137,34.8175383075243],[135.32393586573647,34.817515182595514],[135.32395562897653,34.81768960487671],[135.3244882530784,34.817662023592106],[135.32449425248973,34.81754288563134],[135.32482996020835,34.81752221623205]]]},"properties":{"code":"282045530","name":"生瀬高台","jinko":918,"addr_key":"28204|生瀬高台","addr_key_town":"28204|生瀬高台","n":[0,0],"w":[false,false],"neighbors":["282045020","28204561002"]}},{"type":"Feature","geometry":{"type":"Polygon","coordinates":[[[135.33139105153597,34.82306977440682],[135.33143636679011,34.82287629919278],[135.33140778391865,34.82280786899345],[135.33127946452674,34.82269765253313],[135.3310096308424,34.822693318586325],[135.33099100813718,34.822636215310055],[135.33088396841114,34.822640333305124],[135.33057363716972,34.82257097693322],[135.3297614227702,34.82267242879459],[135.329302887066,34.82248646415743],[135.32888634567126,34.822489876432904],[135.328720632895,34.822734971408096],[135.32827657301118,34.822758255228756],[135.32732747406374,34.82302454662323],[135.32731210317826,34.82306713865603],[135.32719712201842,34.8230713887255],[135.32709655611168,34.82296101054925],[135.32705307728122,34.82297439446417],[135.3269788966418,34.822742741871075],[135.32656354939007,34.82268226217876],[135.32653693856642,34.8227774108459],[135.3264776939349,34.82280078220555],[135.32610879285508,34.822810346182166],[135.3260641751881,34.822728947585034],[135.32600044764953,34.82271305919407],[135.3257339642479,34.82265347367344],[135.32559137722083,34.82267717341492],[135.3253608092567,34.8226429981683],[135.3251782880649,34.82296843850158],[135.32511829167865,34.8232634410633],[135.3251555604117,34.823393985523225],[135.32524004253682,34.823488158029264],[135.3253438994855,34.8235462549871],[135.3261180425837,34.823715009099146],[135.326345971847,34.82379983960413],[135.32675827058046,34.82402542059103],[135.32771334362343,34.82442501633785],[135.32819885466256,34.82454541342857],[135.32844499245996,34.824553258930415],[135.32876760182467,34.82449329143159],[135.33120281843952,34.82330963585225],[135.33139105153597,34.82306977440682]]]},"properties":{"code":"282045540","name":"花の峯","jinko":397,"addr_key":"28204|花の峯","addr_key_town":"28204|花の峯","n":[0,0],"w":[false,false],"neighbors":["282045020"]}},{"type":"Feature","geometry":{"type":"Polygon","coordinates":[[[135.32087495312575,34.821783946255636],[135.32088244746348,34.82119591346869],[135.32116360725894,34.82099116047087],[135.32119479220862,34.82077104249165],[135.3212772170186,34.82075811931755],[135.32161498675433,34.82104509680558],[135.3217593700503,34.82108575512004],[135.32184269471995,34.821033596943266],[135.32241038463206,34.82119391095153],[135.3227197859338,34.821229775452046],[135.3227616801351,34.82119105185865],[135.32344936593756,34.82163025030472],[135.32355596850252,34.821076411688445],[135.32314102488579,34.82070633464183],[135.32276943291177,34.82042660682012],[135.3223536741308,34.82016646428052],[135.3220534485432,34.81984080168135],[135.32191710082427,34.81976507644744],[135.32178543113974,34.819544519359546],[135.32174486689624,34.819630204779536],[135.32086958897582,34.819412452011086],[135.31986238385954,34.81871546693999],[135.3196755307302,34.81865768507166],[135.3193281790085,34.81863254405188],[135.3186051408132,34.818870527338795],[135.31828547729435,34.81904065920963],[135.31813493046045,34.8191920252167],[135.31766456415994,34.820038677974765],[135.31775482636257,34.82015316076836],[135.31761938071583,34.82086286723746],[135.3176328943869,34.820929026592836],[135.3177265133328,34.82097369321015],[135.3178782231829,34.8209200686527],[135.31825463250618,34.82089603198677],[135.31861703180854,34.82075696512236],[135.31910708718738,34.82103926619219],[135.31926585773556,34.82121946051581],[135.3193676078208,34.821408851997774],[135.32002022563904,34.821772929604364],[135.32044541611126,34.82175743473306],[135.32062348242587,34.822043882031466],[135.32092361247712,34.82182531121982],[135.32087495312575,34.821783946255636]]]},"properties":{"code":"28204555001","name":"青葉台一丁目","jinko":562,"addr_key":"28204|青葉台1","addr_key_town":"28204|青葉台1","n":[0,0],"w":[false,false],"neighbors":["282045020","28204555002"]}},{"type":"Feature","geometry":{"type":"Polygon","coordinates":[[[135.32409990460724,34.82372816432085],[135.32375351875677,34.823251047083474],[135.32364076944282,34.82302858007188],[135.32347587214744,34.82304386673471],[135.32285843813145,34.82273128268269],[135.32267379599924,34.82242390542637],[135.32203465273258,34.8218526869798],[135.32175220395,34.8216715998784],[135.32153208604015,34.8216181774902],[135.32126219672944,34.82161572485545],[135.3211738696539,34.82183539072344],[135.32113055709476,34.82186278563091],[135.32092361247712,34.82182531121982],[135.32062348242587,34.822043882031466],[135.32044541611126,34.82175743473306],[135.32002022563904,34.821772929604364],[135.3193676078208,34.821408851997774],[135.31957170405076,34.82273180476934],[135.31967640398096,34.82298927028178],[135.32009675513515,34.823633336839585],[135.3202631133109,34.82374015702766],[135.32083261955387,34.82440836147401],[135.32110060884764,34.82439364667798],[135.32193572989974,34.82362007705886],[135.32262691200683,34.82407868779591],[135.32280762929324,34.82432151893971],[135.32309546474607,34.82450241804019],[135.3232625395606,34.82466866739791],[135.32367734462622,34.824668669494464],[135.3241761002738,34.82460530861084],[135.3242687596775,34.824569693493864],[135.3243690415503,34.8244640850831],[135.32411551565727,34.82396888787968],[135.32409990460724,34.82372816432085]]]},"properties":{"code":"28204555002","name":"青葉台二丁目","jinko":406,"addr_key":"28204|青葉台2","addr_key_town":"28204|青葉台2","n":[0,0],"w":[false,false],"neighbors":["282045020","28204555001"]}},{"type":"Feature","geometry":{"type":"Polygon","coordinates":[[[135.33549561696046,34.81767578131692],[135.3358424533728,34.81748946454465],[135.3364637777717,34.8172280631851],[135.33661102831857,34.817258538745556],[135.33670339386097,34.81724200115444],[135.33683417192978,34.817097396879696],[135.33709345281946,34.81689510886081],[135.33713338298833,34.816765761426375],[135.33732878421563,34.81655625434385],[135.33740745535468,34.81633306306602],[135.33761420131438,34.81601021922817],[135.3376973486077,34.815762060499],[135.33777871299228,34.815627159022974],[135.33776204959918,34.815436446363506],[135.33774876186743,34.81539697761068],[135.33743440107963,34.81526802215677],[135.3372451369092,34.81504014259837],[135.336557259461,34.814671023241324],[135.33631041887276,34.81444798372773],[135.33615160039054,34.81425182387898],[135.33595903264217,34.81416650926838],[135.33576291385518,34.81392206311325],[135.33545627471239,34.8136403583768],[135.33504415094862,34.813877987660995],[135.3348836744089,34.814066216859366],[135.33446686455028,34.81393809722733],[135.33459391678318,34.81357687491705],[135.3341668468683,34.813427692831155],[135.33386550187225,34.81394163863468],[135.33358596117515,34.814713962176945],[135.33365141221034,34.81670108623159],[135.33362257936344,34.81682372025797],[135.33401102581516,34.8174577245382],[135.33391376849457,34.81764895268707],[135.33354048003287,34.81755498112654],[135.3335288162964,34.817649798107546],[135.33339835705652,34.81794834482413],[135.33388869743393,34.81796937991373],[135.33443617923,34.81810438255542],[135.33442866136787,34.81801232941888],[135.33454853053237,34.81789021193432],[135.33480864651168,34.81775644609278],[135.33549561696046,34.81767578131692]]]},"properties":{"code":"282045590","name":"生瀬東町","jinko":1323,"addr_key":"28204|生瀬東町","addr_key_town":"28204|生瀬東町","n":[11,3],"w":[false,false],"neighbors":["282045020"]}},{"type":"Feature","geometry":{"type":"Polygon","coordinates":[[[135.3322170765534,34.818965975187055],[135.332555676984,34.81727729751885],[135.33259255376268,34.81690148995679],[135.33258547877992,34.81628068497907],[135.33265778598303,34.816250654190036],[135.3321305024055,34.81615343497982],[135.33213390732453,34.81588396244977],[135.3316192947958,34.81562649225775],[135.33156361487758,34.81571103540553],[135.33133619637997,34.81564614066147],[135.33122494510937,34.81554831859699],[135.33120376748184,34.81570384866421],[135.3308297661699,34.81595354641547],[135.3308163286059,34.816043095448684],[135.3309460290919,34.816204852897705],[135.33102143016552,34.81638888749949],[135.33083202449566,34.81638861032063],[135.33042402218936,34.816283222014675],[135.3297612027468,34.81582300947994],[135.32967218157643,34.81578401905976],[135.32952995003674,34.81580110126244],[135.3295123487383,34.81595617987167],[135.32969316135382,34.81617893024738],[135.329762672622,34.81630653397809],[135.3298303874718,34.81655429580998],[135.33033504221143,34.817324546777016],[135.3304910117658,34.8174339754577],[135.33052214347447,34.817416535889556],[135.33157067619752,34.817923368016444],[135.33186233667254,34.81783435057427],[135.3319394874116,34.81789406951336],[135.3319529704822,34.817956989848945],[135.33192156475138,34.817993937990856],[135.33176063851892,34.81806822046716],[135.33170354221,34.8182409475009],[135.33170901793673,34.81869450790774],[135.33179953797338,34.819125818604086],[135.33200337912697,34.81913991888728],[135.3322170765534,34.818965975187055]]]},"properties":{"code":"282045600","name":"生瀬武庫川町","jinko":1953,"addr_key":"28204|生瀬武庫川町","addr_key_town":"28204|生瀬武庫川町","n":[12,null],"w":[false,false],"neighbors":["282045020","28204551001","28204561001","28204561002"]}},{"type":"Feature","geometry":{"type":"Polygon","coordinates":[[[135.33188119300488,34.819834253937096],[135.3322170765534,34.818965975187055],[135.33200337912697,34.81913991888728],[135.33192855513343,34.81928701683335],[135.33186241252386,34.81929044824244],[135.33176279868633,34.81940028389636],[135.33161241983635,34.81963413080994],[135.33158583141957,34.81973766235739],[135.33156522218982,34.81947366900091],[135.3314802574864,34.81935379994058],[135.33041575650248,34.8192807750042],[135.3282305480007,34.81922544154705],[135.32741331813827,34.81915607007572],[135.3266911037,34.81916908796998],[135.32566152747913,34.81925214937914],[135.32524229532692,34.81912929999069],[135.3247487947783,34.81890937622646],[135.32414005381503,34.818806660803766],[135.32364264987484,34.81855232580699],[135.32355220937396,34.818558836987286],[135.32300678614703,34.81835939934769],[135.32239477454937,34.81808958363734],[135.32221294130736,34.81850220361888],[135.32374250644904,34.819332453326915],[135.32379085487847,34.819590378375615],[135.32564576353394,34.82083422208438],[135.32584731148057,34.82094884718909],[135.32630212983096,34.8211318272394],[135.3265954373574,34.821206825694446],[135.32705014294254,34.82123909566615],[135.32819562359313,34.82109901745513],[135.33017088218674,34.82091346298083],[135.3302192293886,34.820878628921996],[135.33026475226205,34.82075909804486],[135.33099411383486,34.82061536244185],[135.33119158929773,34.82053331656662],[135.33163172036132,34.82022103068357],[135.33174173120614,34.82010244937775],[135.33188119300488,34.819834253937096]]]},"properties":{"code":"28204561001","name":"生瀬町一丁目","jinko":522,"addr_key":"28204|生瀬町1","addr_key_town":"28204|生瀬町1","n":[3,0],"w":[false,false],"neighbors":["282045020","282045600","28204561002"]}},{"type":"Feature","geometry":{"type":"Polygon","coordinates":[[[135.33179953797338,34.819125818604086],[135.33170901793673,34.81869450790774],[135.33170354221,34.8182409475009],[135.33176063851892,34.81806822046716],[135.3319529704822,34.817956989848945],[135.33190706900825,34.817847151376874],[135.33186233667254,34.81783435057427],[135.33157067619752,34.817923368016444],[135.33052214347447,34.817416535889556],[135.3304910117658,34.817433975457675],[135.33033504221143,34.817324546777016],[135.33004715456838,34.81743620691474],[135.3299914824998,34.8174366634208],[135.32998341022682,34.81734771281837],[135.32952813562363,34.81740891157362],[135.32957013359427,34.81742870991953],[135.32958470944416,34.81748309861342],[135.32915120266358,34.817621584212695],[135.32921920753702,34.81777314439812],[135.32891741142217,34.81786470571176],[135.32893724674545,34.81792341774669],[135.3287253045846,34.81795959133016],[135.32831956308016,34.818092071365896],[135.32799052718065,34.8180846954221],[135.3277785155332,34.81811516355623],[135.32776026787317,34.8180464368929],[135.32763198693087,34.81808762904412],[135.3273350011124,34.81828816255347],[135.3271994407635,34.818306524654595],[135.32700246366943,34.81828088027919],[135.3270074659317,34.81841288640069],[135.3266177219281,34.81842755200035],[135.32660658215892,34.81836735941267],[135.3262732014741,34.818439029911225],[135.32607770860358,34.81839463836247],[135.32610759824553,34.81827375650524],[135.32574681678193,34.8182322648477],[135.32585582086767,34.818036156574486],[135.32575440863693,34.81799677318706],[135.3257920583617,34.81793906952445],[135.32574645826708,34.817910638103136],[135.32588312507806,34.81769993783082],[135.32565900733186,34.817589792284856],[135.32548351989863,34.81776066705598],[135.32533750947397,34.81777622604578],[135.32504413008144,34.81770115224299],[135.32497049093377,34.81765576451519],[135.32490281673998,34.81752420010701],[135.3244942524897,34.81754288563132],[135.3244882530784,34.817662023592106],[135.32395562897653,34.81768960487671],[135.32393586573647,34.817515182595514],[135.3233598854849,34.81753968356657],[135.32329093706878,34.81708521035843],[135.32316198688704,34.81707766977275],[135.32313824122375,34.817419423028355],[135.3230061803829,34.81773065039513],[135.32285502131822,34.81790125421305],[135.32262546820283,34.81791467200025],[135.32251496246667,34.81799303941165],[135.3224485643189,34.817967732716106],[135.32239477454937,34.81808958363734],[135.32300678614703,34.81835939934769],[135.32355220937396,34.818558836987286],[135.32364264987484,34.81855232580699],[135.32414005381503,34.818806660803766],[135.3247487947783,34.818909376226415],[135.32524229532692,34.81912929999069],[135.32574876249444,34.819262986185194],[135.32646145900017,34.8191825146091],[135.32741331813827,34.81915607007572],[135.3282305480007,34.81922544154705],[135.33041575650248,34.8192807750042],[135.3314802574864,34.81935379994058],[135.33156522218982,34.81947366900091],[135.33158583141957,34.81973766235739],[135.33161241983635,34.81963413080994],[135.33176279868633,34.81940028389636],[135.33186241252386,34.81929044824244],[135.33192855513343,34.81928701683335],[135.33200036328253,34.819180086229004],[135.33200337912697,34.81913991888728],[135.33179953797338,34.819125818604086]]]},"properties":{"code":"28204561002","name":"生瀬町二丁目","jinko":710,"addr_key":"28204|生瀬町2","addr_key_town":"28204|生瀬町2","n":[null,0],"w":[false,false],"neighbors":["282045020","282045530","282045600","28204561001"]}},{"type":"Feature","geometry":{"type":"MultiPolygon","coordinates":[[[[135.23472340006344,34.83983784496758],[135.23503894245383,34.839893533721714],[135.23516413139274,34.83988246246087],[135.23538927895348,34.839779938648064],[135.2356373390478,34.839538644022554],[135.23575026072766,34.839382795201224],[135.2359170060339,34.83897822092372],[135.23603136943672,34.83881355690676],[135.23632501211145,34.838546709316276],[135.23702453981912,34.83845833103689],[135.2371038934391,34.83817772295252],[135.23655887410246,34.83789901468909],[135.23619097400882,34.83792083676854],[135.23592816279938,34.837843983124785],[135.23545533134558,34.83804180515109],[135.23508373155943,34.838131541789124],[135.23498932114538,34.838238306414674],[135.23486488748802,34.838318039241706],[135.23450365634324,34.83845009612143],[135.23434608551338,34.8381937858368],[135.23430029894985,34.838052848378936],[135.23424626782813,34.837488444766244],[135.23280138477162,34.837590314935916],[135.2327923523094,34.83768950869558],[135.23284457210605,34.83796632263791],[135.23279293300266,34.838494063794975],[135.23282828454884,34.838978340133984],[135.2329271863107,34.83952524761737],[135.23303852477778,34.839959379200806],[135.2334144105027,34.84033971252193],[135.2331538202819,34.840529053195255],[135.2328917948667,34.84053987202284],[135.2328533801994,34.84130914923131],[135.23298066929354,34.84167034106336],[135.2331678750364,34.84204305979305],[135.23342619402234,34.84241975714812],[135.23352961062386,34.84262857969522],[135.23355095826938,34.842831250808636],[135.23344741605877,34.84311147427079],[135.23341405044692,34.843310044527996],[135.23343204949987,34.84345639894488],[135.23324456422554,34.843809363250315],[135.2332416079275,34.844039258940455],[135.2334112376337,34.844554087613396],[135.23313020468728,34.84485140557875],[135.23298105412718,34.8452108447489],[135.23295596706888,34.84544034040861],[135.23406785464886,34.845608423440154],[135.23430237369573,34.84555709863493],[135.23462663318233,34.84538531062892],[135.23473397505245,34.845140061804805],[135.2347721913635,34.84472130188545],[135.23466985563158,34.844588463706465],[135.23455586118698,34.8445060679265],[135.23447454700488,34.84434292935247],[135.2344905220524,34.843983563686685],[135.2344521160338,34.84382257186108],[135.2345565159461,34.8435898092372],[135.2345472902681,34.84348022270237],[135.234478240139,34.84339143558749],[135.23436128408014,34.84306953902013],[135.23428686661305,34.84297424137667],[135.2342447537223,34.84275531556597],[135.23413894084058,34.8425511175227],[135.23372105930508,34.841925031531474],[135.23360354799826,34.84185136171818],[135.23345497120974,34.841683580188025],[135.23369568034093,34.84161376045167],[135.2338415652816,34.84152689629801],[135.23389145758662,34.84134003486897],[135.23396385986902,34.84125125253029],[135.23413329003156,34.841091251831145],[135.23458727494383,34.84080933859609],[135.2346524261217,34.840619829055356],[135.23465219635344,34.840317276907236],[135.2348014813386,34.84026827773757],[135.23471657517962,34.84004959826997],[135.23472340006344,34.83983784496758]]],[[[135.2441319376767,34.847759970594964],[135.2447561731572,34.84784768897973],[135.24498217193582,34.84776711466325],[135.24557719063372,34.84743811898456],[135.24578285549845,34.847249519480606],[135.24617791817548,34.84663805945909],[135.24647280556152,34.84636089458791],[135.24717634037174,34.84595895613899],[135.24762810986542,34.84553186776976],[135.2478125518796,34.84540202074543],[135.24804493673884,34.845404779608195],[135.24837437026633,34.845285108849154],[135.2487047294565,34.84524881628141],[135.24882296765125,34.84506537772057],[135.24896417427593,34.844980927906754],[135.24917506707726,34.845017651614505],[135.2493550913026,34.84498248980285],[135.24958110568818,34.84490416106993],[135.24984456005154,34.84475117912588],[135.25019555488254,34.84460429725123],[135.25031020394832,34.84458991033622],[135.25049441466226,34.84468542811504],[135.2506588153678,34.84472024612703],[135.2508637645528,34.8447141918128],[135.25120224524514,34.84441034887126],[135.2513862939641,34.844153589961344],[135.2514484652326,34.84399902626171],[135.2514601270299,34.84371927137108],[135.2514276805015,34.84345182285277],[135.25129221212657,34.842992746101125],[135.25138408174308,34.84219129465961],[135.25122349940168,34.84190058713945],[135.25091973782997,34.84156243590258],[135.25090392134766,34.84146114023383],[135.25093772873697,34.8411831922859],[135.25080988097085,34.840963156749325],[135.250374884463,34.84075973590446],[135.2503003662416,34.840695365597156],[135.250230261024,34.84058243600035],[135.25013667922175,34.84012501367939],[135.2500364318992,34.83995139308445],[135.24988712574196,34.83979032589247],[135.249601958129,34.83957154707893],[135.24938475809918,34.839496208746816],[135.24930037508366,34.83942789630962],[135.2492642475182,34.839274073642855],[135.24928316148606,34.83920096910838],[135.2495683072246,34.839202833203615],[135.2496019189011,34.839129687076856],[135.2495952000638,34.83896345931625],[135.2494992845818,34.838741211002706],[135.24997959458912,34.83860377662465],[135.25031217032998,34.83843907174695],[135.25129225787956,34.837918817888],[135.25151156365996,34.83773876875181],[135.25217129969533,34.837377065899744],[135.2525557102718,34.83701328847296],[135.25211340804813,34.83681197287925],[135.25327877266145,34.83659433526783],[135.25354930770362,34.83660439878731],[135.2542644234445,34.836797653615335],[135.25428965501882,34.83685422786118],[135.25482786306966,34.83706093490156],[135.25507778722277,34.837198907901715],[135.25552855812393,34.83749959135017],[135.25588839042217,34.83757390649681],[135.25613414960628,34.83778895621533],[135.25629710530828,34.8378484964695],[135.25642505352678,34.83785562391545],[135.25662976212433,34.83769997221754],[135.25725777709638,34.83647694313581],[135.25737409150324,34.83633013272814],[135.2574809848695,34.83621170455241],[135.2579891346225,34.83592401466715],[135.2584120326169,34.835491045349286],[135.25787365632448,34.835276186199415],[135.25742739802234,34.83516415277705],[135.25716651165416,34.83513768591656],[135.25678785757947,34.83512845229663],[135.25647357906647,34.83516323923161],[135.25582612169444,34.83530605650826],[135.2551811692245,34.83522982260665],[135.25428022195965,34.83538941559835],[135.2542590342734,34.83548484592596],[135.25448128359739,34.83565861159071],[135.25454062986478,34.83582330737523],[135.25452324717773,34.836078959089534],[135.25435369126325,34.83656915901371],[135.25386131109212,34.83643586896002],[135.25388877786952,34.8363853342718],[135.2534153830817,34.83626010990451],[135.25185295919783,34.836656890565976],[135.25170923808733,34.83657522536453],[135.25115345315058,34.83685979686716],[135.25059127387692,34.836953979861526],[135.2502118566927,34.83685380912055],[135.2498314121144,34.83665349867688],[135.24947892532944,34.836793560822066],[135.24929981545424,34.83690935635061],[135.2491726018015,34.83702194264852],[135.2490616237458,34.83718152157989],[135.24880141848195,34.83718637111875],[135.24872385584428,34.83707821624675],[135.24837862153484,34.837241109679915],[135.24861472272903,34.83756547780527],[135.2485942018519,34.83759429708645],[135.24834846521335,34.83765622224471],[135.2480524697177,34.83756112198585],[135.24795432235325,34.83747608035394],[135.24785710646395,34.83715911643428],[135.24770577257524,34.836968552796385],[135.2475733646596,34.83692095541057],[135.24725391901168,34.83690610434649],[135.24706262409302,34.836708729070956],[135.24678556601881,34.83676511228794],[135.24665556846995,34.836934975109926],[135.24645927625187,34.83706526204459],[135.24601811078983,34.83703421082508],[135.2456473767675,34.8370543926466],[135.2453630354221,34.8371627334057],[135.24503257405195,34.83724071309508],[135.24473002348336,34.83762610750713],[135.24475166419901,34.83776792588707],[135.24495152676246,34.837782623060875],[135.24512642903264,34.83774151899129],[135.24551481826472,34.83757964786971],[135.24582087932205,34.837512203590805],[135.24586030217722,34.83790228256359],[135.24563658278709,34.83789311914441],[135.24548794504864,34.83793036497469],[135.2451745598225,34.838131534391],[135.24472169332086,34.8380084472303],[135.2441075999821,34.83796601068402],[135.2439843494521,34.83791995982651],[135.2435934118827,34.83764998627587],[135.2433072980045,34.83754374497754],[135.24327790926168,34.837659606350734],[135.24339044367915,34.83792624457903],[135.24325103750303,34.838003138733626],[135.2429021976674,34.837778063253694],[135.24275712051374,34.83773576700155],[135.2425159334603,34.83773038868981],[135.24240507998925,34.83761557875804],[135.24245269661134,34.83755733014367],[135.2423996083865,34.83751434463247],[135.24233189260838,34.83733779930953],[135.24208127865637,34.83726741675046],[135.24204213860702,34.83729665463985],[135.24228535938767,34.837486395379756],[135.24231713295228,34.83758729119119],[135.24230573168992,34.83774639955927],[135.24209989111344,34.83776244949866],[135.2418814466075,34.837829088993544],[135.24093197839036,34.83779097564176],[135.2406522665277,34.83826661655825],[135.2404656376127,34.83843788144142],[135.2400095328196,34.838415934636714],[135.2399229772114,34.8385141932678],[135.2398080017609,34.8384283550634],[135.23915371490727,34.83828808885119],[135.23859378800748,34.84052620685272],[135.23815368840087,34.84277286490383],[135.23741216008332,34.845997667864154],[135.23728514763036,34.84638821423586],[135.23714328871895,34.84662449449293],[135.2379700119288,34.84698117807337],[135.23844993560002,34.84712183665901],[135.23948276416516,34.8475761357795],[135.24002576051075,34.84773434737139],[135.24022756037263,34.84769002141337],[135.24103592432422,34.84761862743598],[135.24155335456538,34.84768913066917],[135.24204399858985,34.847809412750124],[135.24215340895853,34.847815355229564],[135.2424094528777,34.8477323074369],[135.24309767436904,34.84792097026583],[135.2433221863817,34.84795309362938],[135.24350366132154,34.84804864172048],[135.24394363258466,34.84778842635392],[135.2441319376767,34.847759970594964]]]]},"properties":{"code":"28204601000","name":"山口町名来","jinko":54,"addr_key":"28204|山口町名来","addr_key_town":"28204|山口町名来","n":[0,null],"w":[false,false],"neighbors":["28204601001","28204601002","28204602101","28204602102","282046022","28204621002","28204621003"]}},{"type":"Feature","geometry":{"type":"Polygon","coordinates":[[[135.23379439862572,34.84197100790016],[135.23372105930508,34.841925031531474],[135.23413894084058,34.8425511175227],[135.2342447537223,34.84275531556597],[135.23428686661305,34.84297424137667],[135.23436128408014,34.84306953902013],[135.234478240139,34.84339143558749],[135.2345472902681,34.84348022270237],[135.2345565159461,34.8435898092372],[135.2344521160338,34.84382257186108],[135.2344905220524,34.843983563686685],[135.23447454700488,34.84434292935247],[135.23455586118698,34.8445060679265],[135.23466985563158,34.844588463706465],[135.2347721913635,34.84472130188545],[135.23473397505245,34.845140061804805],[135.2346597912077,34.84533970918806],[135.23454464609276,34.84544134532306],[135.23430237369573,34.84555709863493],[135.2345657197412,34.84571270695091],[135.2345464529669,34.84578019679336],[135.23477117551033,34.845835556118665],[135.2350562753004,34.8460067317369],[135.23603195945563,34.84623837045162],[135.23714328871895,34.84662449449291],[135.23728514763036,34.84638821423586],[135.23741216008332,34.845997667864154],[135.23815368840087,34.84277286490383],[135.23430757230474,34.84221164534368],[135.23414952175256,34.84201365235936],[135.23379439862572,34.84197100790016]]]},"properties":{"code":"28204601001","name":"山口町名来一丁目","jinko":694,"addr_key":"28204|山口町名来1","addr_key_town":"28204|山口町名来1","n":[0,4],"w":[false,false],"neighbors":["28204601000","28204601002"]}},{"type":"Feature","geometry":{"type":"Polygon","coordinates":[[[135.23859378800748,34.84052620685272],[135.23916566265777,34.83824067281054],[135.23848130327823,34.838247677424796],[135.23846279760335,34.83835923161441],[135.23702453981912,34.83845833103689],[135.23632501211145,34.838546709316276],[135.23603136943672,34.83881355690676],[135.2359170060339,34.83897822092372],[135.23575026072766,34.839382795201224],[135.2356373390478,34.839538644022554],[135.23538927895348,34.839779938648064],[135.23516413139274,34.83988246246087],[135.23503894245383,34.839893533721714],[135.23472340006344,34.83983784496758],[135.23471657517962,34.84004959826997],[135.2348014813386,34.84026827773757],[135.23465219635344,34.840317276907236],[135.2346524261217,34.840619829055356],[135.23458727494383,34.84080933859609],[135.23413329003156,34.841091251831145],[135.23396385986902,34.84125125253029],[135.23389145758662,34.84134003486897],[135.2338415652816,34.84152689629801],[135.23369568034093,34.84161376045167],[135.23345497120974,34.841683580188025],[135.23360354799826,34.84185136171818],[135.23379439862572,34.84197100790016],[135.23414952175256,34.84201365235936],[135.23430757230474,34.84221164534368],[135.23815368840087,34.84277286490383],[135.23859378800748,34.84052620685272]]]},"properties":{"code":"28204601002","name":"山口町名来二丁目","jinko":928,"addr_key":"28204|山口町名来2","addr_key_town":"28204|山口町名来2","n":[3,4],"w":[false,false],"neighbors":["28204601000","28204601001","282046022"]}},{"type":"Feature","geometry":{"type":"Polygon","coordinates":[[[135.23915751071604,34.837887260269],[135.2397173096959,34.83532919852917],[135.23984988962977,34.83488022600323],[135.2377941173371,34.83460131492616],[135.23772618518166,34.83480112854309],[135.23735855442703,34.83512705306974],[135.2372519220456,34.835279475280835],[135.2370055398674,34.836639133169335],[135.23655887410246,34.83789901468909],[135.23727632049673,34.83782479714533],[135.23843094570873,34.83777640449032],[135.23854433449432,34.83790486245375],[135.23915751071604,34.837887260269]]]},"properties":{"code":"28204602101","name":"山口町下山口一丁目","jinko":445,"addr_key":"28204|山口町下山口1","addr_key_town":"28204|山口町下山口1","n":[3,7],"w":[false,false],"neighbors":["28204601000","28204602102","28204602103","282046022"]}},{"type":"Feature","geometry":{"type":"Polygon","coordinates":[[[135.2365793990408,34.83445401028591],[135.23559195434356,34.834376206054365],[135.2354580576801,34.834394244719256],[135.23531410035022,34.8344378523997],[135.23521520725174,34.83450943558759],[135.23509196403273,34.83471303867456],[135.23513367303522,34.835067115497175],[135.235246366914,34.83531277202738],[135.2355548961682,34.835548661914046],[135.2356491295713,34.835675503602545],[135.23593643649698,34.836641381456246],[135.23597193366987,34.83690324710681],[135.23581322178555,34.83747981488263],[135.23583252902066,34.83767531787738],[135.23592816279938,34.837843983124785],[135.23619097400882,34.83792083676854],[135.23655887410246,34.83789901468909],[135.2370055398674,34.836639133169335],[135.2372519220456,34.835279475280835],[135.23735855442703,34.83512705306974],[135.23772618518166,34.83480112854309],[135.2377941173371,34.83460131492616],[135.2365793990408,34.83445401028591]]]},"properties":{"code":"28204602102","name":"山口町下山口二丁目","jinko":57,"addr_key":"28204|山口町下山口2","addr_key_town":"28204|山口町下山口2","n":[0,3],"w":[false,false],"neighbors":["28204601000","28204602101","28204602103","282046022"]}},{"type":"Feature","geometry":{"type":"Polygon","coordinates":[[[135.24125883634585,34.83249583511231],[135.24097326361093,34.83176166062324],[135.24043112438537,34.83224686513228],[135.24026339686145,34.83231051631899],[135.23726043984087,34.83229177747639],[135.23734154242715,34.83185185229165],[135.2375388595703,34.831191331467224],[135.237927407894,34.83025873680351],[135.23789688354393,34.83023994898536],[135.2376109582698,34.83054568724576],[135.2373798155853,34.831049761428936],[135.23688142328123,34.83057097745021],[135.2369101006464,34.83078760755915],[135.23595409483144,34.8312608006279],[135.235969546044,34.83291514798764],[135.23590234091137,34.83336912267948],[135.23612085512124,34.833551806286636],[135.23604965937892,34.83382052000357],[135.23609120279588,34.83394035778614],[135.23618305707984,34.834037638202666],[135.23643500684474,34.83413753150448],[135.23636014406543,34.834211824895],[135.2365793990408,34.834454010285924],[135.23984988962977,34.83488022600323],[135.23979682117127,34.835056406661],[135.24063253173674,34.83535475964542],[135.24074800430452,34.835462916291],[135.24076009046289,34.83530380306699],[135.240856388596,34.835291604377375],[135.2409339585954,34.83513770621555],[135.24094980233303,34.83500969337446],[135.24100967642974,34.834970933817274],[135.2410589400968,34.83475175004853],[135.24097946641868,34.83473255432584],[135.24110184979327,34.83458388531087],[135.24107648341803,34.83446758906957],[135.24068828873882,34.83421927939609],[135.24101352660918,34.83391549382468],[135.24114411174827,34.83372845093974],[135.2413024732936,34.83340337568071],[135.24135972479235,34.83297102272673],[135.24125883634585,34.83249583511231]]]},"properties":{"code":"28204602103","name":"山口町下山口三丁目","jinko":348,"addr_key":"28204|山口町下山口3","addr_key_town":"28204|山口町下山口3","n":[0,null],"w":[false,false],"neighbors":["28204602101","28204602102","28204602104","28204602105","282046022","28204611001","28204611003","28204621001","28204621005"]}},{"type":"Feature","geometry":{"type":"Polygon","coordinates":[[[135.24026339686145,34.83231051631899],[135.24043112438537,34.83224686513228],[135.24097326361093,34.83176166062324],[135.24076405466118,34.83126080156202],[135.24071376808345,34.83106849043258],[135.24062561705583,34.8302443139292],[135.2407991347374,34.829449240443495],[135.24082721217206,34.82919112934248],[135.24082143760668,34.82882129191772],[135.24070792071768,34.82803554839975],[135.24072388838647,34.827607451731446],[135.24034667884868,34.827695272977984],[135.23982404495814,34.82736472302742],[135.23965005487548,34.82717608246157],[135.23950195764982,34.826521523707164],[135.23932275900955,34.826566242706],[135.2392097837057,34.82666110375096],[135.23915793458843,34.826730084606915],[135.2391813488854,34.826863719590435],[135.23908125201345,34.826925806907006],[135.23890498166855,34.82684042699679],[135.2387077520958,34.8268454883979],[135.23843247671573,34.8267192950016],[135.2377123822502,34.8264804222398],[135.23741910830054,34.826238860419366],[135.23721733627727,34.82621874181969],[135.23703856415048,34.82631042779813],[135.23693289928775,34.826464813235326],[135.23685894931856,34.82651233682325],[135.23613088223598,34.82687192254546],[135.23591623160232,34.82687710890585],[135.23591330939493,34.82781330236594],[135.23670158776446,34.82835859568026],[135.23718382795641,34.82836219203472],[135.23725797796868,34.828332694877346],[135.2373181088531,34.82822393079985],[135.23740133068108,34.828219579363015],[135.23743247216834,34.82825547541755],[135.2374336210414,34.828360332903614],[135.23755694908377,34.82861788043841],[135.2375441938243,34.828654103417236],[135.23744785832284,34.828662004909035],[135.23742808891757,34.82886096635721],[135.2374592261559,34.828896863416276],[135.2377446686365,34.8289526283199],[135.23772458856274,34.829115393385585],[135.23775615712205,34.82919826168104],[135.23783146504883,34.829266437209455],[135.2378507129283,34.829425246656356],[135.2379215426314,34.829489863163964],[135.23793091117685,34.83014208486081],[135.23789688354393,34.83023994898536],[135.237927407894,34.83025873680351],[135.2375388595703,34.831191331467224],[135.23734154242715,34.83185185229165],[135.23726043984087,34.83229177747639],[135.24026339686145,34.83231051631899]]]},"properties":{"code":"28204602104","name":"山口町下山口四丁目","jinko":874,"addr_key":"28204|山口町下山口4","addr_key_town":"28204|山口町下山口4","n":[null,null],"w":[false,false],"neighbors":["28204602103","28204602105","28204603000","28204603001","28204603002","28204611001"]}},{"type":"Feature","geometry":{"type":"Polygon","coordinates":[[[135.24187348999743,34.83300415320644],[135.24201156004926,34.83255851801728],[135.2422435662551,34.83235226336237],[135.24231959440905,34.83221386976145],[135.24251039044876,34.8320192623038],[135.24272663728016,34.83194087776562],[135.24313588293663,34.8315656797901],[135.24287707313098,34.83137014220128],[135.24264209482533,34.83130654612554],[135.24289128764042,34.83109445712033],[135.24289241547078,34.83119677882741],[135.24309370371924,34.83133443370323],[135.24349313417486,34.830999097982776],[135.24368958630046,34.83093064999906],[135.2440784692475,34.83065377612088],[135.24409612790018,34.83053574989095],[135.2442320200004,34.83035852386055],[135.24496433661668,34.830067590346026],[135.24499276808265,34.830144071266204],[135.24647371325642,34.83009597225958],[135.24648455760135,34.83014194900666],[135.24667396332106,34.830147675788076],[135.24667318417386,34.830047426994476],[135.24651644876957,34.83001074427137],[135.2465077495474,34.82991615666491],[135.2466827088666,34.82992025011668],[135.2474026157534,34.829495358424765],[135.247153660474,34.82903319476961],[135.24703962662608,34.828676779819475],[135.24688763837491,34.82858735535629],[135.24708310620565,34.82856961649989],[135.24705525857098,34.82847644010337],[135.24649930285952,34.82861090997924],[135.2455046931378,34.82895347247348],[135.24493383285036,34.82924685882634],[135.24425662930742,34.82970971206211],[135.2430726580364,34.82861979243087],[135.2426804080368,34.829070994244496],[135.24170185213643,34.82917466028482],[135.24158289602218,34.82851649881293],[135.24142217118734,34.828276772081836],[135.24127325663002,34.828178725427385],[135.24070792071768,34.82803554839973],[135.24082143760668,34.82882129191772],[135.24082721217206,34.82919112934248],[135.2407991347374,34.829449240443495],[135.24062561705583,34.8302443139292],[135.24071376808345,34.83106849043258],[135.24076405466118,34.83126080156202],[135.24125883634588,34.83249583511227],[135.24135972479235,34.83297102272673],[135.24166284463095,34.83296312160493],[135.24187348999743,34.83300415320644]]]},"properties":{"code":"28204602105","name":"山口町下山口五丁目","jinko":309,"addr_key":"28204|山口町下山口5","addr_key_town":"28204|山口町下山口5","n":[3,null],"w":[false,false],"neighbors":["28204602103","28204602104","28204603002","28204603003","28204621004","28204621005"]}},{"type":"Feature","geometry":{"type":"MultiPolygon","coordinates":[[[[135.25319621147207,34.84379960059062],[135.25371365903595,34.84387230791039],[135.25397276173194,34.84404965330146],[135.25416202592012,34.84410005396069],[135.25449585220684,34.84378630656226],[135.25538395873352,34.84371491907616],[135.25593061894386,34.84363463843336],[135.25673451747477,34.84358803730361],[135.25803262593493,34.84298192880072],[135.25846985427933,34.84271935633856],[135.2589098470592,34.84270304725142],[135.25963092197273,34.84251613161045],[135.26018705248757,34.84304326730784],[135.26137722073918,34.84263239152718],[135.26167620880997,34.84265602459324],[135.26203922527998,34.84278290825976],[135.2622982739689,34.843022071571994],[135.2624131740189,34.842833502474896],[135.26253518524533,34.842487756525735],[135.2626993740254,34.84163235647758],[135.26276133614078,34.84152187592],[135.26291419593485,34.84138182303468],[135.26303751500257,34.84111466427909],[135.26278438601807,34.8410818085696],[135.26274182485815,34.841041639987814],[135.26274117262696,34.84098382292586],[135.26280955011956,34.840821176410685],[135.2627878883134,34.840763449631545],[135.26248499592222,34.84067322555303],[135.26242814393473,34.84061576778004],[135.26292961484472,34.84019725545898],[135.26312484178095,34.83990588290422],[135.26329014828718,34.83948367300592],[135.26324246749115,34.83927831925536],[135.26325870688063,34.83920340101755],[135.2633203733441,34.83914215076036],[135.26349551328948,34.83908467854561],[135.2638868793678,34.83884089200007],[135.26399919532878,34.83874185551127],[135.26418898483283,34.83846911599317],[135.26414832339282,34.83838533706873],[135.2639134567671,34.83817662696473],[135.26461456022662,34.836733410030526],[135.264749190164,34.8366061724442],[135.26495761424715,34.83647829988214],[135.26514937838533,34.836387951128685],[135.2655594446467,34.836288953505125],[135.2656659277818,34.836180595882986],[135.26573848424806,34.8356771165877],[135.26583572836006,34.835673553535734],[135.2658705551337,34.83546742835158],[135.2658364151026,34.83517492268846],[135.26591545883088,34.83482267259313],[135.26639279882926,34.834003039502385],[135.26683696769507,34.83291716176767],[135.267111173277,34.83258771005451],[135.26714298374438,34.83214560479716],[135.2674927689699,34.83148364753483],[135.2675920265757,34.83123505186272],[135.2677164256664,34.83120141780663],[135.26828067440334,34.83120398282815],[135.26838720781885,34.83110033935432],[135.26843568007965,34.83087086729049],[135.26839999489783,34.83072148428833],[135.26820361048556,34.83040966151294],[135.26805633959205,34.82992456349775],[135.26788228455527,34.82957052546612],[135.26788106768632,34.82946299231669],[135.26794809650204,34.82937824674792],[135.26880261489,34.8289719315808],[135.27050160149963,34.82827613197206],[135.27058132351493,34.828053395452436],[135.27072691908086,34.82789339471292],[135.27094653482519,34.827760712081414],[135.27117781402603,34.82767019300887],[135.27195631443186,34.82779968647405],[135.2729808844633,34.826391375464475],[135.27412220245265,34.82603648738975],[135.2743585634718,34.82587578047949],[135.27493956503912,34.82537337988769],[135.2754571870301,34.825500223377226],[135.27575325326328,34.825610118771635],[135.27589043949413,34.825702581033816],[135.2760244121744,34.8260147951318],[135.27616752356943,34.82613995903748],[135.2766802545797,34.82634634652162],[135.27668947719476,34.82615922520939],[135.27660728454163,34.825916753392036],[135.27661151305253,34.825785869701946],[135.27666983622754,34.82568020259228],[135.27681026211926,34.82556220824948],[135.27695822758963,34.82461651466565],[135.27755029622836,34.82457684879529],[135.27839243742244,34.82433649750467],[135.27864075239182,34.824236396267075],[135.2787080630977,34.82417037693915],[135.27870640610502,34.82402545405387],[135.2784226010973,34.82350862244188],[135.27746009507587,34.82239154235322],[135.27727139703637,34.82225271936383],[135.27714651122633,34.822235025746274],[135.27691167458684,34.822281287318],[135.27615317560833,34.821894335712514],[135.2761013662121,34.821829312124464],[135.27613360764462,34.82117438768102],[135.27591767131236,34.82063836306144],[135.27591080750298,34.82053087668264],[135.27593272321153,34.820460562563824],[135.27639809969918,34.82007468571091],[135.2759512010082,34.8198717353057],[135.27511300345685,34.81982541035146],[135.27458322011566,34.819692536186245],[135.27427397815322,34.81984880767013],[135.2741911793975,34.81985965993999],[135.27360576489468,34.81980615813268],[135.27347353452987,34.81984816775875],[135.27310873811413,34.81985781884799],[135.2726354807898,34.8199947202564],[135.27251122316108,34.820009412392125],[135.27238220918264,34.81996597048697],[135.2721943830911,34.81985805085566],[135.27176651412083,34.81950972487211],[135.2707373328379,34.81863876407705],[135.27040617648063,34.81832341909078],[135.26976477356143,34.81789433276664],[135.26894647310712,34.8174083641932],[135.26785994470694,34.816550635889044],[135.2678098659077,34.816940610451674],[135.26758647968128,34.81776545268986],[135.26743531622907,34.81793831106558],[135.26581036096638,34.819094555365034],[135.26578081666034,34.8191856998902],[135.26584124380247,34.81965997074023],[135.26565403751007,34.81989366824411],[135.26496760631466,34.82011351361749],[135.2648453251112,34.82012959309808],[135.2644772888247,34.8200718466759],[135.2642938403152,34.82009339425585],[135.26403760882326,34.820181273929286],[135.2639160660114,34.82026298054495],[135.2638199972682,34.82043041253377],[135.2637734289736,34.820647818781616],[135.2637873026569,34.821334495355494],[135.26370581084018,34.82143864289901],[135.26358432163127,34.821525490214306],[135.26297213958904,34.82154531396622],[135.26267039521755,34.82139099612796],[135.26254162158585,34.82137683906036],[135.2623641470711,34.821383265910384],[135.26217488823374,34.82143520593798],[135.2551496732893,34.825149915558846],[135.25613293515298,34.826551289434036],[135.2556500041508,34.826630670222656],[135.2552294409935,34.82626026331348],[135.2547918740504,34.82601104376353],[135.25453375726343,34.8259322983924],[135.25431938535112,34.82592371465551],[135.25415450908528,34.82596546029096],[135.25398410075283,34.82606267334117],[135.25384491317033,34.82621021391061],[135.25364269386935,34.82619646620759],[135.2535808753613,34.82615150995705],[135.2535246893438,34.82550057546048],[135.25342132094886,34.82502162303035],[135.25315901935272,34.824559017956865],[135.25295157647022,34.82440410196314],[135.2531660156583,34.82466807548885],[135.25299130763017,34.82485994848908],[135.25246639920599,34.824965267871924],[135.25227050559997,34.82513732181005],[135.25201160084276,34.82525106194535],[135.25141275895533,34.82569356554522],[135.25143503986516,34.82573824901149],[135.2516001065746,34.82568305375043],[135.25170527848667,34.82573268146645],[135.25167595075453,34.825837132907814],[135.251811976078,34.82591159884868],[135.25183886262505,34.82597977872488],[135.25181349507375,34.826048282217556],[135.25139691561856,34.82642715604945],[135.25126564728924,34.826388570596684],[135.25117545950903,34.826511511465796],[135.25108315197483,34.82683581318991],[135.2510058292411,34.826940699837685],[135.25070577214427,34.827014873688746],[135.25062928792016,34.82719517770588],[135.25061869542236,34.8274182239088],[135.25068466416334,34.827475262932786],[135.25065521982802,34.82756901051863],[135.25037505580238,34.8276663446566],[135.25030716085718,34.827835878969],[135.25006611707545,34.82811813487268],[135.2500237954927,34.828237193177806],[135.2500423763183,34.82834121207841],[135.2506849785367,34.82887223024588],[135.2507680134479,34.82888949026853],[135.25088105895964,34.828863492057266],[135.2512663950933,34.82861612437131],[135.2514838630457,34.8283645336849],[135.2516411026222,34.82838855516959],[135.25195263518606,34.82856233404974],[135.2522583706441,34.828606780910114],[135.25236362651512,34.82866352088737],[135.25239471326765,34.828717162413845],[135.25233030360278,34.828800402192265],[135.2519989922406,34.82881368793546],[135.25180878518114,34.82895901027357],[135.25099152920103,34.82925866651404],[135.25130057067028,34.82953092094919],[135.25166869225762,34.829693567421685],[135.25202090052827,34.8296082181931],[135.25250749444885,34.8292503549284],[135.2525947274645,34.82925321397064],[135.25286718705104,34.829438202399494],[135.25304157438023,34.82943688006016],[135.25305943692828,34.82947625578453],[135.25279054803596,34.82960414648359],[135.25266119626534,34.82973816407909],[135.2520882459424,34.82997266081572],[135.25262537628453,34.830264243013694],[135.2528505503402,34.83029824217317],[135.25343250423447,34.83047306597108],[135.25350519451555,34.83054259001818],[135.2535239447723,34.830653933753865],[135.25367880274848,34.83085410875569],[135.25369834860095,34.83104453656973],[135.25389564009274,34.83114374981305],[135.25394987616716,34.831312363202066],[135.25414833685707,34.83150861634183],[135.25421507645626,34.83163396355776],[135.25400915496343,34.83154206956401],[135.25325862672705,34.83137824519754],[135.25295743741262,34.831758227121156],[135.25291555991788,34.83173276880202],[135.25268988747993,34.83202231409118],[135.25302273628094,34.832168392821586],[135.2535245321964,34.83265954901703],[135.25413702597103,34.83359496416472],[135.2544035986959,34.83369456736686],[135.25451842424937,34.83434028765299],[135.25419927214284,34.83471033760171],[135.25395449788758,34.834773465977584],[135.25394713012935,34.83492409425505],[135.25413808130537,34.8352430903426],[135.25428022195965,34.83538941559835],[135.2551811692245,34.83522982260665],[135.25582612169444,34.83530605650826],[135.25647357906647,34.83516323923161],[135.25678785757947,34.83512845229663],[135.25716651165416,34.83513768591656],[135.25742739802234,34.83516415277705],[135.25787365632448,34.835276186199415],[135.2584120326169,34.835491045349286],[135.2579891346225,34.83592401466715],[135.2574809848695,34.83621170455241],[135.25737409150324,34.83633013272814],[135.25725777709638,34.83647694313581],[135.25662976212433,34.83769997221754],[135.25642505352678,34.83785562391545],[135.25629710530828,34.8378484964695],[135.25613414960628,34.83778895621533],[135.25588839042217,34.83757390649681],[135.25552855812393,34.83749959135017],[135.25507778722277,34.837198907901715],[135.25482786306966,34.83706093490156],[135.25428965501882,34.83685422786118],[135.2542644234445,34.836797653615335],[135.25354930770362,34.83660439878731],[135.25327877266145,34.83659433526783],[135.25211340804813,34.83681197287925],[135.2525557102718,34.83701328847296],[135.25217129969533,34.837377065899744],[135.25151156365996,34.83773876875181],[135.25129225787956,34.837918817888],[135.25031217032998,34.83843907174695],[135.24997959458912,34.83860377662465],[135.2494992845818,34.838741211002706],[135.2495952000638,34.83896345931625],[135.2496019189011,34.839129687076856],[135.2495683072246,34.839202833203615],[135.24928316148606,34.83920096910838],[135.2492642475182,34.839274073642855],[135.24930037508366,34.83942789630962],[135.24938475809918,34.839496208746816],[135.249601958129,34.83957154707893],[135.24988712574196,34.83979032589247],[135.2500364318992,34.83995139308445],[135.25013667922175,34.84012501367939],[135.250230261024,34.84058243600035],[135.2503003662416,34.840695365597156],[135.250374884463,34.84075973590446],[135.25080988097085,34.840963156749325],[135.25093772873697,34.8411831922859],[135.25090392134766,34.84146114023383],[135.25091973782997,34.84156243590258],[135.25122349940168,34.84190058713945],[135.25138408174308,34.84219129465961],[135.25129221212657,34.842992746101125],[135.2514276805015,34.84345182285277],[135.2514601270299,34.84371927137108],[135.2514484652326,34.84399902626171],[135.2513862939641,34.844153589961344],[135.25120224524514,34.84441034887126],[135.2508637645528,34.8447141918128],[135.25092201735626,34.84479037675971],[135.2510508099207,34.84481870207218],[135.2513784578463,34.844784676389615],[135.25151973724456,34.84470698446406],[135.25178461452933,34.84443679655166],[135.2521641631396,34.844154472738445],[135.25252540534083,34.84394665717022],[135.25319621147207,34.84379960059062]]],[[[135.23597193366987,34.83690324710681],[135.23593643649698,34.836641381456246],[135.2356491295713,34.835675503602545],[135.2355548961682,34.835548661914046],[135.235246366914,34.83531277202738],[135.23513367303522,34.835067115497175],[135.23509196403273,34.83471303867456],[135.23521520725174,34.83450943558759],[135.23531410035022,34.8344378523997],[135.2354580576801,34.834394244719256],[135.23559195434356,34.834376206054365],[135.2365793990408,34.834454010285924],[135.23636014406543,34.834211824895],[135.23643500684474,34.83413753150448],[135.23618305707984,34.834037638202666],[135.23609120279588,34.83394035778614],[135.23604965937892,34.83382052000357],[135.23612085512124,34.833551806286636],[135.23590234091137,34.83336912267948],[135.235969546044,34.83291514798764],[135.23595409483144,34.8312608006279],[135.2358202164194,34.83132708053831],[135.23425133068008,34.83134950441123],[135.23424046014156,34.83276283616882],[135.23410798931897,34.83267698381421],[135.23370413160168,34.832618566528936],[135.23338000929272,34.8326426599709],[135.23310033420796,34.83271699081806],[135.23284942236367,34.83262490017642],[135.23252621144087,34.83272483380792],[135.23212830976277,34.832617561780914],[135.23124334581178,34.83264601085998],[135.23160672301313,34.832979119391915],[135.23235469834688,34.83414999468212],[135.23235663919053,34.83432801942075],[135.23186809819543,34.834642641525434],[135.23177615999535,34.83473346846371],[135.23169982608636,34.8350022191471],[135.23193773212859,34.8362670159664],[135.23181422431594,34.836470759939616],[135.23179137112078,34.83663093938299],[135.232219436169,34.83703568343173],[135.232583247442,34.8370622852791],[135.23291497590992,34.83715448024573],[135.2328143181517,34.83744820336562],[135.23280138477162,34.837590314935916],[135.23424626782813,34.837488444766244],[135.23430029894985,34.838052848378936],[135.23434608551338,34.8381937858368],[135.23450365634324,34.83845009612143],[135.23486488748802,34.838318039241706],[135.23498932114538,34.838238306414674],[135.23508373155943,34.838131541789124],[135.23545533134558,34.83804180515109],[135.23592816279938,34.837843983124785],[135.23580772429054,34.83760183460916],[135.23581322178555,34.83747981488263],[135.23597193366987,34.83690324710681]]],[[[135.2404656376127,34.83843788144142],[135.2406522665277,34.83826661655825],[135.24093197839036,34.83779097564176],[135.2418814466075,34.837829088993544],[135.24209989111344,34.83776244949866],[135.24230573168992,34.83774639955927],[135.24231713295228,34.83758729119119],[135.24228535938767,34.837486395379756],[135.24204213860702,34.83729665463985],[135.24208127865637,34.83726741675046],[135.24233189260838,34.83733779930953],[135.2423996083865,34.83751434463247],[135.24245269661134,34.83755733014367],[135.24240507998925,34.83761557875804],[135.2425159334603,34.83773038868981],[135.24275712051374,34.83773576700155],[135.2429021976674,34.837778063253694],[135.24325103750303,34.838003138733626],[135.24339044367915,34.83792624457903],[135.24327790926168,34.837659606350734],[135.2433072980045,34.83754374497754],[135.2435934118827,34.83764998627587],[135.2439843494521,34.83791995982651],[135.2441075999821,34.83796601068402],[135.24472169332086,34.8380084472303],[135.2451745598225,34.838131534391],[135.24548794504864,34.83793036497469],[135.24563658278709,34.83789311914441],[135.24586030217722,34.83790228256359],[135.24582087932205,34.837512203590805],[135.24551481826472,34.83757964786971],[135.24512642903264,34.83774151899129],[135.24495152676246,34.837782623060875],[135.24475166419901,34.83776792588707],[135.24473002348336,34.83762610750713],[135.24465994390502,34.83771530113811],[135.24407361738744,34.83738700358282],[135.24405263349348,34.83735870848],[135.24416539904084,34.83712059318141],[135.2440876760764,34.836950814149276],[135.24395870890234,34.836812546787755],[135.24360083359653,34.83654253734849],[135.2430863944392,34.836969096390966],[135.24286139107753,34.83699050173106],[135.24255852123102,34.83712313060045],[135.24228705729882,34.837075089107806],[135.24216995272462,34.83709047344874],[135.24174386139157,34.83723388319716],[135.24084376682617,34.83709447796049],[135.2409357662108,34.836707358019176],[135.24077902932373,34.836435414836686],[135.2408066562608,34.83546825345668],[135.24074800430452,34.835462916291],[135.24063253173674,34.83535475964542],[135.23979682117127,34.835056406661],[135.23941549514447,34.836646666570985],[135.23915751071604,34.837887260269],[135.23854433449432,34.83790486245375],[135.23843094570873,34.83777640449032],[135.23727632049673,34.83782479714533],[135.23655887410246,34.83789901468909],[135.2371038934391,34.83817772295252],[135.23702453981912,34.83845833103689],[135.23846279760335,34.83835923161441],[135.23848130327823,34.838247677424796],[135.23903353575884,34.83823398114398],[135.23916566265777,34.83824067281054],[135.23915371490727,34.83828808885119],[135.2398080017609,34.8384283550634],[135.2399229772114,34.8385141932678],[135.2400095328196,34.838415934636714],[135.2404656376127,34.83843788144142]]]]},"properties":{"code":"282046022","name":"山口町下山口","jinko":881,"addr_key":"28204|山口町下山口","addr_key_town":"28204|山口町下山口","n":[0,null],"w":[false,false],"neighbors":["282045011","282045450","282045460","28204601000","28204601002","28204602101","28204602102","28204602103","28204603003","282046050","28204606101","28204606103","282046062","28204611001","28204611002","28204611003","28204621001","28204621002","28204621003","28204621004"]}},{"type":"Feature","geometry":{"type":"MultiPolygon","coordinates":[[[[135.23915793458843,34.826730084606915],[135.23932275900955,34.826566242706],[135.23950195764982,34.826521523707164],[135.23949476125898,34.826068035171566],[135.23954130273475,34.82591944163379],[135.2398711577921,34.82541639430376],[135.24077585483377,34.824337899073164],[135.24104690424994,34.82412642829823],[135.24127366551042,34.82402719234833],[135.24143899899858,34.823910318508005],[135.2414775716947,34.82383037804163],[135.2414794686055,34.82360633995502],[135.24127566633285,34.8234091205707],[135.24126410671047,34.822955595442686],[135.24149526418097,34.822852665255084],[135.2415384748555,34.82279811381549],[135.241550195596,34.82266787930675],[135.24174162182683,34.82253996392368],[135.24180981270536,34.822403954232456],[135.2419466440654,34.82232813931719],[135.24203711465856,34.82202040617725],[135.24210463719774,34.82190123419923],[135.24223451245572,34.82204738215701],[135.24232237481561,34.82205390769824],[135.2424792270746,34.82181089187842],[135.24286275302933,34.82160132164341],[135.24311330397893,34.821390845653426],[135.2432120973022,34.82124981767351],[135.24343006045575,34.821244663335676],[135.24394952701195,34.82130542192184],[135.24449429604832,34.821283379104486],[135.24629372442885,34.82096598356066],[135.24641548184468,34.82093281471964],[135.24653207416415,34.820834820845384],[135.24662270382754,34.820921960499426],[135.24669801761416,34.82204172702797],[135.24726825465095,34.82195116518685],[135.2477955668207,34.82193275655341],[135.2479718177167,34.82190086483425],[135.2482164238069,34.82177147992627],[135.24768003095363,34.821339516753184],[135.2476550348253,34.82122617833156],[135.2476627814938,34.821069563737694],[135.24772361449052,34.820986919312176],[135.24816465880818,34.82095225570236],[135.2482309150617,34.82093612241399],[135.2482444881564,34.82088115911107],[135.24759942005363,34.82049078985793],[135.2475346610009,34.82042662733273],[135.24751957683148,34.82035237140638],[135.24756653532103,34.820305043304636],[135.2476423198796,34.82029278190712],[135.2479561374778,34.820337322068255],[135.24800800954176,34.820309536231335],[135.24800270718174,34.82026260172848],[135.2478013262303,34.820076293034774],[135.2477767635402,34.82000210854808],[135.24784168217934,34.81986457252621],[135.24798777261407,34.81976959401415],[135.2481845681257,34.81954113114428],[135.24827342270217,34.819205729668205],[135.24824543167878,34.81860514356735],[135.24814584473987,34.8181791865116],[135.24818316194273,34.817476482289486],[135.24826913200357,34.81709610129839],[135.24839335916775,34.81674670135603],[135.24863067001988,34.816314473398705],[135.24899072026838,34.815338804375166],[135.24900237361746,34.81511517833749],[135.24889731073978,34.81479800952331],[135.24868665694055,34.8151750408542],[135.24807019115593,34.81583339956894],[135.2480246980239,34.81655158922997],[135.2479676649915,34.816920704174805],[135.24765290048356,34.81692397585193],[135.24757869962636,34.81701238407871],[135.24753786006292,34.81698876344676],[135.2473894544786,34.81682319378318],[135.2472818082731,34.81637959369865],[135.24727615971165,34.81624126800974],[135.24735908371605,34.815643748882536],[135.24745126154954,34.81526506404314],[135.24737043915306,34.814983584161],[135.24738481261633,34.81491929426859],[135.2475962440676,34.814641071955194],[135.24766670096034,34.81444081467064],[135.24770958448326,34.81424935849467],[135.24764921274297,34.81379359641759],[135.24789105013747,34.813763183441885],[135.24770796132725,34.813476521697766],[135.24771172329733,34.81319127173837],[135.24761048865875,34.812955263176065],[135.24759382544124,34.8126987579837],[135.24768379483962,34.812387223666704],[135.24765217934853,34.812339008996794],[135.24715643674853,34.81212540679296],[135.24709374538824,34.81204643841268],[135.24734486818704,34.81114944401066],[135.2473093541643,34.81104196006082],[135.24699618493327,34.81068176581797],[135.2467873464746,34.80956977243066],[135.2467943962799,34.80940450177022],[135.24689051492751,34.80920109521798],[135.24689371875974,34.809120082625185],[135.24676239168105,34.80891824519828],[135.24655979134002,34.808757648040746],[135.24625693360144,34.80842540446401],[135.24611483813138,34.80817646230674],[135.2460673734376,34.807960613831604],[135.24601927523156,34.80739362910219],[135.24593935206013,34.80719210777224],[135.2456744123983,34.80689817150575],[135.24539318372956,34.8066601321102],[135.2448495153589,34.80634743903164],[135.24427749413283,34.80607974658999],[135.24437682488107,34.80561771672809],[135.24421677643008,34.805427781912286],[135.2438803235927,34.80515184220671],[135.24381015160796,34.804912217259236],[135.24346435765588,34.804749309127985],[135.24366128013136,34.804356551436555],[135.24357157625982,34.80425017704519],[135.24352708949917,34.803963175074095],[135.24376142870847,34.803704225542056],[135.2430979911386,34.803537920739124],[135.24305940463051,34.80325876203016],[135.24288786835623,34.80306398010039],[135.2422009431241,34.8029586922813],[135.2415443256601,34.802627809922306],[135.2406659391619,34.80275156186342],[135.24042679385835,34.80336633622793],[135.24085313306085,34.80362682477739],[135.24083674764339,34.8043751454839],[135.2410174634817,34.80466000391212],[135.24139668814738,34.805107892076784],[135.24152887472684,34.80545170625266],[135.2419157720577,34.80610010661357],[135.24197366765375,34.80664504696571],[135.24181591547597,34.80695947818786],[135.24186197842124,34.807173226563805],[135.24170507707257,34.80731637701466],[135.2416978454712,34.8074043218034],[135.24168675736408,34.80763877995722],[135.24177382641346,34.80785447538383],[135.24112435458423,34.808427238757595],[135.24112003891838,34.808781087422],[135.24068193640613,34.80869646911236],[135.2403091675194,34.80883897592483],[135.23985656575897,34.808677840220355],[135.23948618211952,34.808788776203414],[135.2392629183695,34.8091104533065],[135.23882703446114,34.809228636430724],[135.23876085089668,34.80942293985239],[135.23872838946144,34.80970262901987],[135.23850821859784,34.80980793535114],[135.2382622259123,34.8098007532506],[135.23805522233437,34.80986088855211],[135.2378734973536,34.809983936305386],[135.2377383424405,34.81036805552487],[135.23751455001855,34.81039225714959],[135.23733806580893,34.81049498262342],[135.23678055301122,34.81048560762932],[135.23644862797082,34.81061653075523],[135.23625422076054,34.8108298145633],[135.2362539463297,34.81105517721979],[135.23601274592005,34.811237257848866],[135.2357324090795,34.81133849883879],[135.23541173340402,34.81124848216404],[135.2350004457475,34.811368722437244],[135.2348045529958,34.81169694921729],[135.23477436938498,34.81193605616094],[135.23468080358342,34.81212605344349],[135.23451969823057,34.81213626098663],[135.23382118624284,34.81247947354515],[135.23354239601943,34.81247252164592],[135.23333055358205,34.81259127642192],[135.2331519392397,34.812750350221854],[135.23309832315667,34.8128453984512],[135.23306793806367,34.813066477309135],[135.23344524637196,34.813141858807256],[135.23328339882437,34.81353124083036],[135.23329386125826,34.81364539461254],[135.23348867867125,34.813735225037746],[135.23339911265182,34.81398716546923],[135.23323386279833,34.814072052492314],[135.2329882699054,34.81440120587804],[135.23268234102258,34.81454544500838],[135.23284892860124,34.81478760397701],[135.23275420414473,34.81587679962656],[135.2328731428646,34.81600888357242],[135.2332689609554,34.816222303503515],[135.23323671518213,34.81677467716649],[135.23280742150993,34.8175035149938],[135.23284941447503,34.81809815831087],[135.23281732424041,34.818413901342595],[135.23272908915825,34.818592589074],[135.2326695874979,34.818649369260996],[135.23266501734426,34.8189829377098],[135.2325520174328,34.81914603311079],[135.23221502602067,34.819317544506916],[135.23200924226202,34.819492593042696],[135.23184562067541,34.819775503276226],[135.2316872873507,34.81994801811518],[135.23840603567183,34.820720123411306],[135.23854162764644,34.82105356639508],[135.238558374422,34.82122577377456],[135.23884549849322,34.82244263510441],[135.23891879824487,34.82345784094656],[135.2377509866247,34.82361014002963],[135.23776122321124,34.82386662419295],[135.2368944517804,34.82398836243259],[135.23689939652076,34.82469800679815],[135.2375420594347,34.82604082383197],[135.2376787304293,34.82610586585555],[135.2375252666715,34.826324834905805],[135.2377123822502,34.8264804222398],[135.23843247671573,34.8267192950016],[135.2387077520958,34.8268454883979],[135.23890498166855,34.82684042699679],[135.23908125201345,34.826925806907006],[135.2391813488854,34.826863719590435],[135.23915793458843,34.826730084606915]],[[135.2414453765223,34.82078456201929],[135.24143881779108,34.82082489406488],[135.24124675416968,34.82080900522803],[135.24129531659273,34.82078279604988],[135.24131815354238,34.82063874485972],[135.2407732394491,34.820585208615846],[135.24088060514305,34.82037714232861],[135.2407459782587,34.82031906055601],[135.24055308609854,34.8206164309707],[135.24052143274213,34.82078237934474],[135.24024839176388,34.82075681079988],[135.24028021533795,34.82060656562766],[135.24017097419411,34.82045716320904],[135.2401376890474,34.82045114373148],[135.2401411949554,34.82030371678428],[135.24001167023778,34.820142491531136],[135.23997397256818,34.819905297348456],[135.23983291067807,34.81971190551255],[135.23973220452808,34.81939053137788],[135.2394086524756,34.819197091201346],[135.23930217414,34.81917478567142],[135.23913441891764,34.81917145983731],[135.2388721801679,34.819219472128694],[135.2381052769986,34.81923138266296],[135.2378467902466,34.81946641502338],[135.2374686024527,34.81949303354094],[135.23727042931293,34.81944887241318],[135.23738286851886,34.81958712588061],[135.23735917834065,34.819849565499425],[135.23740998888078,34.81986517454128],[135.23745197533,34.819956204229875],[135.23738916414172,34.82023288098673],[135.23731588243095,34.8202239897091],[135.2372613182432,34.820404263479304],[135.23308080060187,34.81990729515894],[135.23291477131005,34.81876030757566],[135.232994242117,34.817721016367315],[135.23308457488542,34.81776682856424],[135.233175571403,34.817896865098355],[135.2332929887862,34.817920222930745],[135.23371116211203,34.818193337219995],[135.23385675284962,34.818428184632154],[135.23400006324908,34.818453040294145],[135.23403126724497,34.818432667627555],[135.23401146484326,34.81821407305822],[135.23407591128583,34.81804682867302],[135.23399773787924,34.81791782474455],[135.233997712243,34.81751583747783],[135.23411783050736,34.81721493557965],[135.23416280781046,34.81721248981229],[135.23419394203938,34.817146622294004],[135.23423215187537,34.81698520612509],[135.2343908593711,34.81701290581646],[135.2345124530512,34.81680044800795],[135.23449969627822,34.81669560814812],[135.23463351390285,34.816390520763775],[135.2347290739742,34.816288963540494],[135.23519245971113,34.81618298564174],[135.23533684914386,34.816181913835415],[135.2352802972933,34.81634445228153],[135.23530234687996,34.81644795473695],[135.23535550249395,34.816522210467134],[135.23563364654183,34.81675043729852],[135.23594536744997,34.8168631959734],[135.2360542264884,34.81708831179305],[135.23622733809452,34.81728548472811],[135.23634284116036,34.817313359918664],[135.23664473114002,34.817291537678294],[135.2367140691391,34.81743215457602],[135.2366107441129,34.818151824682744],[135.237069557713,34.81820489406479],[135.23742737939915,34.818198570530896],[135.23749691250987,34.81828587352548],[135.2374175019487,34.81859168729013],[135.23769282414625,34.818560904834634],[135.2377577006593,34.818433797734514],[135.23799503707207,34.81844350910569],[135.2380375412411,34.818503618122236],[135.2380971049799,34.81852338777641],[135.23837016277488,34.817965908438396],[135.23850284425987,34.817979427147144],[135.238573540691,34.81805651028755],[135.23937504026927,34.81839745093331],[135.2393708212451,34.81782994274229],[135.24041072804272,34.81807872526785],[135.240456833415,34.817984856216064],[135.24057465254663,34.81791214215561],[135.2405931117178,34.81800693823269],[135.2405253072091,34.81818576090591],[135.24060011730467,34.81832633525151],[135.24067738541686,34.8183716750401],[135.24077112076847,34.818641549709334],[135.2406387673687,34.818984876174454],[135.24063592934618,34.81904539217271],[135.24073088775995,34.81927046610346],[135.24070069591642,34.819382950089185],[135.24070440380237,34.819752584910006],[135.2412210991097,34.82000514458283],[135.24134725781568,34.81977433284904],[135.24153599114166,34.81954896921704],[135.24162317109705,34.81909752615691],[135.241766978567,34.818615305221705],[135.24194445586272,34.81826009088478],[135.24216767602653,34.81793333809509],[135.24227459616733,34.817817321902915],[135.24240476636888,34.817757473038384],[135.2424805150891,34.81766478938718],[135.24245134689932,34.817395983375],[135.24249263973655,34.81733806592844],[135.2426940718166,34.81725895037408],[135.24282165320207,34.81711982039517],[135.24298064151697,34.81729694666037],[135.2432346979556,34.81724335275537],[135.24336036650345,34.81724818649173],[135.24346460969207,34.817207121860584],[135.24348317846196,34.81762953482188],[135.24380585704333,34.81731654268071],[135.24393096287065,34.81728588457079],[135.24401492265625,34.81731074984716],[135.2443701161861,34.817213294099176],[135.24444108312517,34.81715952096627],[135.24467665827095,34.817327479907824],[135.24480384791633,34.81747033331037],[135.24496352003297,34.817716751469],[135.2449220580077,34.81775143010679],[135.24499296182367,34.81785456422825],[135.24540191372822,34.81759838650521],[135.24539240855233,34.817370984010374],[135.24571175597393,34.81738436174811],[135.24565450043892,34.81756620733438],[135.24568706493847,34.81766948806583],[135.24546121457087,34.818074157468665],[135.24524093917603,34.8183490611338],[135.24529741565456,34.81840617530423],[135.24545135609355,34.81844241454929],[135.24556391193613,34.81852791156355],[135.246103859517,34.81837983733882],[135.24610522644326,34.81850370467024],[135.2461743855499,34.81858004115297],[135.24607244738078,34.81908315022301],[135.24653270711806,34.81916030799831],[135.24657081484173,34.81921622043931],[135.2464704101688,34.81934937463793],[135.2464210758475,34.81953003419257],[135.2464896213072,34.81958156392516],[135.24635004272372,34.81981001561284],[135.24625743772867,34.8198843774075],[135.24600120828148,34.82002003958502],[135.24560899774448,34.82040082023354],[135.24544772121217,34.82032716737613],[135.2452895063829,34.82053850542267],[135.2452694406204,34.82061626465292],[135.24478476260413,34.820643001139246],[135.24433636582452,34.82052945779645],[135.24429407597137,34.82058182006831],[135.2439445298558,34.82054993168565],[135.243871709684,34.82059076152443],[135.24367614607232,34.820575042501595],[135.24381090383986,34.82045888605355],[135.24406518184207,34.82041669734447],[135.24391388383097,34.820302755052516],[135.24361706667005,34.820281950465265],[135.24371310428904,34.8201315750255],[135.24377039073661,34.819944094894716],[135.2437630151295,34.81967745031359],[135.24364592621578,34.819676637390764],[135.24353791029824,34.81974737893518],[135.2431007940298,34.82044836053561],[135.24286940032604,34.820668904791525],[135.2428202700287,34.820643285445556],[135.24262606716184,34.820751222809704],[135.24256886201556,34.82062791332449],[135.24243885137423,34.820539656127174],[135.24243853528424,34.82051092476161],[135.24221486008335,34.820478090613044],[135.24205375207598,34.8209007930839],[135.24159961666402,34.82085531331339],[135.2414453765223,34.82078456201929]]],[[[135.2505846027477,34.82963866800761],[135.2504917113471,34.83002573189763],[135.25091002466593,34.83066204281276],[135.25128540284933,34.83103126693283],[135.25141107583673,34.831096094570434],[135.25167608693104,34.8308416791242],[135.25158343000365,34.83078885613728],[135.25178217959052,34.83058973389073],[135.2505846027477,34.82963866800761]]]]},"properties":{"code":"28204603000","name":"山口町上山口","jinko":820,"addr_key":"28204|山口町上山口","addr_key_town":"28204|山口町上山口","n":[0,4],"w":[false,false],"neighbors":["28204602104","28204603001","28204603003","28204603004","28204604102","28204604103","282046042","28204611001","28204611002","282046170","28204621004","28204631001","28204631002","28204631003"]}},{"type":"Feature","geometry":{"type":"Polygon","coordinates":[[[135.24674150807655,34.82243000850805],[135.24662270382754,34.820921960499426],[135.24653207416415,34.820834820845384],[135.24641548184468,34.82093281471964],[135.24629372442885,34.82096598356066],[135.24449429604832,34.821283379104486],[135.24394952701195,34.82130542192184],[135.24343006045575,34.821244663335676],[135.2432120973022,34.82124981767351],[135.24311330397893,34.821390845653426],[135.24286275302933,34.82160132164341],[135.2424792270746,34.82181089187842],[135.24232237481561,34.82205390769824],[135.24223451245572,34.82204738215701],[135.24210463719774,34.82190123419923],[135.24203711465856,34.82202040617725],[135.2419466440654,34.82232813931719],[135.24180981270536,34.822403954232456],[135.24174162182683,34.82253996392368],[135.241550195596,34.82266787930675],[135.2415384748555,34.82279811381549],[135.24149526418097,34.822852665255084],[135.24126410671047,34.822955595442686],[135.24127566633285,34.8234091205707],[135.2414794686055,34.82360633995502],[135.2414775716947,34.82383037804163],[135.24143899899858,34.823910318508005],[135.24091638915544,34.82421768821625],[135.24064524660162,34.82446733129659],[135.2398711577921,34.82541639430376],[135.23954130273475,34.82591944163379],[135.23949476125898,34.826068035171566],[135.23950195764982,34.826521523707164],[135.23965005487548,34.82717608246157],[135.23982404495814,34.82736472302742],[135.24034667884868,34.827695272977984],[135.24072388838647,34.827607451731446],[135.24087300366588,34.827374073505595],[135.24102116869085,34.82720986086444],[135.24134097208344,34.826981192112676],[135.24170305580134,34.82682312567026],[135.24249168270603,34.82656728517505],[135.24292679960922,34.826371906304836],[135.24311672351533,34.8262310404804],[135.24338466585792,34.82593162553984],[135.24401453407512,34.82487946333082],[135.24413580775393,34.82473249172369],[135.24651674607776,34.82287911174615],[135.24660498964144,34.8227810505181],[135.24666457321644,34.82268587921691],[135.24674150807655,34.82243000850805]]]},"properties":{"code":"28204603001","name":"山口町上山口一丁目","jinko":627,"addr_key":"28204|山口町上山口1","addr_key_town":"28204|山口町上山口1","n":[0,null],"w":[false,false],"neighbors":["28204602104","28204603000","28204603002","28204603004"]}},{"type":"Feature","geometry":{"type":"Polygon","coordinates":[[[135.24649930285952,34.82861090997924],[135.24705525857098,34.82847644010337],[135.2465762121462,34.82696166363534],[135.2463803381078,34.825984149077506],[135.24594305257546,34.823322034159936],[135.24413580775393,34.82473249172367],[135.24401453407512,34.82487946333082],[135.24352917239895,34.825722575671776],[135.2432713730529,34.82607459337592],[135.24311672351533,34.8262310404804],[135.24272049980547,34.82647606123497],[135.24153139081844,34.82688497600388],[135.24134097208346,34.826981192112676],[135.24102116869085,34.82720986086444],[135.24087300366588,34.827374073505595],[135.24072388838647,34.827607451731446],[135.24070792071768,34.82803554839973],[135.24127325663002,34.828178725427385],[135.24142217118734,34.828276772081836],[135.24151967359074,34.82839802121343],[135.24158289602218,34.82851649881293],[135.24170185213643,34.82917466028482],[135.2426804080368,34.829070994244496],[135.2430726580364,34.82861979243087],[135.24425662930742,34.82970971206211],[135.24466247040223,34.829414679043566],[135.24527559376,34.82906569186727],[135.24569461379787,34.82887408451325],[135.24649930285952,34.82861090997924]]]},"properties":{"code":"28204603002","name":"山口町上山口二丁目","jinko":961,"addr_key":"28204|山口町上山口2","addr_key_town":"28204|山口町上山口2","n":[null,null],"w":[false,false],"neighbors":["28204602104","28204602105","28204603001","28204603003","28204603004"]}},{"type":"Feature","geometry":{"type":"Polygon","coordinates":[[[135.25350519451555,34.83054259001818],[135.25335362086386,34.83043767608612],[135.25262537628453,34.830264243013694],[135.2520882459424,34.82997266081572],[135.25266119626534,34.82973816407909],[135.25279054803596,34.82960414648359],[135.25305943692828,34.82947625578453],[135.25304157438023,34.82943688006016],[135.25286718705104,34.829438202399494],[135.2525947274645,34.82925321397064],[135.25250749444885,34.8292503549284],[135.25202090052827,34.8296082181931],[135.25166869225762,34.829693567421685],[135.25130057067028,34.82953092094919],[135.25099152920103,34.82925866651404],[135.25180878518114,34.82895901027357],[135.2519989922406,34.82881368793546],[135.25233030360278,34.828800402192265],[135.25239471326765,34.828717162413845],[135.25236362651512,34.82866352088737],[135.2522583706441,34.828606780910114],[135.25195263518606,34.82856233404974],[135.2516411026222,34.82838855516959],[135.2514838630457,34.8283645336849],[135.2512663950933,34.82861612437131],[135.25088105895964,34.828863492057266],[135.2507680134479,34.82888949026853],[135.2506849785367,34.82887223024588],[135.2500423763183,34.82834121207841],[135.2500237954927,34.828237193177806],[135.25006611707545,34.82811813487268],[135.25030716085718,34.827835878969],[135.25037505580238,34.8276663446566],[135.25065521982802,34.82756901051863],[135.25068466416334,34.827475262932786],[135.25061869542236,34.8274182239088],[135.25062928792016,34.82719517770588],[135.25070577214427,34.827014873688746],[135.2510058292411,34.826940699837685],[135.25108315197483,34.82683581318991],[135.25117545950903,34.826511511465796],[135.25126564728924,34.826388570596684],[135.25139691561856,34.82642715604945],[135.25181349507375,34.826048282217556],[135.25183886262505,34.82597977872488],[135.2517722919682,34.82587598300927],[135.25167595075453,34.825837132907814],[135.25170527848667,34.82573268146645],[135.2516001065746,34.82568305375043],[135.25143503986516,34.82573824901149],[135.25139040226085,34.825648724739025],[135.25179383223292,34.82526269702506],[135.2518924451435,34.82511455083628],[135.25196768596498,34.82482277266403],[135.25194419421518,34.824668366554675],[135.2518588047443,34.824438862758406],[135.25175715144132,34.82431378345195],[135.2510154077196,34.823742259890295],[135.2486306095165,34.82587374351687],[135.24787006775392,34.8265045078985],[135.24742530727448,34.826692023848366],[135.24655060211256,34.826839104273645],[135.24708310620565,34.82856961649989],[135.24749481944485,34.82850517343778],[135.24814987229297,34.82850389467532],[135.24828329466408,34.82854408745805],[135.24855120543492,34.82855100975289],[135.24891296895242,34.828634129156605],[135.24945297342362,34.82882463864365],[135.24990340942736,34.82907871460448],[135.25178217959052,34.83058973389073],[135.25181626704796,34.830552220005245],[135.25259290238884,34.83105989069797],[135.25256935769585,34.83110063499893],[135.25325862672705,34.83137824519754],[135.25400915496343,34.83154206956401],[135.25421507645626,34.83163396355776],[135.25414833685707,34.83150861634183],[135.25394987616716,34.831312363202066],[135.25389564009274,34.83114374981305],[135.25369834860095,34.83104453656973],[135.25370570142923,34.83092221945844],[135.2535239447723,34.830653933753865],[135.25350519451555,34.83054259001818]]]},"properties":{"code":"28204603003","name":"山口町上山口三丁目","jinko":903,"addr_key":"28204|山口町上山口3","addr_key_town":"28204|山口町上山口3","n":[null,3],"w":[false,false],"neighbors":["28204602105","282046022","28204603000","28204603002","28204603004","28204606103","28204621004"]}},{"type":"Feature","geometry":{"type":"Polygon","coordinates":[[[135.25066751139624,34.82259068952049],[135.25081032100772,34.82249256322793],[135.25100148198075,34.822426396996235],[135.25024536386945,34.82246626944631],[135.24974050324596,34.82254550680398],[135.24944377952212,34.822526197978085],[135.24936930006453,34.82249443433039],[135.24897305744565,34.8221486069023],[135.24863319783142,34.82177368944268],[135.24850205514508,34.8217458753876],[135.24827969280668,34.82174755182515],[135.2479718177167,34.82190086483425],[135.2477955668207,34.82193275655341],[135.24726825465095,34.82195116518685],[135.24669801761416,34.82204172702797],[135.24674150807655,34.82243000850805],[135.24666457321644,34.82268587921691],[135.24651674607776,34.82287911174615],[135.24594305257546,34.823322034159936],[135.2463803381078,34.825984149077506],[135.24655060211256,34.826839104273645],[135.24742530727448,34.826692023848366],[135.24787006775392,34.8265045078985],[135.2486306095165,34.82587374351687],[135.2510154077196,34.823742259890295],[135.25066422330178,34.823471595099534],[135.250473630657,34.8231890090885],[135.25045757491313,34.822919542545485],[135.25054696144264,34.82272463426865],[135.25066751139624,34.82259068952049]]]},"properties":{"code":"28204603004","name":"山口町上山口四丁目","jinko":968,"addr_key":"28204|山口町上山口4","addr_key_town":"28204|山口町上山口4","n":[0,0],"w":[false,false],"neighbors":["28204603000","28204603001","28204603002","28204603003","282046042","28204606103","282046062"]}},{"type":"Feature","geometry":{"type":"Polygon","coordinates":[[[135.25145231252736,34.8104903405761],[135.25173719651679,34.81012687461706],[135.25181639208085,34.80995826781497],[135.25222800669724,34.809543575442135],[135.25234571398934,34.80932912622779],[135.25232085621076,34.80903613102183],[135.2518444201737,34.80852605465291],[135.25171490731518,34.80828003837453],[135.25164083051604,34.80800655908131],[135.25152538485543,34.807862103785695],[135.25127970938522,34.80776860407144],[135.2508088630827,34.80778748436762],[135.25071559175495,34.80775393565896],[135.25056294756985,34.80754054385267],[135.25053056216166,34.80757684606803],[135.25017280760406,34.80768560686815],[135.2502463296915,34.80801957453573],[135.250120150584,34.808068525994756],[135.25014389369662,34.80853439284122],[135.25030476586474,34.8090461003123],[135.25032083933712,34.80921454776242],[135.2501328273004,34.809212360273946],[135.25012637222062,34.80941884012315],[135.25032532985117,34.809521004341704],[135.25036168850028,34.80974428861799],[135.2502503438043,34.80975684609241],[135.25003973372546,34.81018121293034],[135.24990022569273,34.810216521442314],[135.2496641595768,34.81011914370633],[135.2494600119839,34.8101405142306],[135.2494247137376,34.81017565466587],[135.2494256942853,34.810298525506944],[135.2494995215828,34.81045121397328],[135.24934770333599,34.81046047210236],[135.24917668390333,34.8104139841507],[135.24917956495426,34.810575321444404],[135.24932852350918,34.81060394688597],[135.24911802398603,34.81093996847907],[135.24911315834404,34.81099409172071],[135.24926983780662,34.81122638481277],[135.2492867475013,34.81137138878882],[135.24918790436615,34.81162453810713],[135.2493013892942,34.81179900957037],[135.24935515263186,34.81202171433906],[135.2492758041385,34.812555067127214],[135.24903844680736,34.81303281925332],[135.2492339637603,34.81336656957531],[135.24928759329924,34.813746489906016],[135.25033151521686,34.81323400167603],[135.25110283010463,34.81272906813917],[135.25176796151885,34.812339047717906],[135.25186047672486,34.81223626949527],[135.25195289974448,34.81189752935936],[135.2519620441464,34.81174103196613],[135.25176534011567,34.81155578191577],[135.25150141647833,34.81139793791058],[135.25133445712393,34.8110278055679],[135.25134393631893,34.81075446283826],[135.25145231252736,34.8104903405761]]]},"properties":{"code":"28204604101","name":"山口町中野一丁目","jinko":215,"addr_key":"28204|山口町中野1","addr_key_town":"28204|山口町中野1","n":[0,null],"w":[false,false],"neighbors":["28204604102","28204604103","282046042"]}},{"type":"Feature","geometry":{"type":"Polygon","coordinates":[[[135.24928759329924,34.813746489906016],[135.2492339637603,34.81336656957531],[135.24903844680736,34.81303281925332],[135.2492758041385,34.812555067127214],[135.24935515263186,34.81202171433906],[135.2493013892942,34.81179900957037],[135.24918790436615,34.81162453810713],[135.2492867475013,34.81137138878882],[135.2492462306981,34.81116706672569],[135.24917138759457,34.81108430260939],[135.24903680921994,34.81110734762754],[135.248879479363,34.811408713846255],[135.24867475276463,34.81167437955843],[135.24853013187942,34.81164301749809],[135.24843058028358,34.811742930836125],[135.24845050985033,34.81195461577555],[135.2486685243039,34.81200074952455],[135.24866785045842,34.81223603249528],[135.24879031345014,34.81243793456499],[135.2487593051512,34.8125003670522],[135.24880901089918,34.81264602652233],[135.2488317530511,34.81292349985216],[135.24813684306713,34.81353811313955],[135.24813871778957,34.81360840992905],[135.24809130287602,34.81367006627042],[135.2480474665449,34.813659578982104],[135.24794197150987,34.81370724868601],[135.24789105013747,34.813763183441885],[135.24764921274297,34.81379359641759],[135.24770958448326,34.81424935849464],[135.24766670096034,34.814440814670604],[135.2475962440676,34.814641071955194],[135.24738481261633,34.81491929426859],[135.24737043915306,34.81498358416099],[135.2477403336875,34.81605445431829],[135.24802469802393,34.81655158922997],[135.24807019115593,34.81583339956891],[135.24875083434105,34.815092985341884],[135.24889731073978,34.81479800952327],[135.24897084636243,34.81449005908858],[135.24900889092518,34.81400307279497],[135.24906415225448,34.813912264698075],[135.24928759329924,34.813746489906016]]]},"properties":{"code":"28204604102","name":"山口町中野二丁目","jinko":71,"addr_key":"28204|山口町中野2","addr_key_town":"28204|山口町中野2","n":[0,0],"w":[false,false],"neighbors":["28204603000","28204604101","28204604103","282046042"]}},{"type":"Feature","geometry":{"type":"Polygon","coordinates":[[[135.24994964825896,34.81773508717263],[135.25037430338395,34.817090081290644],[135.2504790511796,34.8168406890928],[135.2508228367111,34.81480674695966],[135.2510608218415,34.814128725029576],[135.25216440906541,34.81247426222062],[135.2524254560772,34.81188310861289],[135.25259094137596,34.8113067648254],[135.25286772153876,34.81058788237733],[135.25299018859752,34.81056667283065],[135.2531168448227,34.81047669651365],[135.25330245291306,34.80994484944648],[135.25343908658598,34.809654226472624],[135.2536384300957,34.80947454085867],[135.2539758663664,34.80935057167926],[135.2541458502839,34.809187304996016],[135.25419394917142,34.80909778164382],[135.25427536322786,34.808734149359715],[135.25403843393082,34.808863712940095],[135.25345933183368,34.80877975932383],[135.25293562690192,34.808817718137405],[135.25274776486967,34.808872585616065],[135.25262104258957,34.808976309784505],[135.2524713825765,34.80923910029417],[135.2523462494807,34.80932814942922],[135.25218683936836,34.80960398865651],[135.25181639208085,34.80995826781494],[135.25173719651679,34.81012687461705],[135.25145231252736,34.8104903405761],[135.25134393631893,34.81075446283826],[135.25133445712393,34.8110278055679],[135.2514523020177,34.81133112739778],[135.25150141647833,34.81139793791058],[135.25186710804783,34.81163534449315],[135.2519620441464,34.81174103196613],[135.25195289974448,34.81189752935936],[135.25186047672486,34.81223626949527],[135.25176796151885,34.812339047717906],[135.25110283010463,34.81272906813917],[135.25033151521686,34.81323400167603],[135.2491964525901,34.8137953602393],[135.24900889092518,34.81400307279497],[135.24897084636243,34.814490059088584],[135.24889731073978,34.81479800952331],[135.24900237361746,34.81511517833749],[135.24899072026838,34.815338804375166],[135.24863067001988,34.816314473398705],[135.2483375936338,34.816903551584815],[135.24868040486223,34.8172236263902],[135.2488199556458,34.81719102382431],[135.249415875815,34.81758620779959],[135.24980147923344,34.81777947474853],[135.24994964825896,34.81773508717263]]]},"properties":{"code":"28204604103","name":"山口町中野三丁目","jinko":192,"addr_key":"28204|山口町中野3","addr_key_town":"28204|山口町中野3","n":[0,null],"w":[false,false],"neighbors":["28204603000","28204604101","28204604102","282046042","282046062"]}},{"type":"Feature","geometry":{"type":"MultiPolygon","coordinates":[[[[135.25290611118186,34.81625470756355],[135.25304345153037,34.8162263419673],[135.25314231892028,34.816155167983545],[135.25337933598362,34.815699271071466],[135.25319693073737,34.815429939053075],[135.25337073551088,34.81504086092407],[135.25337587025453,34.81488828165489],[135.25384890218953,34.81419382580827],[135.25421161135026,34.81407543808925],[135.25442154363472,34.81394102432675],[135.25464755486783,34.813525069374975],[135.25476334889524,34.81346404788591],[135.25584629004243,34.81247691770981],[135.2560014299636,34.81246813397137],[135.25707078192804,34.8133335583723],[135.25759456880306,34.813815224817766],[135.25824283016456,34.81419438909438],[135.2585084150941,34.81442505052539],[135.25890690511824,34.814146933688285],[135.2591126916901,34.81391732964891],[135.25932771813254,34.81349074545348],[135.26015096014538,34.81325319366386],[135.26012497096525,34.81302169466416],[135.26084147301364,34.812501986809984],[135.2613927455136,34.81205213111496],[135.2616252631612,34.81193035201967],[135.26196224576043,34.81184214209922],[135.2620550587288,34.811772839856424],[135.26222625261929,34.81150574826701],[135.26234703971187,34.811380455420206],[135.2626417299062,34.81123692979719],[135.26321112410392,34.81078256117943],[135.26356122319828,34.810448744637036],[135.26393018696297,34.81046409151156],[135.26491666822872,34.80984848667165],[135.2652671617144,34.80972495073405],[135.26578050227428,34.809413258430254],[135.26594402446779,34.8093680589963],[135.26612631140924,34.80922285202302],[135.26641777096626,34.808915111462376],[135.2665586901969,34.80864528764646],[135.26658653554477,34.8084264743247],[135.26643097576851,34.807730882066096],[135.2662779139803,34.806036924130495],[135.2663022543258,34.80557517034947],[135.26647847158773,34.805308597307],[135.2666452830764,34.8051775931036],[135.2668752373083,34.80513357241336],[135.2670499882478,34.80506293201425],[135.26750091979636,34.80483030485492],[135.26770182788647,34.804807632772004],[135.26794359418417,34.804841972904526],[135.268176736237,34.80498962313359],[135.26829059772905,34.80500128210421],[135.2686732721552,34.80492439314066],[135.26870086009922,34.80412443173528],[135.26873881468018,34.80397723271565],[135.26891131040452,34.80369209226122],[135.26984525159997,34.802676546523365],[135.27028500265024,34.80261188797961],[135.27039825095625,34.802562139514365],[135.27051324747723,34.802440825336625],[135.27037513889766,34.80234611081954],[135.26988304785377,34.8022745462326],[135.26978915330287,34.80221611185953],[135.26973600455364,34.80211454462949],[135.26973763118292,34.80191128360502],[135.2693396626721,34.801993225507864],[135.26874182898692,34.8020383925401],[135.26842701998194,34.80198447386996],[135.26817315432777,34.80200445543732],[135.26788535210693,34.80216442226728],[135.26734087341578,34.80233762894506],[135.26735003624552,34.802423196370576],[135.2670660156819,34.80243439279516],[135.2668687814654,34.80238858144197],[135.26616237681503,34.80201314126318],[135.26536779074905,34.80205529410483],[135.26495954870626,34.802195894699274],[135.26470970720374,34.802330773139495],[135.26443585332035,34.80227427673572],[135.26418843831274,34.8023820919933],[135.26405060485916,34.80251611131788],[135.26400849079707,34.802658412201886],[135.26408456712002,34.80310630135004],[135.26395366063468,34.80312758620078],[135.2636855725181,34.803098087471454],[135.2635329368409,34.803130806295144],[135.26329862305354,34.80343232941415],[135.26278554248358,34.803726968268116],[135.2625971867982,34.803741929844726],[135.26245292238133,34.80379035820733],[135.26225621821337,34.80403525062365],[135.26211741713524,34.80408363682689],[135.2618961500909,34.80408758072452],[135.2617523144504,34.80417431621589],[135.26112609290283,34.804857431536135],[135.2602903133573,34.80512747858921],[135.26010372719932,34.80505678586472],[135.2599505313412,34.8050399248104],[135.25964828508467,34.80513237250935],[135.25941773698574,34.80503947868444],[135.25923793760924,34.8048425319829],[135.2591010854352,34.80482103876025],[135.25886668786688,34.80487240374639],[135.25865482640796,34.80498444393279],[135.25841442382784,34.805231917235155],[135.25822125679167,34.80530550311085],[135.2578606053351,34.80530599434304],[135.25767879364898,34.805417804218564],[135.2574925128406,34.80537414920295],[135.25735064911865,34.805393257002564],[135.2573001750227,34.80552209624468],[135.2571459591479,34.80565848512336],[135.25698820577833,34.80572278539842],[135.2568757900496,34.805687582301],[135.25670140887178,34.80548608336829],[135.25647848073984,34.80534129312301],[135.25636095361952,34.8053376788223],[135.25608454935448,34.805542602716905],[135.25559683431675,34.80615477898172],[135.25552582621825,34.80615757158251],[135.25462534575038,34.80552663301092],[135.25415500915784,34.8052462442726],[135.25367171746663,34.80502905272441],[135.25336864033017,34.80480148027101],[135.25312426444626,34.80469290378742],[135.25239308929164,34.80478858099793],[135.25212677478928,34.805164693904246],[135.25170693898903,34.80549464104799],[135.2515776273515,34.805660131727436],[135.2514157243864,34.806089540572145],[135.2513317810183,34.80615778307409],[135.25098979986478,34.80627938518897],[135.25074226618005,34.806709862505045],[135.25052043503476,34.80690985482889],[135.25041059320634,34.807106747851314],[135.25041552354867,34.80730502806427],[135.25071559175495,34.80775393565896],[135.2508832381554,34.807792332197316],[135.25127970938522,34.80776860407144],[135.25152538485543,34.807862103785695],[135.25164083051604,34.80800655908131],[135.25171490731518,34.808280038374484],[135.2518444201737,34.80852605465289],[135.25232085621076,34.80903613102183],[135.25234571398934,34.80932912622779],[135.2524713825765,34.80923910029417],[135.25262104258957,34.808976309784505],[135.25274776486967,34.808872585616065],[135.25314453834537,34.80878834226081],[135.25345933183368,34.80877975932383],[135.25403843393082,34.808863712940095],[135.25427536322786,34.808734149359736],[135.25419394917142,34.80909778164382],[135.2541458502839,34.80918730499604],[135.2539758663664,34.809350571679296],[135.2536384300957,34.80947454085874],[135.25343908658598,34.809654226472624],[135.25330245291306,34.80994484944648],[135.2531168448227,34.81047669651365],[135.25299018859752,34.81056667283066],[135.25286772153876,34.81058788237733],[135.25259094137596,34.81130676482542],[135.2524254560772,34.8118831086129],[135.25216440906541,34.81247426222062],[135.2510608218415,34.814128725029576],[135.2508228367111,34.81480674695966],[135.2504790511796,34.8168406890928],[135.2512693636563,34.816562313285694],[135.2518514001849,34.81649988183096],[135.25265827984052,34.816214468645946],[135.25290611118186,34.81625470756355]]],[[[135.24809130287602,34.81367006627043],[135.24813871778957,34.81360840992906],[135.24813684306713,34.81353811313958],[135.2488317530511,34.81292349985216],[135.24880901089918,34.81264602652233],[135.2487593051512,34.8125003670522],[135.24879031345014,34.81243793456499],[135.24866785045842,34.81223603249528],[135.2486685243039,34.81200074952455],[135.24845050985033,34.81195461577555],[135.24843058028358,34.811742930836125],[135.24853013187942,34.81164301749809],[135.24867475276463,34.81167437955843],[135.248879479363,34.811408713846255],[135.24903680921994,34.81110734762754],[135.24917138759457,34.81108430260939],[135.24911315834404,34.81099409172071],[135.24911802398603,34.81093996847907],[135.24932852350918,34.81060394688597],[135.24917956495426,34.810575321444404],[135.24917668390333,34.8104139841507],[135.24934770333599,34.81046047210236],[135.2494995215828,34.81045121397328],[135.2494256942853,34.810298525506944],[135.2494247137376,34.81017565466587],[135.2494600119839,34.81014051423064],[135.2496641595768,34.81011914370633],[135.24990022569273,34.81021652144234],[135.25003973372546,34.81018121293034],[135.2502503438043,34.80975684609241],[135.25036168850028,34.80974428861799],[135.25032532985117,34.809521004341704],[135.25012637222062,34.80941884012315],[135.2501328273004,34.80921236027398],[135.25032083933712,34.80921454776244],[135.25030476586474,34.809046100312315],[135.25014389369662,34.80853439284122],[135.250120150584,34.80806852599479],[135.25024632969146,34.80801957453573],[135.25017280760406,34.80768560686815],[135.24939787745552,34.80793470140524],[135.24874032267857,34.80826643106277],[135.24847271434575,34.80803407200664],[135.24845823604747,34.80746627179703],[135.24840393329904,34.807250334421326],[135.2485478511622,34.806922477109566],[135.248547557802,34.8067724733208],[135.2464600870503,34.80708960020581],[135.24626216736357,34.80722095205733],[135.2461366174232,34.80725654401878],[135.2459495394231,34.80721780800832],[135.24601927523156,34.80739362910219],[135.2460673734376,34.807960613831604],[135.24611483813138,34.80817646230674],[135.24625693360144,34.80842540446401],[135.24655979134002,34.808757648040746],[135.24676239168105,34.80891824519828],[135.24689371875974,34.809120082625185],[135.24689051492751,34.80920109521798],[135.2467943962799,34.80940450177022],[135.2467873464746,34.80956977243066],[135.24699618493327,34.81068176581797],[135.2473093541643,34.81104196006082],[135.24734486818704,34.81114944401066],[135.24709374538824,34.81204643841268],[135.24715643674853,34.81212540679296],[135.24765217934853,34.812339008996794],[135.24768379483962,34.812387223666704],[135.24759382544124,34.8126987579837],[135.24761048865875,34.812955263176065],[135.24771172329733,34.81319127173837],[135.24770796132725,34.813476521697766],[135.24789105013747,34.813763183441885],[135.24794197150987,34.81370724868601],[135.2480474665449,34.813659578982104],[135.24809130287602,34.81367006627043]]],[[[135.24735908371605,34.815643748882536],[135.24727615971165,34.81624126800974],[135.2472818082731,34.81637959369865],[135.2473894544786,34.81682319378318],[135.24757869962636,34.8170123840787],[135.24765290048356,34.8169239758519],[135.2479676649915,34.81692070417478],[135.24802306983898,34.816549445268905],[135.2477403336875,34.81605445431829],[135.24745126154954,34.81526506404314],[135.24735908371605,34.815643748882536]]],[[[135.2488242908743,34.82137786509533],[135.248764646036,34.821135628442725],[135.24879669523685,34.82102960808936],[135.24893825911593,34.820950297585455],[135.24933151952658,34.82088866622278],[135.24942895868926,34.82068827403084],[135.24944622488624,34.82053553163849],[135.2492253934877,34.82009682759284],[135.24920526432598,34.81999134058402],[135.24923231157047,34.81985796148028],[135.24958925933026,34.81930926242002],[135.24958390978247,34.81925063856445],[135.24938653369713,34.81900162583927],[135.24928710014999,34.81902195367102],[135.24921084391806,34.818991259556284],[135.24916698065755,34.81889369986359],[135.2491792015038,34.81870965745446],[135.2492914652825,34.81856007246085],[135.24991316808482,34.81833818889266],[135.24988205005317,34.818103555603386],[135.25008051909268,34.818027688259086],[135.25008282785006,34.81780456366401],[135.25011100150112,34.817780827820066],[135.2502263860803,34.817913060841406],[135.2503022950978,34.81791248761551],[135.25104116063858,34.81756055441232],[135.25076888890328,34.81702639473477],[135.25037430338395,34.817090081290644],[135.24994964825896,34.81773508717263],[135.24980147923344,34.81777947474853],[135.249415875815,34.81758620779959],[135.2488199556458,34.81719102382431],[135.24868040486223,34.8172236263902],[135.2483375936338,34.816903551584815],[135.24818316194273,34.817476482289486],[135.24814584473987,34.8181791865116],[135.2482743116083,34.818853455691745],[135.24824681067838,34.81937037324231],[135.24818456812574,34.819541131144256],[135.248100383664,34.81965127567224],[135.24779020436068,34.819927637810565],[135.24780132623025,34.82007629303476],[135.24800270718174,34.82026260172848],[135.24800800954176,34.820309536231335],[135.2479561374778,34.82033732206823],[135.2476423198796,34.82029278190712],[135.24756653532103,34.82030504330462],[135.24751957683148,34.820352371406344],[135.2475346610009,34.820426627332694],[135.24759942005363,34.82049078985793],[135.2482444881564,34.82088115911107],[135.2482309150617,34.82093612241399],[135.24816465880818,34.82095225570234],[135.24772361449052,34.820986919312176],[135.2476627814938,34.82106956373767],[135.24765503482533,34.82122617833155],[135.24768003095363,34.82133951675314],[135.2482164238069,34.82177147992627],[135.24850205514508,34.8217458753876],[135.24863319783142,34.82177368944268],[135.2487477056192,34.82188064794208],[135.2488269343382,34.82161651792268],[135.2488242908743,34.82137786509533]]]]},"properties":{"code":"282046042","name":"山口町中野","jinko":48,"addr_key":"28204|山口町中野","addr_key_town":"28204|山口町中野","n":[0,null],"w":[false,false],"neighbors":["28204603000","28204603004","28204604101","28204604102","28204604103","282046050","282046062","282046170"]}},{"type":"Feature","geometry":{"type":"Polygon","coordinates":[[[135.2788500956408,34.82016762124445],[135.27898852728535,34.820040975929935],[135.27926087139957,34.819922374222024],[135.27977771622915,34.819565452753004],[135.28043066392232,34.81937134898059],[135.28088417271775,34.81904738144894],[135.28152783476412,34.818818554639535],[135.28206999816686,34.818407339458375],[135.28235446307545,34.81808834932877],[135.28279495509713,34.817420590348114],[135.28460556130057,34.81689811180993],[135.28483319347194,34.81674688873669],[135.28537037221258,34.81613548219107],[135.285646876378,34.815950213009344],[135.28657017815047,34.81562649084222],[135.2867484665801,34.81539593151429],[135.28699489036674,34.815260615209375],[135.28728219260805,34.81514596397434],[135.28911137507197,34.81469412829211],[135.28968126391075,34.814508094580226],[135.2899503837182,34.814349917372255],[135.29016671010513,34.814175111460315],[135.29059268581764,34.81354469805341],[135.29081910825388,34.813283331101175],[135.2915539377415,34.8127055554502],[135.2893022396983,34.811977468449705],[135.29075692645375,34.810221601330866],[135.29062629301035,34.80999374849478],[135.29050781355002,34.80989354951196],[135.28940402346467,34.80924431606939],[135.2902276358435,34.80735255958405],[135.29068299658266,34.80757447864852],[135.29083297648975,34.80779217932126],[135.29108978529226,34.80789297927229],[135.29162452183868,34.80822934430291],[135.2917442111002,34.80838235157138],[135.29216352430566,34.80837369597853],[135.29230196621373,34.808442747828586],[135.29242990777288,34.80845258481325],[135.2926407893564,34.80841444252627],[135.29301846387207,34.808481747899506],[135.29355844674652,34.808423400799036],[135.29396505093777,34.808452727540846],[135.2948018395632,34.80869598711831],[135.29527426028721,34.808738310510876],[135.29546981916323,34.80893141916762],[135.29578167527123,34.808977546661765],[135.2960916107776,34.80928454334852],[135.29628223456217,34.8096181184364],[135.29634173469375,34.809660888108404],[135.29684097706854,34.809762433370494],[135.2968989653109,34.80981465284573],[135.29697027174797,34.81002747629506],[135.2970460983358,34.810064765111186],[135.2972129650893,34.81004456874793],[135.29741692575348,34.80982942180361],[135.29753760768625,34.80978789966659],[135.29761740096794,34.80987910140303],[135.29763556664793,34.81003854114267],[135.29770539242972,34.81012446902539],[135.29783320318492,34.81012345506673],[135.29830574526588,34.81032098136825],[135.29873145022907,34.8102960508448],[135.29878740355008,34.81031983284034],[135.29892397158156,34.81050537608327],[135.29937762697435,34.8107678393374],[135.29950252526737,34.81080205899053],[135.29962366921188,34.81079292739228],[135.29971523239942,34.81077332503974],[135.29980608307042,34.81069964263681],[135.30028390030702,34.810647249654245],[135.3006273550303,34.81072959146089],[135.30134560306206,34.811061775808156],[135.30156543461217,34.81108706870848],[135.30166008558558,34.81105377884055],[135.30186971521982,34.81104675724757],[135.3021323415802,34.811087905534016],[135.302289431047,34.810786640188844],[135.29928667882425,34.807468566755446],[135.2992020989659,34.80724500429116],[135.29916687519747,34.807029078066215],[135.29924576894328,34.80674364995306],[135.2992618468622,34.80652618972994],[135.2993691921103,34.806425472616525],[135.29954863894727,34.80639348248473],[135.29957754496584,34.806214229976966],[135.299617179397,34.80615757444768],[135.29983024229844,34.806086863687824],[135.29997352775834,34.80587599686945],[135.30000919833336,34.80561105404444],[135.30036440997688,34.805232437181324],[135.30075183301528,34.80495821499837],[135.30096321942358,34.80461271366265],[135.30110166969231,34.80452202969382],[135.30115034446203,34.80444234334485],[135.30123286220655,34.80394180464266],[135.30135261467962,34.80384366383003],[135.30137250575748,34.80369011838461],[135.30147313851742,34.80354860617667],[135.30154260481777,34.803523826205186],[135.30153466540577,34.80337036108112],[135.30166780323842,34.80309576644749],[135.30181171027385,34.80293855516977],[135.3018634262412,34.802724752407634],[135.3021778219054,34.802405468945864],[135.30199705305606,34.80233127249164],[135.30189082783147,34.80224267807754],[135.30184884795676,34.80212821867013],[135.30193567037196,34.80171891389476],[135.3018980564656,34.801408493415025],[135.3019610283596,34.80113516166843],[135.30205733265342,34.80095241313146],[135.30274661875043,34.80027660209682],[135.30277889040346,34.80013070401878],[135.30296940336547,34.79988579241497],[135.3030752721103,34.79965268310875],[135.3032042958352,34.79951587267654],[135.30335710316794,34.79923759794822],[135.30345522351513,34.79892609557553],[135.3034083831793,34.79868857118245],[135.303463237931,34.79830614319868],[135.30376331334114,34.79785302323773],[135.3038807983536,34.79759883367109],[135.3038999328428,34.797497971932486],[135.3037690974361,34.797042797153686],[135.3037674231098,34.796899986156326],[135.3038527513429,34.79665591344454],[135.30476780521752,34.79549362670964],[135.3066384366466,34.79354493086899],[135.30677018555645,34.79345992958342],[135.30695473331508,34.79339985896574],[135.30748442862551,34.79338308476813],[135.30799141565512,34.79330113363795],[135.30862972461574,34.793076432233946],[135.30908427199498,34.79271770054604],[135.30922881260705,34.79249413709884],[135.30925035668704,34.79238114153637],[135.3087427548962,34.79241014305244],[135.3075975991736,34.792256915338626],[135.30715794230775,34.79208972291572],[135.30678215374556,34.792010190776644],[135.30659775049253,34.79190814043778],[135.30592825365704,34.79166573643254],[135.30560911801606,34.791648709342944],[135.30487431092465,34.791478233333514],[135.30472943334493,34.79141924582551],[135.30455108817495,34.79125840899839],[135.30434993022232,34.79117592728128],[135.30410996244936,34.79096515641222],[135.30398707805233,34.7908961335755],[135.3035813237201,34.7907287997122],[135.3032122703373,34.79064061176242],[135.30265563824926,34.79033165448356],[135.30194796538436,34.78972853362241],[135.3016058212549,34.78933518453241],[135.3013127306595,34.78893172503617],[135.30036745712235,34.78954363476203],[135.2998422168243,34.789698378609025],[135.2990515893553,34.789796773570366],[135.29863370638503,34.79000798585235],[135.29844115354246,34.790610664095716],[135.2985527866574,34.79099599142582],[135.2985328603788,34.79127066791746],[135.29838290001237,34.791492850991474],[135.29781419851952,34.79189005182311],[135.2976158950472,34.791993177362265],[135.29668933701325,34.79226743091649],[135.29529867075047,34.79249478804199],[135.29523055040966,34.792649277337134],[135.2951210374849,34.792760711494935],[135.29495274943685,34.792824580367906],[135.29431014591853,34.792961920138474],[135.29321585296654,34.79335762305077],[135.29297309950218,34.79353757507433],[135.29271962473854,34.79379437507398],[135.29255085528618,34.79382458186226],[135.29151037260502,34.79358277549363],[135.29108514221267,34.79360528206197],[135.2909729490188,34.79348587953151],[135.29077583881582,34.79307389287427],[135.29062577469585,34.7929573229351],[135.29037437271938,34.79289197473451],[135.28975651968344,34.79289683678336],[135.2894703968825,34.792855705070515],[135.2892476042857,34.79274688972215],[135.2890828948881,34.792618319047],[135.2887745562246,34.7921687495288],[135.28784869455953,34.79226250489746],[135.2876271260064,34.79225945461692],[135.28654243048513,34.79201555686688],[135.28607564886113,34.79198738337804],[135.28512546831845,34.791829464284284],[135.28472847956226,34.79184214911075],[135.2842376451304,34.791904866007265],[135.28409864103233,34.7918804589898],[135.28392039619558,34.79179917273698],[135.2837530212796,34.79166061532037],[135.28362791801624,34.7915089097074],[135.28331707038623,34.79096426985239],[135.28318487357726,34.79086346676603],[135.2828095629065,34.790748787615925],[135.28252967560644,34.79071435168089],[135.28254366613035,34.79058705193436],[135.2825035877527,34.790457077792134],[135.28215908354682,34.78999861675372],[135.28207205909575,34.78980210298946],[135.28200174990855,34.78972306966836],[135.2815900394243,34.78945598701396],[135.28138151229948,34.7890854825771],[135.28126483147574,34.78899737386547],[135.2809316983629,34.78885996331319],[135.2804953184912,34.7887935011625],[135.28005825784763,34.78849632746535],[135.2796227127916,34.788502816523135],[135.27938283841453,34.78842834203348],[135.27920801197524,34.788308991467694],[135.27915710637376,34.78823938397667],[135.27916003860307,34.78815977913444],[135.27926279463952,34.78803812906248],[135.2792301515414,34.78788569927383],[135.27924660684448,34.787637671400006],[135.27944446790698,34.78707624490372],[135.27923175263106,34.78667407567102],[135.27921728434987,34.78641656988157],[135.27918123551956,34.7863023363807],[135.2789976056009,34.786084315446885],[135.27891819264275,34.78588773903048],[135.27874034815898,34.785668124946135],[135.27854553866368,34.785151159428295],[135.27823330642866,34.78481652530022],[135.27812842407246,34.78474409682735],[135.27694578955175,34.7843066362498],[135.2768378194337,34.78430747415681],[135.27648101230218,34.78445011007182],[135.27637271334285,34.78442221610745],[135.27612781934718,34.78424283641058],[135.27603116399433,34.7842182323206],[135.2755863406479,34.78425506314431],[135.2753506638672,34.78420280180434],[135.27526125537068,34.78413982892697],[135.2752140541959,34.78405765526408],[135.27520786498374,34.783850930952994],[135.27514870288957,34.78373053678653],[135.27458113441594,34.783482100687166],[135.2732154966161,34.78219977492778],[135.27290395891495,34.78141199608746],[135.27274840733813,34.78128910581411],[135.2725702571489,34.781220479162286],[135.27218798263448,34.78115666664304],[135.2719671235502,34.78106287531205],[135.27151174691187,34.780672143798505],[135.27141211813597,34.7804445913904],[135.2707328180308,34.7805330785901],[135.27015885456584,34.7805617328088],[135.2689266563601,34.78038290849195],[135.2684938049306,34.78048850101153],[135.26814974856399,34.780792573882636],[135.2680492155402,34.78084715261395],[135.26752083598421,34.781012352240765],[135.2673210977501,34.7821925426731],[135.26776782960113,34.782083186655925],[135.26788072717642,34.78216344947936],[135.26795336836767,34.78230712387103],[135.268358318723,34.78285164363603],[135.26846893741376,34.78321362896619],[135.26864457375578,34.78352778731672],[135.26923996781755,34.78376208956108],[135.26937517816833,34.78388274497793],[135.26935164103375,34.78397532569997],[135.2690845264971,34.78426810287411],[135.2689138415078,34.78487564713105],[135.2688936656765,34.78526568275049],[135.26882754647028,34.785457751353746],[135.2686933463596,34.78566837297556],[135.2684936942961,34.785888512553534],[135.26845999396315,34.786048780433696],[135.2686117480362,34.786182831401916],[135.2685269406135,34.78641335543431],[135.26852065604726,34.78658242693495],[135.26862809111864,34.78690387054661],[135.26880355796416,34.78720225413322],[135.26886905548216,34.787438382002925],[135.26907053934,34.78762162942873],[135.2691406854615,34.78778560495373],[135.26900259953717,34.78813598170858],[135.26910585477657,34.78832899966258],[135.2691161641565,34.78851597217575],[135.2690498394365,34.788690012799925],[135.26902721811382,34.78886371697897],[135.26911679146193,34.78905458657821],[135.26938166504556,34.78928692541644],[135.26951844002528,34.78954504031219],[135.26922848853272,34.789752354022355],[135.26900472895932,34.79001549845901],[135.2688894901914,34.79021245183148],[135.268861201303,34.790368170469975],[135.26893719475652,34.79056590557448],[135.26910008829978,34.790717898944365],[135.26936356534716,34.79082629850091],[135.26958519961448,34.79109953521132],[135.27019510003302,34.79140358415228],[135.27039098058498,34.79157335059691],[135.27066296313322,34.79170872536705],[135.27082818523857,34.79182464024726],[135.27089522409415,34.79195483405337],[135.27088036665256,34.79209016678567],[135.27075468836046,34.79233002144764],[135.27040780056208,34.79257608878538],[135.27015413964844,34.793335265507665],[135.2699237346782,34.79373593446904],[135.2697457671867,34.79394238641176],[135.26993315196722,34.794085175334175],[135.2699982760705,34.79428750065599],[135.26995114703058,34.79446815460534],[135.26997583214805,34.794718117851055],[135.2701737631011,34.79482702059043],[135.27030472988517,34.795053627928326],[135.27031723921857,34.79519325657692],[135.27021874445919,34.79542163243012],[135.27023258028427,34.79591957802783],[135.2704368973437,34.79610956158423],[135.27049331902202,34.79626688068879],[135.27061959137794,34.79631999420221],[135.27090601578436,34.796522865607336],[135.2710365023325,34.796706656718065],[135.27081737660785,34.79689765181259],[135.27072117981683,34.79732883694541],[135.2705041195141,34.79746122114528],[135.27034261300616,34.797674307384796],[135.27029609587748,34.79790904339821],[135.27023433689558,34.79800417185174],[135.26961089740465,34.798439418578134],[135.26934384035127,34.79874120789045],[135.26919111000043,34.799006058396586],[135.269066381315,34.79957267935639],[135.26910097360073,34.79973242068196],[135.26937632337223,34.800162997349624],[135.2692514447185,34.80047495957406],[135.26923691495213,34.80063958629103],[135.2693447049463,34.800990322327365],[135.26950751668056,34.80137443894937],[135.26967477334296,34.80166837599392],[135.26973763118292,34.80191128360502],[135.26973600455364,34.80211454462949],[135.26978915330287,34.80221611185953],[135.26988304785377,34.8022745462326],[135.27037513889766,34.80234611081954],[135.27051324747723,34.802440825336625],[135.27039825095625,34.802562139514365],[135.27028500265024,34.80261188797961],[135.26984525159997,34.802676546523365],[135.26891131040452,34.80369209226122],[135.26873881468018,34.80397723271565],[135.26870086009922,34.80412443173528],[135.26863901940078,34.805437491830766],[135.26780405672145,34.80680706281618],[135.26839744469228,34.80724970027498],[135.26887199826356,34.80789790492651],[135.26904124398524,34.80807266597106],[135.26951217210467,34.808406799310326],[135.26965820252798,34.808567370992776],[135.26975254250388,34.8087473548744],[135.26985282627754,34.80919617674575],[135.27003382052206,34.80938986075801],[135.2700523040331,34.809499159069205],[135.27001869450157,34.80958505499849],[135.26963554262542,34.809878157788035],[135.269538977584,34.81000735684236],[135.26948889599154,34.8101695799992],[135.26949513666904,34.810796597459785],[135.2695533052191,34.8108968569954],[135.2696723019063,34.810976648459764],[135.269693193651,34.81102691142999],[135.26966930427076,34.81107399854193],[135.2695763614254,34.81113851995543],[135.2692149891172,34.811228629108086],[135.26914623731753,34.811272821295844],[135.26909432913078,34.81136392835595],[135.2691160884253,34.81149137178461],[135.26934714520942,34.81175495455929],[135.2693162133484,34.8118961821515],[135.26914590979726,34.81196129845694],[135.2687797143337,34.811987637612496],[135.26869086159803,34.81205888742496],[135.26873081147284,34.812171118498284],[135.26895227694328,34.81230378577874],[135.26897411656907,34.81243784807229],[135.26872146079486,34.812779097904524],[135.2686386013601,34.81301819445765],[135.26847254362875,34.81399513719631],[135.26857400041197,34.814147179314446],[135.26838430340814,34.814838801868795],[135.26825654891633,34.81506486267843],[135.26803159398227,34.8153419528962],[135.26796595996632,34.815654721779914],[135.2676889149082,34.816189263038915],[135.26768557347668,34.81625633316809],[135.26785994470694,34.816550635889044],[135.26894647310712,34.8174083641932],[135.26976477356143,34.81789433276664],[135.27040617648063,34.81832341909078],[135.2707373328379,34.81863876407705],[135.27176651412083,34.81950972487211],[135.2721943830911,34.81985805085566],[135.27238220918264,34.81996597048697],[135.27251122316108,34.820009412392125],[135.2726354807898,34.8199947202564],[135.27310873811413,34.81985781884799],[135.27347353452987,34.81984816775875],[135.27360576489468,34.81980615813268],[135.2741911793975,34.81985965993999],[135.27427397815322,34.81984880767013],[135.27458322011566,34.819692536186245],[135.27511300345685,34.81982541035146],[135.2759512010082,34.8198717353057],[135.27680395401143,34.820265489703566],[135.27699640067215,34.82029920861176],[135.27776854951824,34.82016996946925],[135.27829078611882,34.82034408951494],[135.2784402356166,34.82035180115142],[135.2788500956408,34.82016762124445]]]},"properties":{"code":"282046050","name":"山口町船坂","jinko":604,"addr_key":"28204|山口町船坂","addr_key_town":"28204|山口町船坂","n":[0,4],"w":[false,false],"neighbors":["282040010","282045011","282045020","282046022","282046042","282046062"]}},{"type":"Feature","geometry":{"type":"Polygon","coordinates":[[[135.25116759114616,34.82241857809174],[135.25117903042943,34.82264349946443],[135.25104026524875,34.82280553960882],[135.25195638840194,34.8234173933097],[135.25264659698425,34.82400032338733],[135.2528364348275,34.824399577784476],[135.25295157647022,34.82440410196314],[135.25302912304497,34.82444387162169],[135.25315901935272,34.82455901795684],[135.2533444242829,34.824880796948136],[135.25364537641278,34.82501061251869],[135.25355884087654,34.82460201538155],[135.25376015380965,34.82442110228712],[135.25380487389467,34.824117877828066],[135.25420877691357,34.82263777556747],[135.25116759114616,34.82241857809174]]]},"properties":{"code":"28204606101","name":"山口町金仙寺一丁目","jinko":70,"addr_key":"28204|山口町金仙寺1","addr_key_town":"28204|山口町金仙寺1","n":[0,null],"w":[false,false],"neighbors":["282046022","28204606103","282046062"]}},{"type":"Feature","geometry":{"type":"Polygon","coordinates":[[[135.2519299112117,34.81992195723334],[135.25086616271702,34.820091199264674],[135.25082961463576,34.820275989481736],[135.25040859625128,34.82111718593767],[135.25077343776476,34.821517855379746],[135.25137347111888,34.821929564220675],[135.251725189045,34.822123123106515],[135.25287962433418,34.82240674341906],[135.25436351649643,34.82255234264057],[135.2544020866437,34.82248173763026],[135.25431933034696,34.82231469675523],[135.25433819748022,34.822058604608564],[135.2543929752155,34.82191277487672],[135.254519558919,34.82174256679451],[135.2545235415094,34.82151176679745],[135.25429491247385,34.82071121896056],[135.2537189559497,34.82070117742758],[135.2530681526473,34.82058620547898],[135.25285934935326,34.82065501857823],[135.25240417743785,34.8207378881211],[135.2519299112117,34.81992195723334]]]},"properties":{"code":"28204606102","name":"山口町金仙寺二丁目","jinko":9,"addr_key":"28204|山口町金仙寺2","addr_key_town":"28204|山口町金仙寺2","n":[0,0],"w":[false,false],"neighbors":["282046062"]}},{"type":"Feature","geometry":{"type":"Polygon","coordinates":[[[135.25220645348014,34.82517747070691],[135.25246639920599,34.82496526787193],[135.25299130763017,34.824859948489106],[135.2531660156583,34.82466807548885],[135.25295157647022,34.824404101963125],[135.2528364348275,34.824399577784476],[135.25264659698425,34.82400032338735],[135.25195638840194,34.8234173933097],[135.25104026524875,34.82280553960882],[135.25117903042943,34.82264349946444],[135.25116759114619,34.82241857809172],[135.25100148198075,34.822426396996235],[135.25081032100772,34.822492563227904],[135.25066751139627,34.82259068952047],[135.25054696144264,34.82272463426865],[135.25045757491313,34.82291954254547],[135.250473630657,34.8231890090885],[135.2505316893726,34.82331082874911],[135.25066422330178,34.823471595099534],[135.25175715144132,34.824313783451935],[135.2518588047443,34.82443886275839],[135.25194419421518,34.824668366554675],[135.25196768596498,34.824822772664014],[135.2518924451435,34.82511455083627],[135.25179383223292,34.82526269702506],[135.25139040226085,34.825648724739004],[135.25141275895535,34.82569356554522],[135.25201160084276,34.82525106194533],[135.25220645348014,34.82517747070691]]]},"properties":{"code":"28204606103","name":"山口町金仙寺三丁目","jinko":95,"addr_key":"28204|山口町金仙寺3","addr_key_town":"28204|山口町金仙寺3","n":[0,0],"w":[false,false],"neighbors":["282046022","28204603003","28204603004","28204606101","282046062"]}},{"type":"Feature","geometry":{"type":"Polygon","coordinates":[[[135.25613293515298,34.826551289434036],[135.2551496732893,34.825149915558846],[135.26217488823374,34.82143520593798],[135.2623641470711,34.821383265910384],[135.26254162158585,34.82137683906036],[135.26267039521755,34.82139099612796],[135.26297213958904,34.82154531396622],[135.26358432163127,34.821525490214306],[135.26370581084018,34.82143864289901],[135.2637873026569,34.821334495355494],[135.2637734289736,34.820647818781616],[135.2638199972682,34.82043041253377],[135.2639160660114,34.82026298054495],[135.26403760882326,34.820181273929286],[135.2642938403152,34.82009339425585],[135.2644772888247,34.8200718466759],[135.2648453251112,34.82012959309808],[135.26496760631466,34.82011351361749],[135.26565403751007,34.81989366824411],[135.26584124380247,34.81965997074023],[135.26578081666034,34.8191856998902],[135.26581036096638,34.819094555365034],[135.26743531622907,34.81793831106558],[135.26758647968128,34.81776545268986],[135.2678098659077,34.816940610451674],[135.26785994470694,34.816550635889044],[135.26768557347668,34.81625633316809],[135.2676889149082,34.816189263038915],[135.26790453701773,34.81581139514891],[135.26803159398227,34.8153419528962],[135.26825654891633,34.81506486267843],[135.26842780233292,34.81472085783157],[135.26857400041197,34.814147179314446],[135.26847254362875,34.81399513719631],[135.2686386013601,34.81301819445765],[135.26872146079486,34.812779097904524],[135.26897411656907,34.81243784807229],[135.26895227694328,34.81230378577874],[135.26873081147284,34.812171118498284],[135.26869086159803,34.81205888742496],[135.2687797143337,34.811987637612496],[135.26914590979726,34.81196129845694],[135.2693162133484,34.8118961821515],[135.26934714520942,34.81175495455929],[135.2691160884253,34.81149137178461],[135.26909432913078,34.81136392835595],[135.26914623731753,34.811272821295844],[135.2692149891172,34.811228629108086],[135.2695763614254,34.81113851995543],[135.26966930427076,34.81107399854193],[135.269693193651,34.81102691142999],[135.2696723019063,34.810976648459764],[135.2695533052191,34.8108968569954],[135.26949513666904,34.810796597459785],[135.26948889599154,34.8101695799992],[135.269538977584,34.81000735684236],[135.26963554262542,34.809878157788035],[135.27001869450157,34.80958505499849],[135.2700523040331,34.809499159069205],[135.27003382052206,34.80938986075801],[135.26985282627754,34.80919617674575],[135.26975254250388,34.8087473548744],[135.26965820252798,34.808567370992776],[135.26951217210467,34.808406799310326],[135.26904124398524,34.80807266597106],[135.26887199826356,34.80789790492651],[135.26839744469228,34.80724970027498],[135.26780405672145,34.80680706281618],[135.26863901940078,34.805437491830766],[135.2686732721552,34.80492439314066],[135.26829059772905,34.80500128210421],[135.268176736237,34.80498962313359],[135.26794359418417,34.804841972904526],[135.26770182788647,34.804807632772004],[135.26750091979636,34.80483030485492],[135.2670499882478,34.80506293201425],[135.2668752373083,34.80513357241336],[135.2666452830764,34.8051775931036],[135.26647847158773,34.805308597307],[135.2663022543258,34.80557517034947],[135.2662779139803,34.806036924130495],[135.26643097576851,34.807730882066096],[135.26658653554477,34.8084264743247],[135.2665586901969,34.80864528764646],[135.26641777096626,34.808915111462376],[135.26612631140924,34.80922285202302],[135.26594402446779,34.8093680589963],[135.26578050227428,34.809413258430254],[135.2652671617144,34.80972495073405],[135.26491666822872,34.80984848667165],[135.26393018696297,34.81046409151156],[135.26356122319828,34.810448744637036],[135.26321112410392,34.81078256117943],[135.2626417299062,34.81123692979719],[135.26234703971187,34.811380455420206],[135.26222625261929,34.81150574826701],[135.2620550587288,34.811772839856424],[135.26196224576043,34.81184214209922],[135.2616252631612,34.81193035201967],[135.2613927455136,34.81205213111496],[135.26084147301364,34.812501986809984],[135.26012497096525,34.81302169466416],[135.26015096014538,34.81325319366386],[135.25932771813254,34.81349074545348],[135.2591126916901,34.81391732964891],[135.25890690511824,34.814146933688285],[135.2585084150941,34.81442505052539],[135.25824283016456,34.81419438909438],[135.25759456880306,34.81381522481775],[135.25707078192804,34.8133335583723],[135.2560014299636,34.81246813397137],[135.25584629004243,34.81247691770981],[135.25476334889524,34.81346404788591],[135.25464755486783,34.813525069374975],[135.25442154363472,34.81394102432675],[135.25421161135026,34.81407543808925],[135.25384890218953,34.81419382580827],[135.25337587025453,34.81488828165489],[135.25337073551088,34.81504086092406],[135.25319693073737,34.815429939053075],[135.25337933598362,34.81569927107146],[135.25314231892025,34.81615516798351],[135.25304345153037,34.8162263419673],[135.25290611118186,34.81625470756355],[135.25265827984055,34.816214468645946],[135.25253463680383,34.816246110540625],[135.2518514001849,34.81649988183096],[135.2512693636563,34.816562313285694],[135.2504790511796,34.8168406890928],[135.25037430338395,34.817090081290644],[135.25076888890328,34.81702639473477],[135.25104116063858,34.81756055441232],[135.2503022950978,34.81791248761551],[135.2502263860803,34.817913060841406],[135.25011100150112,34.817780827820066],[135.25008282785006,34.81780456366401],[135.25008051909268,34.818027688259086],[135.24988205005317,34.818103555603386],[135.24991316808482,34.81833818889266],[135.2492914652825,34.81856007246085],[135.2491792015038,34.81870965745446],[135.24916698065755,34.81889369986359],[135.24921084391806,34.818991259556284],[135.24928710014999,34.81902195367102],[135.24938653369713,34.81900162583927],[135.24958390978247,34.81925063856445],[135.24958925933026,34.81930926242002],[135.24923231157047,34.81985796148028],[135.24920526432598,34.81999134058402],[135.2492253934877,34.82009682759284],[135.24944622488624,34.82053553163849],[135.24942895868926,34.82068827403084],[135.24933151952658,34.82088866622278],[135.24893825911593,34.820950297585455],[135.24879669523685,34.82102960808936],[135.248764646036,34.821135628442725],[135.2488242908743,34.82137786509533],[135.2488269343382,34.82161651792268],[135.2487477056192,34.82188064794208],[135.24897305744565,34.8221486069023],[135.24936930006453,34.82249443433039],[135.24957052804967,34.82255038246109],[135.25024536386945,34.8224662694463],[135.25116759114616,34.82241857809174],[135.25420877691357,34.8226377755675],[135.25380487389467,34.824117877828066],[135.25376015380965,34.82442110228712],[135.25355884087656,34.82460201538155],[135.25364537641278,34.82501061251869],[135.2533444242829,34.824880796948136],[135.25342132094886,34.82502162303034],[135.2535246893438,34.82550057546048],[135.2535808753613,34.82615150995705],[135.25364269386935,34.82619646620759],[135.25384491317033,34.82621021391061],[135.25398410075283,34.82606267334117],[135.25415450908528,34.825965460290924],[135.25431938535112,34.8259237146555],[135.25453375726343,34.8259322983924],[135.2547918740504,34.82601104376351],[135.2552294409935,34.82626026331348],[135.2556500041508,34.826630670222656],[135.25613293515298,34.826551289434036]],[[135.25287962433418,34.822406743419066],[135.25172518904503,34.822123123106515],[135.25137347111888,34.821929564220675],[135.25077343776476,34.821517855379746],[135.25040859625128,34.82111718593767],[135.2508296146358,34.82027598948173],[135.25086616271702,34.820091199264674],[135.2519299112117,34.81992195723334],[135.25240417743785,34.8207378881211],[135.25285934935326,34.82065501857821],[135.2530681526473,34.82058620547898],[135.2537189559497,34.82070117742758],[135.25429491247385,34.82071121896056],[135.25452354150943,34.821511766797464],[135.25451955891896,34.82174256679451],[135.2543929752155,34.821912774876736],[135.25433819748022,34.822058604608564],[135.25431933034696,34.82231469675523],[135.2544020866437,34.82248173763026],[135.25436351649634,34.822552342640584],[135.25287962433418,34.822406743419066]]]},"properties":{"code":"282046062","name":"山口町金仙寺","jinko":58,"addr_key":"28204|山口町金仙寺","addr_key_town":"28204|山口町金仙寺","n":[0,0],"w":[false,false],"neighbors":["282046022","28204603004","28204604103","282046042","282046050","28204606101","28204606102","28204606103"]}},{"type":"Feature","geometry":{"type":"Polygon","coordinates":[[[135.23789688354393,34.83023994898536],[135.23793091117685,34.83014208486081],[135.23792154263143,34.82948986316396],[135.2378507129283,34.82942524665632],[135.23783146504883,34.82926643720945],[135.23775615712205,34.82919826168102],[135.23772458856274,34.829115393385585],[135.2377446686365,34.8289526283199],[135.2374592261559,34.828896863416254],[135.23742808891757,34.82886096635718],[135.23744785832284,34.82866200490903],[135.2375441938243,34.828654103417236],[135.23755694908377,34.828617880438394],[135.2374336210414,34.828360332903614],[135.23743247216834,34.828255475417535],[135.23740133068108,34.828219579363015],[135.2373181088531,34.82822393079985],[135.23725797796868,34.828332694877346],[135.23718382795641,34.82836219203469],[135.23670158776446,34.82835859568026],[135.23591330939493,34.827813302365925],[135.23591623160232,34.82687710890585],[135.23613088223598,34.82687192254543],[135.23685894931856,34.82651233682323],[135.23711248281532,34.82625198833084],[135.23732241746697,34.826214297702045],[135.23741910830054,34.826238860419366],[135.2375252666715,34.82632483490579],[135.2376787304293,34.82610586585555],[135.2375420594347,34.82604082383197],[135.23689939652076,34.82469800679815],[135.2368944517804,34.823988362432566],[135.23776122321124,34.82386662419295],[135.2377509866247,34.82361014002963],[135.23891879824487,34.82345784094654],[135.23884549849316,34.822442635104395],[135.238558374422,34.82122577377456],[135.23854162764644,34.82105356639506],[135.23840603567183,34.82072012341127],[135.23184572686702,34.819966074286974],[135.23192849877452,34.82820883504942],[135.23510863411482,34.828197536106515],[135.23582604917684,34.82872160528118],[135.2359274230049,34.82888508633421],[135.23594380180594,34.82901623986059],[135.23595409483144,34.8312608006279],[135.2369101006464,34.83078760755915],[135.23688142328123,34.83057097745018],[135.2373798155853,34.831049761428915],[135.2376109582698,34.83054568724574],[135.23789688354393,34.83023994898536]]]},"properties":{"code":"28204611001","name":"山口町阪神流通センター一丁目","jinko":0,"addr_key":"28204|山口町阪神流通センター1","addr_key_town":"28204|山口町阪神流通センター1","n":[0,0],"w":[false,false],"neighbors":["28204602103","28204602104","282046022","28204603000","28204611002","28204611003"]}},{"type":"Feature","geometry":{"type":"Polygon","coordinates":[[[135.23161526814664,34.83263452804184],[135.23121573846885,34.831851728422414],[135.23116994543616,34.831678182059605],[135.23116552179505,34.83127192125267],[135.23135387711375,34.83074112971925],[135.2313437912439,34.83050520334333],[135.23128177164992,34.830292267840846],[135.2310030585187,34.82983464933958],[135.23095620828593,34.82964209624174],[135.23093371785734,34.829176457706765],[135.230946386884,34.82897529428548],[135.23101995091542,34.82886805449531],[135.2312072822592,34.82870659004539],[135.23192849877452,34.82820883504942],[135.23184572686702,34.819966074286974],[135.2316872873507,34.81994801811518],[135.23143171084433,34.82016167664975],[135.23115597107753,34.82018624847],[135.2308663584804,34.82044304666574],[135.2304240585382,34.82123508254489],[135.23032187027897,34.8216392373107],[135.23009083379839,34.82200603026199],[135.23023691749555,34.82237229599115],[135.23066412760042,34.82295734392607],[135.23040445032606,34.82345505977682],[135.23027963973706,34.82378951865828],[135.2300642104243,34.824084080265465],[135.22968500633775,34.824900439156465],[135.22989203644894,34.82509047196087],[135.22998888742467,34.8254525933042],[135.22992936369076,34.825759526842795],[135.2297788039274,34.825988254338355],[135.22998467039687,34.82632252810005],[135.23002559606547,34.82656787261456],[135.23009245411575,34.826684568555144],[135.23040743693724,34.827000007376405],[135.23050538439148,34.82721112629957],[135.23074346896775,34.82824604115122],[135.2307695532075,34.829136047108264],[135.23069901890102,34.829686462721625],[135.23070854169848,34.82980809041746],[135.23075291857882,34.830118768706924],[135.2308089731639,34.83024681368209],[135.2310080919365,34.83046169466841],[135.23106973541735,34.83060096646933],[135.230997067597,34.830955328896394],[135.23075520732664,34.831333478039184],[135.23073752442292,34.83146657498403],[135.23093912339885,34.83190905757657],[135.2309538575039,34.832258266812744],[135.23108487941653,34.83249393320205],[135.23124334581178,34.83264601085997],[135.23161526814664,34.83263452804184]]]},"properties":{"code":"28204611002","name":"山口町阪神流通センター二丁目","jinko":0,"addr_key":"28204|山口町阪神流通センター2","addr_key_town":"28204|山口町阪神流通センター2","n":[0,0],"w":[false,false],"neighbors":["282046022","28204603000","28204611001","28204611003"]}},{"type":"Feature","geometry":{"type":"Polygon","coordinates":[[[135.23595409483144,34.8312608006279],[135.2359274230049,34.82888508633421],[135.23582604917684,34.82872160528118],[135.23510863411482,34.828197536106515],[135.23192849877452,34.82820883504942],[135.2312072822592,34.82870659004539],[135.23101995091542,34.82886805449531],[135.230946386884,34.82897529428548],[135.23095620828593,34.82964209624174],[135.2310030585187,34.82983464933958],[135.23128177164992,34.830292267840846],[135.2313437912439,34.83050520334333],[135.23135387711375,34.83074112971925],[135.23116552179505,34.83127192125267],[135.23116994543616,34.831678182059605],[135.23121573846885,34.831851728422414],[135.23161526814664,34.83263452804184],[135.2322116594758,34.832624269290406],[135.2325262114409,34.832724833807916],[135.23284942236367,34.83262490017641],[135.23310033420796,34.83271699081806],[135.23338000929272,34.83264265997086],[135.23370413160168,34.832618566528936],[135.234107989319,34.83267698381421],[135.23424046014156,34.83276283616882],[135.23425133068008,34.83134950441123],[135.2358202164194,34.83132708053831],[135.23595409483144,34.8312608006279]]]},"properties":{"code":"28204611003","name":"山口町阪神流通センター三丁目","jinko":0,"addr_key":"28204|山口町阪神流通センター3","addr_key_town":"28204|山口町阪神流通センター3","n":[0,null],"w":[false,false],"neighbors":["28204602103","282046022","28204611001","28204611002"]}},{"type":"Feature","geometry":{"type":"Polygon","coordinates":[[[135.24667315040006,34.80392125489854],[135.24628980821277,34.80384525961423],[135.24574627636372,34.803860610606364],[135.24542591894084,34.803797661257406],[135.2451893829517,34.80365520565412],[135.24399669297802,34.80377007070093],[135.24376142870847,34.803704225542056],[135.24352708949917,34.803963175074095],[135.24357157625982,34.80425017704519],[135.24366128013136,34.804356551436555],[135.24346435765588,34.804749309127985],[135.24381015160796,34.804912217259236],[135.2438803235927,34.80515184220671],[135.24421677643008,34.805427781912286],[135.24437682488107,34.80561771672809],[135.24427749413283,34.80607974658999],[135.2448495153589,34.80634743903164],[135.24539318372956,34.8066601321102],[135.2456744123983,34.80689817150575],[135.2459495394231,34.80721780800832],[135.2461366174232,34.80725654401878],[135.24626216736357,34.80722095205733],[135.2464600870503,34.80708960020581],[135.248547557802,34.8067724733208],[135.24854653442947,34.806309505495996],[135.24819503686524,34.80614989298728],[135.24796034598918,34.805928552699505],[135.24787787824832,34.80563620428764],[135.24760481673943,34.80540388401388],[135.24739056654377,34.805053932933866],[135.24711929568318,34.80473596081424],[135.2470804699745,34.80443652266107],[135.24684253570905,34.80416787860248],[135.24667315040006,34.80392125489854]]]},"properties":{"code":"282046170","name":"山口町香花園","jinko":123,"addr_key":"28204|山口町香花園","addr_key_town":"28204|山口町香花園","n":[0,0],"w":[false,false],"neighbors":["28204603000","282046042"]}},{"type":"Feature","geometry":{"type":"Polygon","coordinates":[[[135.24448981945102,34.83762445946476],[135.24691780909518,34.834445118962854],[135.24570229420556,34.83384091543901],[135.2448770236619,34.834858999161995],[135.24180570336165,34.83371265784993],[135.24169008664182,34.83389381445875],[135.24156688450879,34.83399889673179],[135.24141814811293,34.83419741389952],[135.24116287013652,34.83429996268554],[135.24108954727967,34.83438945945936],[135.24110184979327,34.83458388531087],[135.24097946641868,34.83473255432582],[135.2410589400968,34.83475175004853],[135.24100967642974,34.834970933817274],[135.24094980233303,34.83500969337443],[135.2409339585954,34.835137706215534],[135.240856388596,34.835291604377375],[135.24076009046289,34.83530380306699],[135.24074800430452,34.835462916291],[135.2408066562608,34.83546825345668],[135.24077902932373,34.836435414836686],[135.2409357662108,34.836707358019176],[135.24084376682617,34.83709447796049],[135.24174386139157,34.83723388319716],[135.24216995272462,34.83709047344874],[135.24228705729882,34.837075089107806],[135.24255852123102,34.83712313060045],[135.24286139107753,34.83699050173106],[135.2430863944392,34.836969096390966],[135.24360083359653,34.83654253734849],[135.24395870890234,34.836812546787755],[135.2440876760764,34.836950814149276],[135.24416539904084,34.83712059318141],[135.24405263349348,34.83735870848],[135.24407361738744,34.83738700358282],[135.24423280155872,34.8374540531595],[135.24448981945102,34.83762445946476]]]},"properties":{"code":"28204621001","name":"北六甲台一丁目","jinko":887,"addr_key":"28204|北6甲台1","addr_key_town":"28204|北6甲台1","n":[null,null],"w":[false,false],"neighbors":["28204602103","282046022","28204621002","28204621005"]}},{"type":"Feature","geometry":{"type":"Polygon","coordinates":[[[135.2456473767675,34.8370543926466],[135.24601811078983,34.83703421082508],[135.24645927625187,34.83706526204459],[135.24665556846995,34.836934975109926],[135.24678556601881,34.83676511228794],[135.24706262409302,34.836708729070956],[135.24725391901168,34.83690610434649],[135.2475733646596,34.83692095541057],[135.24770577257524,34.836968552796385],[135.24785710646395,34.83715911643428],[135.24795432235325,34.83747608035394],[135.2480524697177,34.83756112198585],[135.24834846521335,34.83765622224471],[135.2485942018519,34.83759429708645],[135.24861472272903,34.83756547780527],[135.24837862153484,34.837241109679915],[135.24872385584428,34.83707821624675],[135.24880141848195,34.83718637111875],[135.2490616237458,34.83718152157989],[135.2491726018015,34.83702194264852],[135.24929981545424,34.83690935635061],[135.24947892532944,34.836793560822066],[135.2498314121144,34.83665349867688],[135.249315610746,34.83640892431325],[135.24914873854783,34.83651145545678],[135.24877504886243,34.83631891028559],[135.25005364438164,34.83466853731836],[135.25046934274127,34.834875692261086],[135.25068254812624,34.83488471597983],[135.25076942305512,34.83485483249111],[135.25095529622604,34.834725603386936],[135.25108259097192,34.83455160280384],[135.25117075727727,34.83435381190902],[135.25139442337434,34.83413640302679],[135.25164819451862,34.83401461722198],[135.25177071487983,34.83399509763549],[135.25168203942005,34.83339488777104],[135.25144954141473,34.8337165954155],[135.24999477302026,34.83300592877779],[135.24994682289503,34.83304882804314],[135.24982418615198,34.83305778281123],[135.24850945830943,34.83235717126848],[135.24448981945102,34.83762445946476],[135.24465994390502,34.83771530113811],[135.24503257405195,34.83724071309508],[135.2453630354221,34.8371627334057],[135.2456473767675,34.8370543926466]]]},"properties":{"code":"28204621002","name":"北六甲台二丁目","jinko":853,"addr_key":"28204|北6甲台2","addr_key_town":"28204|北6甲台2","n":[0,null],"w":[false,false],"neighbors":["28204601000","282046022","28204621001","28204621003","28204621004","28204621005"]}},{"type":"Feature","geometry":{"type":"Polygon","coordinates":[[[135.25115345315058,34.83685979686716],[135.25170923808733,34.83657522536453],[135.25185295919783,34.836656890565976],[135.2534153830817,34.83626010990451],[135.25388877786952,34.8363853342718],[135.25386131109212,34.83643586896002],[135.25435369126325,34.83656915901371],[135.25452324717773,34.836078959089534],[135.25454062986478,34.83582330737523],[135.25448128359739,34.83565861159071],[135.2542590342734,34.83548484592596],[135.25428022195965,34.83538941559835],[135.25413808130537,34.8352430903426],[135.25394713012935,34.83492409425505],[135.25395449788758,34.834773465977584],[135.25419927214284,34.83471033760171],[135.25451842424937,34.83434028765299],[135.2544035986959,34.83369456736686],[135.25413702597103,34.83359496416472],[135.2535245321964,34.83265954901703],[135.25302273628094,34.832168392821586],[135.25268988747993,34.83202231409118],[135.25168203942005,34.83339488777104],[135.25177071487983,34.83399509763549],[135.25164819451862,34.83401461722198],[135.25139442337434,34.83413640302679],[135.25117075727727,34.83435381190902],[135.25108259097192,34.83455160280384],[135.25095529622604,34.834725603386936],[135.25076942305512,34.83485483249111],[135.25068254812624,34.83488471597983],[135.25046934274127,34.834875692261086],[135.25005364438164,34.83466853731836],[135.24877504886243,34.83631891028559],[135.24914873854783,34.83651145545678],[135.249315610746,34.83640892431325],[135.2502118566927,34.83685380912055],[135.25059127387692,34.836953979861526],[135.25115345315058,34.83685979686716]]]},"properties":{"code":"28204621003","name":"北六甲台三丁目","jinko":868,"addr_key":"28204|北6甲台3","addr_key_town":"28204|北6甲台3","n":[0,0],"w":[false,false],"neighbors":["28204601000","282046022","28204621002","28204621004"]}},{"type":"Feature","geometry":{"type":"Polygon","coordinates":[[[135.25144954141473,34.8337165954155],[135.25291555991788,34.83173276880202],[135.25295743741262,34.831758227121156],[135.25325862672705,34.83137824519754],[135.25256935769585,34.83110063499893],[135.25259290238884,34.83105989069797],[135.25181626704796,34.8305522200052],[135.25158343000365,34.83078885613728],[135.25167608693104,34.8308416791242],[135.25141107583673,34.831096094570434],[135.25128540284933,34.83103126693283],[135.25091002466593,34.83066204281276],[135.2504917113471,34.83002573189763],[135.2505846027477,34.82963866800761],[135.24990340942736,34.82907871460448],[135.24945297342362,34.82882463864365],[135.24891296895242,34.828634129156605],[135.24855120543492,34.82855100975289],[135.24828329466408,34.82854408745805],[135.24814987229297,34.82850389467532],[135.24749481944485,34.82850517343778],[135.24688763837491,34.82858735535629],[135.24703962662608,34.828676779819475],[135.247153660474,34.82903319476961],[135.2474026157534,34.829495358424765],[135.247520901333,34.82952594744098],[135.24792021730443,34.82986056100988],[135.24882319213967,34.83039596285609],[135.2490296767831,34.830554694510866],[135.24912939289598,34.83067415983809],[135.24923200330022,34.830915864297616],[135.24924882631638,34.83106954885927],[135.24924031063293,34.83124124208225],[135.24915137991775,34.83150875954207],[135.24850945830943,34.83235717126848],[135.24982418615198,34.83305778281123],[135.24994682289503,34.83304882804314],[135.24999477302026,34.83300592877779],[135.25144954141473,34.8337165954155]]]},"properties":{"code":"28204621004","name":"北六甲台四丁目","jinko":806,"addr_key":"28204|北6甲台4","addr_key_town":"28204|北6甲台4","n":[0,null],"w":[false,false],"neighbors":["28204602105","282046022","28204603000","28204603003","28204621002","28204621003","28204621005"]}},{"type":"Feature","geometry":{"type":"Polygon","coordinates":[[[135.2448770236619,34.834858999161995],[135.24570229420556,34.83384091543901],[135.24691780909518,34.834445118962854],[135.24915137991775,34.83150875954207],[135.24924031063293,34.83124124208225],[135.24923200330022,34.830915864297616],[135.24912939289598,34.83067415983809],[135.2490296767831,34.830554694510866],[135.24882319213967,34.83039596285609],[135.24792021730443,34.82986056100988],[135.247520901333,34.82952594744098],[135.2474026157534,34.829495358424765],[135.2466827088666,34.82992025011668],[135.2465077495474,34.82991615666491],[135.24651644876957,34.83001074427137],[135.24667318417386,34.830047426994476],[135.24667396332106,34.830147675788076],[135.24648455760135,34.83014194900666],[135.24647371325642,34.83009597225958],[135.24499276808265,34.830144071266204],[135.24496433661668,34.830067590346026],[135.2442320200004,34.83035852386055],[135.24409612790018,34.83053574989095],[135.2440784692475,34.83065377612088],[135.24368958630046,34.83093064999906],[135.24349313417486,34.830999097982776],[135.24309370371924,34.83133443370323],[135.24289241547078,34.83119677882741],[135.24289128764042,34.83109445712033],[135.24264209482533,34.83130654612554],[135.24287707313098,34.83137014220128],[135.24313588293663,34.8315656797901],[135.24272663728016,34.83194087776562],[135.24251039044876,34.8320192623038],[135.24231959440905,34.83221386976145],[135.2422435662551,34.83235226336237],[135.24201156004926,34.83255851801728],[135.24187348999743,34.83300415320644],[135.24166284463095,34.83296312160493],[135.24135972479235,34.83297102272673],[135.24134844467847,34.833195555617],[135.24123874103887,34.833557241014326],[135.24101352660918,34.83391549382468],[135.24068828873882,34.83421927939609],[135.24107648341803,34.83446758906957],[135.24108954727967,34.83438945945936],[135.24116287013652,34.83429996268554],[135.24141814811293,34.83419741389952],[135.24156688450879,34.83399889673179],[135.24169008664182,34.83389381445875],[135.24180570336165,34.83371265784993],[135.2448770236619,34.834858999161995]]]},"properties":{"code":"28204621005","name":"北六甲台五丁目","jinko":1539,"addr_key":"28204|北6甲台5","addr_key_town":"28204|北6甲台5","n":[0,0],"w":[false,false],"neighbors":["28204602103","28204602105","28204621001","28204621002","28204621004"]}},{"type":"Feature","geometry":{"type":"Polygon","coordinates":[[[135.24205375207598,34.820900793083865],[135.24221486008335,34.820478090613044],[135.24243853528424,34.82051092476161],[135.24243885137423,34.820539656127174],[135.24256886201556,34.82062791332449],[135.24262606716184,34.820751222809704],[135.2428202700287,34.820643285445556],[135.24286940032604,34.820668904791525],[135.2431007940298,34.82044836053561],[135.24353791029824,34.81974737893518],[135.24364592621578,34.819676637390764],[135.2437630151295,34.81967745031359],[135.24377039073661,34.819944094894716],[135.24371310428904,34.8201315750255],[135.24361706667005,34.820281950465265],[135.24391388383097,34.820302755052516],[135.24406518184207,34.82041669734446],[135.24381090383986,34.82045888605355],[135.24367614607232,34.820575042501595],[135.243871709684,34.82059076152443],[135.2439445298558,34.82054993168565],[135.24429407597137,34.82058182006828],[135.24433636582452,34.82052945779645],[135.24478476260413,34.82064300113921],[135.2452694406204,34.82061626465292],[135.2452895063829,34.82053850542267],[135.24544772121217,34.82032716737613],[135.24560899774448,34.82040082023354],[135.24600120828148,34.82002003958502],[135.24635004272372,34.81981001561282],[135.2464896213072,34.81958156392516],[135.2464210758475,34.81953003419257],[135.2464704101688,34.81934937463793],[135.24657081484173,34.81921622043931],[135.24653270711806,34.81916030799831],[135.24607244738078,34.81908315022301],[135.2461743855499,34.81858004115297],[135.24610522644326,34.81850370467024],[135.246103859517,34.8183798373388],[135.24556391193613,34.818527911563514],[135.24545135609355,34.81844241454927],[135.24529741565456,34.81840617530421],[135.24524093917603,34.8183490611338],[135.24546121457087,34.818074157468665],[135.24568706493847,34.81766948806583],[135.24565450043892,34.81756620733438],[135.24571175597393,34.81738436174811],[135.24539240855233,34.817370984010374],[135.24540191372822,34.81759838650521],[135.24499296182367,34.81785456422825],[135.2449220580077,34.81775143010679],[135.24496352003297,34.817716751469],[135.24480384791633,34.81747033331037],[135.24467665827095,34.817327479907824],[135.24444108312517,34.81715952096627],[135.2443701161861,34.817213294099176],[135.24401492265625,34.81731074984716],[135.24393096287065,34.81728588457079],[135.24380585704333,34.81731654268071],[135.24348317846196,34.81762953482188],[135.24346460969207,34.81720712186057],[135.24336036650345,34.81724818649173],[135.24323469795561,34.81724335275537],[135.24298064151697,34.81729694666034],[135.24282165320207,34.81711982039517],[135.2426940718166,34.81725895037408],[135.24249263973655,34.81733806592844],[135.24245134689932,34.817395983375],[135.2424805150891,34.817664789387145],[135.24240476636888,34.817757473038384],[135.24227459616733,34.817817321902915],[135.24216767602653,34.81793333809509],[135.24194445586272,34.81826009088478],[135.241766978567,34.818615305221705],[135.24162317109705,34.81909752615691],[135.24153599114166,34.81954896921704],[135.24134725781568,34.81977433284904],[135.24120166766699,34.82002437517942],[135.2409265515502,34.82012073129502],[135.2407459782587,34.82031906055601],[135.24088060514305,34.820377142328596],[135.2407732394491,34.820585208615846],[135.24131815354238,34.8206387448597],[135.24129531659273,34.82078279604988],[135.24124675416965,34.82080900522799],[135.24143881779108,34.82082489406488],[135.24144537652236,34.82078456201928],[135.24159961666402,34.820855313313366],[135.24205375207598,34.820900793083865]]]},"properties":{"code":"28204631001","name":"すみれ台一丁目","jinko":654,"addr_key":"28204|すみれ台1","addr_key_town":"28204|すみれ台1","n":[0,null],"w":[false,false],"neighbors":["28204603000","28204631002"]}},{"type":"Feature","geometry":{"type":"Polygon","coordinates":[[[135.24073088775995,34.81927046610346],[135.24063592934618,34.81904539217271],[135.2406387673687,34.818984876174454],[135.24077112076847,34.818641549709334],[135.24067738541686,34.8183716750401],[135.24060011730467,34.81832633525149],[135.2405253072091,34.81818576090591],[135.2405931117178,34.81800693823269],[135.24057465254663,34.8179121421556],[135.240456833415,34.81798485621602],[135.24041072804272,34.81807872526785],[135.2393708212451,34.81782994274229],[135.23937504026927,34.81839745093331],[135.238573540691,34.81805651028755],[135.23850284425987,34.817979427147144],[135.23837016277488,34.817965908438396],[135.2380971049799,34.81852338777641],[135.2380375412411,34.818503618122236],[135.23799503707207,34.81844350910569],[135.2377577006593,34.818433797734514],[135.23769282414625,34.818560904834634],[135.2374175019487,34.81859168729013],[135.23749691250987,34.81828587352548],[135.23742737939915,34.818198570530896],[135.237069557713,34.818204894064806],[135.2366107441129,34.818151824682744],[135.2367140691391,34.81743215457607],[135.23655503096532,34.817710671937604],[135.23637525031225,34.81877205102032],[135.23632265301507,34.81887427640631],[135.2361473771264,34.81904241705457],[135.23500405861714,34.81975248404778],[135.23495421840545,34.81982588441115],[135.23487964239285,34.820121099386775],[135.2372613182432,34.820404263479304],[135.23731588243095,34.8202239897091],[135.23738916414172,34.82023288098672],[135.23745197533,34.819956204229875],[135.23740998888078,34.81986517454128],[135.23735917834065,34.81984956549938],[135.23738286851886,34.81958712588061],[135.23727042931293,34.81944887241318],[135.2374686024527,34.81949303354094],[135.2378467902466,34.81946641502338],[135.2381052769986,34.81923138266296],[135.2388721801679,34.819219472128694],[135.23913441891764,34.8191714598373],[135.23930217414,34.81917478567142],[135.2394086524756,34.819197091201346],[135.23973220452808,34.81939053137786],[135.23983291067807,34.81971190551255],[135.23997397256818,34.81990529734845],[135.24001167023778,34.820142491531136],[135.2401411949554,34.820303716784274],[135.2401376890474,34.82045114373148],[135.24017097419411,34.82045716320904],[135.24028021533795,34.82060656562766],[135.24024839176388,34.82075681079988],[135.24052143274213,34.82078237934474],[135.24055308609854,34.82061643097069],[135.2406938979203,34.82036677567031],[135.2409265515502,34.82012073129502],[135.2412210991097,34.82000514458283],[135.24070440380237,34.81975258490996],[135.24070069591642,34.819382950089185],[135.24073088775995,34.81927046610346]]]},"properties":{"code":"28204631002","name":"すみれ台二丁目","jinko":401,"addr_key":"28204|すみれ台2","addr_key_town":"28204|すみれ台2","n":[0,0],"w":[false,false],"neighbors":["28204603000","28204631001","28204631003"]}},{"type":"Feature","geometry":{"type":"Polygon","coordinates":[[[135.23637525031225,34.81877205102032],[135.23655503096532,34.81771067193756],[135.2367140691391,34.81743215457607],[135.23664473114002,34.817291537678294],[135.23634284116036,34.817313359918664],[135.23622733809452,34.81728548472811],[135.2360542264884,34.81708831179305],[135.23594536744997,34.8168631959734],[135.23563364654183,34.81675043729852],[135.23535550249395,34.816522210467134],[135.23530234687996,34.81644795473695],[135.2352802972933,34.81634445228153],[135.23533684914386,34.816181913835415],[135.23519245971113,34.81618298564174],[135.2347290739742,34.816288963540494],[135.23463351390285,34.816390520763775],[135.23449969627822,34.81669560814812],[135.2345124530512,34.81680044800795],[135.2343908593711,34.81701290581646],[135.23423215187537,34.81698520612509],[135.23419394203938,34.817146622294004],[135.23416280781046,34.81721248981229],[135.23411783050736,34.81721493557961],[135.233997712243,34.817515837477806],[135.23399773787924,34.81791782474452],[135.23407591128583,34.818046828673005],[135.23401146484326,34.81821407305822],[135.23403126724497,34.818432667627555],[135.23400006324908,34.818453040294145],[135.23385675284962,34.818428184632154],[135.23371116211203,34.818193337219995],[135.2332929887862,34.817920222930745],[135.233175571403,34.81789686509834],[135.23308457488542,34.81776682856424],[135.232994242117,34.8177210163673],[135.23291477131005,34.81876030757566],[135.23308080060187,34.81990729515894],[135.23487964239285,34.820121099386775],[135.23495421840545,34.81982588441115],[135.23500405861714,34.81975248404778],[135.23622582095976,34.81898450794508],[135.23637525031225,34.81877205102032]]]},"properties":{"code":"28204631003","name":"すみれ台三丁目","jinko":584,"addr_key":"28204|すみれ台3","addr_key_town":"28204|すみれ台3","n":[0,0],"w":[false,false],"neighbors":["28204603000","28204631002"]}}]}