{"type":"FeatureCollection","properties":{"city":"尼崎市","city_code":"28202","pref":"兵庫県","center":[135.406,34.733],"zoom":11.6,"period":"2018-2025","years":["2018","2019","2020","2021","2022","2023","2024","2025"],"layers":[{"key":"bicycle","name":"自転車","teguchi":["自転車盗"]},{"key":"vehicle","name":"車・バイク","teguchi":["車上ねらい","部品ねらい","自動車盗","オートバイ盗"]}],"withheld_label":"非公開","city_only":["自動販売機ねらい","ひったくり"],"hour_bands":["0-6","6-12","12-18","18-24"],"city_hours":[1220,3348,4856,6109],"class_total":[3,6,12,24],"class_rate":[2.0,5.0,10.0,20.0],"min_population":500,"max_suppress_count":2,"suppress_label":"1-2","city_rate":[24.2,8.7],"population":459593,"areas":414,"source_url":"https://web.pref.hyogo.lg.jp/kk26/johoseisaku/documents/","fetched_on":"2026-09-18"},"features":[{"type":"Feature","geometry":{"type":"Polygon","coordinates":[[[135.4279734973762,34.72239321880615],[135.42880585709082,34.72198359601821],[135.42873318045767,34.721866779687794],[135.42895175807638,34.72176100421344],[135.4289883816687,34.7216795437901],[135.42923207487112,34.721531567871516],[135.429140099741,34.721445349577124],[135.4292287981139,34.72136722375486],[135.42821921084393,34.72079402788024],[135.4280309576483,34.72059923323766],[135.42794883438037,34.7204579929991],[135.427887054213,34.72026149658944],[135.42742034532853,34.72041781306706],[135.42731175534558,34.72021624328332],[135.42715173396635,34.72024754213849],[135.42710662410948,34.72008005179287],[135.42680593438678,34.720161630767805],[135.42691548005155,34.72042953329577],[135.42659723512506,34.72055761047779],[135.4266680079307,34.720705151204214],[135.42479381765676,34.72121396977335],[135.42466416176228,34.72086271995085],[135.4229715656746,34.72119776159211],[135.4229177530312,34.721276276207234],[135.42338638960533,34.72303935467384],[135.42526195459286,34.72235236406364],[135.42580103303195,34.723312926729314],[135.42685171807258,34.7229124844699],[135.42765568481937,34.722554535121496],[135.42784102725668,34.72250258465756],[135.4279734973762,34.72239321880615]]]},"properties":{"code":"282020012","name":"北大物町","jinko":1420,"addr_key":"28202|北大物町","addr_key_town":"28202|北大物町","n":[25,11],"w":[false,false],"neighbors":["28202018001","28202018002","28202057002","28202058002","28202079003","28202080003"]}},{"type":"Feature","geometry":{"type":"Polygon","coordinates":[[[135.42775263985385,34.713378822091485],[135.42723933218156,34.71318018344152],[135.42698967199848,34.7132101730621],[135.42492330336287,34.71365169387737],[135.4243639797194,34.713974469740904],[135.4259617544558,34.71564840517522],[135.4261576409646,34.71580890953856],[135.42641183044827,34.71594733967316],[135.42676783131336,34.715779909550534],[135.42680758201672,34.71563123420341],[135.42723789751122,34.7150714243981],[135.42732892526809,34.71498257319711],[135.42751954852352,34.71497677572456],[135.42758930449094,34.71491135671728],[135.4283798437901,34.71396194761247],[135.42837597062353,34.71372013816118],[135.42818178832235,34.713701883543436],[135.4280431502059,34.71364622542118],[135.42775263985385,34.713378822091485]]]},"properties":{"code":"28202002201","name":"大物町一丁目","jinko":497,"addr_key":"28202|大物町1","addr_key_town":"28202|大物町1","n":[11,9],"w":[false,false],"neighbors":["28202002202","282020023","28202005001","28202005002","28202005003","28202005004","28202077003"]}},{"type":"Feature","geometry":{"type":"Polygon","coordinates":[[[135.42460202899787,34.71686953931427],[135.42583715667715,34.71662760455758],[135.42626168962977,34.7166056243615],[135.4265778385408,34.71653968397514],[135.42656401328287,34.71650670774535],[135.42695919419097,34.71649682034254],[135.42641183044827,34.71594733967316],[135.4261576409646,34.71580890953856],[135.4259617544558,34.71564840517522],[135.4243639797194,34.713974469740904],[135.4229030702868,34.714685898529886],[135.42321805966898,34.715045212919975],[135.42285006212825,34.71522851694387],[135.4232938880249,34.715630482836325],[135.42328806636817,34.71568081948227],[135.4244697767625,34.716754944156826],[135.42460202899787,34.71686953931427]]]},"properties":{"code":"28202002202","name":"大物町二丁目","jinko":561,"addr_key":"28202|大物町2","addr_key_town":"28202|大物町2","n":[27,9],"w":[false,false],"neighbors":["28202002201","282020023","282020030","282020040","28202005003","28202005004","28202053101","28202053102","282020532"]}},{"type":"Feature","geometry":{"type":"Polygon","coordinates":[[[135.42896855688176,34.71654053350604],[135.42785064737444,34.715107328291424],[135.42764886253698,34.715094775476366],[135.42751954852352,34.71497677572456],[135.42732892526809,34.71498257319711],[135.42689093158228,34.71551005721513],[135.42680758201672,34.71563123420341],[135.42676783131336,34.715779909550534],[135.42641183044827,34.71594733967316],[135.42685869928073,34.716391736351724],[135.4278409694897,34.71638480670068],[135.42896855688176,34.71654053350604]]]},"properties":{"code":"282020023","name":"大物町","jinko":252,"addr_key":"28202|大物町","addr_key_town":"28202|大物町","n":[0,0],"w":[false,false],"neighbors":["28202002201","28202002202","282020532","28202077003","28202077004"]}},{"type":"Feature","geometry":{"type":"Polygon","coordinates":[[[135.4232938880249,34.715630482836325],[135.42252058232341,34.71492172853189],[135.41970001767413,34.715564559201034],[135.4175664621213,34.71615938024721],[135.4184101756368,34.718211429579796],[135.4244697767625,34.716754944156826],[135.42328806636817,34.71568081948227],[135.4232938880249,34.715630482836325]]]},"properties":{"code":"282020030","name":"北城内","jinko":287,"addr_key":"28202|北城内","addr_key_town":"28202|北城内","n":[18,9],"w":[false,false],"neighbors":["28202002202","282020040","28202021001","282020230","28202027001","28202035001","282020520","28202053102"]}},{"type":"Feature","geometry":{"type":"Polygon","coordinates":[[[135.41970001767413,34.715564559201034],[135.42252058232341,34.71492172853189],[135.42285006212825,34.71522851694387],[135.42321805966898,34.715045212919975],[135.42291796683213,34.71472280960417],[135.42232349567888,34.713336075398495],[135.42244983486935,34.71294844449328],[135.4224125008205,34.71279398123735],[135.4219943003726,34.71281617057936],[135.42189166754517,34.71247523722031],[135.42176968126432,34.71242731000934],[135.42163782597035,34.71210832762588],[135.42128401187642,34.7121885339228],[135.4213561125444,34.71237367628082],[135.41723738732358,34.71328212850532],[135.41761608084119,34.714381363030625],[135.41770947995042,34.71442785857216],[135.41783610287993,34.71471956702672],[135.41789723368515,34.715011857844935],[135.41787467865484,34.71510037345304],[135.41757635421814,34.71549319494527],[135.41748275719482,34.71566657348774],[135.41747986482764,34.715902389129724],[135.4175664621213,34.71615938024721],[135.41970001767413,34.715564559201034]]]},"properties":{"code":"282020040","name":"南城内","jinko":674,"addr_key":"28202|南城内","addr_key_town":"28202|南城内","n":[19,24],"w":[false,false],"neighbors":["28202002202","282020030","28202005004","28202027001","28202035001","28202036001","28202049001","28202049002","28202049003","28202049004","28202049005"]}},{"type":"Feature","geometry":{"type":"Polygon","coordinates":[[[135.4318524807349,34.713643755949306],[135.43186331608538,34.71270952703214],[135.43065517585364,34.71207080731616],[135.42976782362993,34.71148524686569],[135.42935331380596,34.71183138970902],[135.42861080981936,34.711196061802674],[135.4279992949686,34.71055955217435],[135.4276213359375,34.71075478899575],[135.4266495846564,34.711146634607964],[135.4268278841047,34.712368340740056],[135.42698967199848,34.7132101730621],[135.42723933218156,34.71318018344152],[135.42775263985385,34.713378822091485],[135.4280431502059,34.71364622542118],[135.42818178832235,34.713701883543436],[135.42837597062353,34.71372013816118],[135.4283798437901,34.71396194761247],[135.43010126547705,34.71411773281984],[135.43103750846495,34.71465101410136],[135.4318524807349,34.713643755949306]]]},"properties":{"code":"28202005001","name":"東本町一丁目","jinko":147,"addr_key":"28202|東本町1","addr_key_town":"28202|東本町1","n":[null,0],"w":[true,false],"neighbors":["28202002201","28202005002","282020060","28202077003"]}},{"type":"Feature","geometry":{"type":"Polygon","coordinates":[[[135.42698967199848,34.7132101730621],[135.4266495846564,34.711146634607964],[135.42644131884808,34.71117850541045],[135.42462105946657,34.71123215315506],[135.42487513726246,34.71170074817367],[135.42550201892178,34.71351945489925],[135.42698967199848,34.7132101730621]]]},"properties":{"code":"28202005002","name":"東本町二丁目","jinko":337,"addr_key":"28202|東本町2","addr_key_town":"28202|東本町2","n":[7,null],"w":[false,true],"neighbors":["28202002201","28202005001","28202005003","282020060"]}},{"type":"Feature","geometry":{"type":"Polygon","coordinates":[[[135.42487513726246,34.71170074817367],[135.42462105946657,34.71123215315506],[135.4238419480188,34.7112151850467],[135.42336748767806,34.711134919680326],[135.42333729543145,34.7113816839127],[135.4233651352596,34.71159243264645],[135.4241473570244,34.71357878178256],[135.4243639797194,34.713974469740904],[135.42492330336287,34.71365169387737],[135.42550201892178,34.71351945489925],[135.42487513726246,34.71170074817367]]]},"properties":{"code":"28202005003","name":"東本町三丁目","jinko":248,"addr_key":"28202|東本町3","addr_key_town":"28202|東本町3","n":[null,4],"w":[true,false],"neighbors":["28202002201","28202002202","28202005002","28202005004","282020060","282020070"]}},{"type":"Feature","geometry":{"type":"Polygon","coordinates":[[[135.4241473570244,34.71357878178256],[135.4233651352596,34.71159243264645],[135.42333729543145,34.7113816839127],[135.42336748767806,34.711134919680326],[135.4221845199778,34.71116705034084],[135.42090307819763,34.71109088248169],[135.42128401187642,34.7121885339228],[135.42163782597035,34.71210832762588],[135.42176968126432,34.71242731000934],[135.42189166754517,34.71247523722031],[135.4219943003726,34.71281617057936],[135.4224125008205,34.71279398123735],[135.42244983486935,34.71294844449328],[135.42232349567888,34.713336075398495],[135.4229030702868,34.714685898529886],[135.4243639797194,34.713974469740904],[135.4241473570244,34.71357878178256]]]},"properties":{"code":"28202005004","name":"東本町四丁目","jinko":600,"addr_key":"28202|東本町4","addr_key_town":"28202|東本町4","n":[8,3],"w":[false,false],"neighbors":["28202002201","28202002202","282020040","28202005003","282020060","282020070","28202049001"]}},{"type":"Feature","geometry":{"type":"Polygon","coordinates":[[[135.4246210594666,34.71123215315503],[135.42644131884808,34.711178505410466],[135.4266495846564,34.711146634607964],[135.4276213359375,34.71075478899575],[135.42799929496863,34.71055955217434],[135.42761291753988,34.710083841488114],[135.4268671980096,34.71041280917764],[135.4265325413502,34.71049609956431],[135.42604039308654,34.71036135221126],[135.42432899670663,34.70978074057008],[135.42369554556012,34.709633163059344],[135.42359436484554,34.70955237357359],[135.42336748767806,34.711134919680326],[135.4238419480188,34.7112151850467],[135.4246210594666,34.71123215315503]]]},"properties":{"code":"282020060","name":"東松島町","jinko":0,"addr_key":"28202|東松島町","addr_key_town":"28202|東松島町","n":[0,0],"w":[false,false],"neighbors":["28202005001","28202005002","28202005003","28202005004","282020070","282020130","282020140"]}},{"type":"Feature","geometry":{"type":"Polygon","coordinates":[[[135.42336748767806,34.711134919680326],[135.42359436484554,34.70955237357359],[135.42349851228045,34.709455337613576],[135.42318332700967,34.70936547644642],[135.42307733424997,34.70961305848646],[135.42206027305852,34.709366360757244],[135.42102370512086,34.70925152241583],[135.42044102445078,34.709359261952194],[135.41935971292216,34.70943524353165],[135.4193040559681,34.709496306111575],[135.41931539838646,34.70987439884276],[135.4194113391174,34.70986114883992],[135.4194433046936,34.71021201318274],[135.41969373905118,34.71055445103166],[135.42003355586843,34.71076030741864],[135.42029420194726,34.71082700201421],[135.42103572352173,34.71089123568314],[135.42106256268383,34.71097409931889],[135.42090307819763,34.711090882481706],[135.4221845199778,34.71116705034084],[135.42336748767806,34.711134919680326]]]},"properties":{"code":"282020070","name":"西松島町","jinko":0,"addr_key":"28202|西松島町","addr_key_town":"28202|西松島町","n":[0,null],"w":[false,true],"neighbors":["28202005003","28202005004","282020060","282020130","282020140","28202049001"]}},{"type":"Feature","geometry":{"type":"Polygon","coordinates":[[[135.42442703287585,34.70672799240185],[135.42412334150632,34.70664267815175],[135.42372427304758,34.70789829531536],[135.4236859073432,34.70803568903876],[135.42364492285466,34.709103302931034],[135.42359436484554,34.70955237357359],[135.42369554556015,34.70963316305934],[135.42432899670663,34.709780740570054],[135.42604039308654,34.71036135221126],[135.4265325413502,34.71049609956431],[135.4268671980096,34.71041280917764],[135.42761291753988,34.710083841488114],[135.42581226893063,34.70765943967202],[135.42566389272395,34.707497943516444],[135.42520461793362,34.70711203685595],[135.42484430499988,34.706903703514456],[135.42442703287585,34.70672799240185]]]},"properties":{"code":"282020130","name":"東初島町","jinko":4,"addr_key":"28202|東初島町","addr_key_town":"28202|東初島町","n":[0,0],"w":[false,false],"neighbors":["282020060","282020070","282020140","282020150"]}},{"type":"Feature","geometry":{"type":"Polygon","coordinates":[[[135.42359436484554,34.70955237357359],[135.4236859073432,34.70803568903876],[135.42372427304758,34.70789829531536],[135.41933588459142,34.70680486424419],[135.41928743120366,34.70682332511019],[135.41490960925256,34.70463377011268],[135.41456865684376,34.70473614807777],[135.41424255330764,34.704926886292355],[135.41450978737888,34.705462302500315],[135.41472651267733,34.70574659820523],[135.4149564588348,34.70596541944092],[135.4152253560509,34.706163048037915],[135.4158536467068,34.70646763385008],[135.41625117653058,34.70647762621439],[135.41772916269687,34.70790317918361],[135.4186096453988,34.70870314364468],[135.41901993382908,34.70894471741185],[135.4198186396056,34.70908535665363],[135.42122633045025,34.7089646261411],[135.42189580088962,34.70899203203487],[135.42206534424466,34.709018407489644],[135.42349851228045,34.709455337613576],[135.42359436484554,34.70955237357359]]]},"properties":{"code":"282020140","name":"北初島町","jinko":8,"addr_key":"28202|北初島町","addr_key_town":"28202|北初島町","n":[null,0],"w":[true,false],"neighbors":["282020060","282020070","282020130","282020150"]}},{"type":"Feature","geometry":{"type":"Polygon","coordinates":[[[135.42372427304758,34.70789829531536],[135.42412334150632,34.70664267815175],[135.41727458760997,34.704758418680434],[135.41555916562334,34.704189245644834],[135.41366431420263,34.703427676685884],[135.4134423424294,34.70377516056905],[135.41374049840528,34.70392168520674],[135.41424255330764,34.704926886292355],[135.41456865684376,34.70473614807777],[135.41490960925256,34.70463377011268],[135.41928743120366,34.70682332511019],[135.41933588459142,34.70680486424419],[135.42372427304758,34.70789829531536]]]},"properties":{"code":"282020150","name":"南初島町","jinko":331,"addr_key":"28202|南初島町","addr_key_town":"28202|南初島町","n":[5,3],"w":[false,false],"neighbors":["282020130","282020140"]}},{"type":"Feature","geometry":{"type":"Polygon","coordinates":[[[135.41474080448327,34.735001955281795],[135.4212078144428,34.73379891460626],[135.42119722995486,34.733681117342705],[135.4213038823343,34.7336563606869],[135.42070574992195,34.72779597664707],[135.41818842957716,34.72791351400956],[135.4174766315837,34.72785788080819],[135.41569458647055,34.72747047964389],[135.4154913015663,34.72843825142637],[135.41513250940932,34.729158513654625],[135.4147635004134,34.72969730771875],[135.41443012784384,34.73055579934254],[135.41435286689173,34.731364546577716],[135.41450196512145,34.732452422540696],[135.41474080448327,34.735001955281795]]]},"properties":{"code":"282020160","name":"扶桑町","jinko":0,"addr_key":"28202|扶桑町","addr_key_town":"28202|扶桑町","n":[null,0],"w":[true,false],"neighbors":["28202051001","28202051002","28202051003","28202058001","28202058002","28202058003","28202060001","28202119001","28202119002","28202119003"]}},{"type":"Feature","geometry":{"type":"Polygon","coordinates":[[[135.40238253547454,34.724996002665165],[135.4021958925182,34.72455071680701],[135.40162945701024,34.72472527509334],[135.40173130550144,34.72493777237653],[135.4017007528742,34.72512889526383],[135.40180232998037,34.72537998839196],[135.40185965525234,34.72570541782313],[135.40191606855274,34.72613240857517],[135.4019257661596,34.7269329273435],[135.4020508616778,34.72700414262202],[135.40196651598555,34.727276108162826],[135.40212298542843,34.72758996247146],[135.40298531873776,34.72709518116703],[135.40317857185048,34.72693333468691],[135.4031827217605,34.726612858722305],[135.40304546403294,34.72660547334865],[135.40302516177022,34.726062102218634],[135.40298358751434,34.72584076599866],[135.402805674178,34.725517523690336],[135.40238253547454,34.724996002665165]]]},"properties":{"code":"282020170","name":"蓬川荘園","jinko":153,"addr_key":"28202|蓬川荘園","addr_key_town":"28202|蓬川荘園","n":[4,0],"w":[false,false],"neighbors":["28202018009","28202050002","28202050003","28202090002","28202091004","28202091005","28202114002"]}},{"type":"Feature","geometry":{"type":"Polygon","coordinates":[[[135.42680593438678,34.720161630767805],[135.42710662410948,34.72008005179287],[135.42715173396635,34.72024754213849],[135.42731175534558,34.72021624328332],[135.42742034532853,34.72041781306706],[135.427887054213,34.72026149658944],[135.42794883438037,34.7204579929991],[135.42811968918025,34.72069815835311],[135.4281622855329,34.720429310678156],[135.42834394604796,34.72015019852797],[135.4284539318719,34.71987553342159],[135.428430749204,34.719353179207985],[135.42836103575473,34.719279718588076],[135.42768481191118,34.718901835791435],[135.4275844653888,34.71881442394709],[135.42747773957439,34.71868298196634],[135.42711918953813,34.71798489946633],[135.4266382986149,34.718151340623905],[135.42570447182112,34.718586930079184],[135.42565465180473,34.71857329187419],[135.42406494486815,34.71914645076126],[135.42419429449296,34.71961743035793],[135.42479381765676,34.72121396977335],[135.4266680079307,34.720705151204214],[135.42659723512506,34.72055761047779],[135.42691548005155,34.72042953329577],[135.42680593438678,34.720161630767805]]]},"properties":{"code":"28202018001","name":"昭和通一丁目","jinko":1261,"addr_key":"28202|昭和通1","addr_key_town":"28202|昭和通1","n":[56,9],"w":[false,false],"neighbors":["282020012","28202018002","282020520","28202053101","28202053102","282020532","28202079003"]}},{"type":"Feature","geometry":{"type":"Polygon","coordinates":[[[135.41932751172683,34.72233531504234],[135.41968463517645,34.7219373188045],[135.41984604350017,34.72194587886018],[135.4208305510994,34.721636085536396],[135.42291775303113,34.721276276207234],[135.4229715656746,34.72119776159211],[135.42466416176228,34.72086271995085],[135.42419429449296,34.7196174303579],[135.42406494486815,34.719146450761244],[135.4233545670635,34.71943973114502],[135.42314132376765,34.71948417819272],[135.42286852451699,34.71855868079143],[135.42253689794933,34.718752504452816],[135.41973382041036,34.719418432046986],[135.41907993513388,34.719650475347414],[135.41859460739425,34.71978002203404],[135.41873556096877,34.720605994057394],[135.41932751172683,34.72233531504234]]]},"properties":{"code":"28202018002","name":"昭和通二丁目","jinko":1057,"addr_key":"28202|昭和通2","addr_key_town":"28202|昭和通2","n":[56,14],"w":[false,false],"neighbors":["282020012","28202018001","28202018003","28202019003","28202020001","28202051005","282020520","28202053102","28202058002","28202058003"]}},{"type":"Feature","geometry":{"type":"Polygon","coordinates":[[[135.41659403723784,34.72110453112407],[135.41873556096877,34.720605994057394],[135.41868073001874,34.720221813717586],[135.41856462199536,34.72024967077016],[135.41852887097258,34.720147022300864],[135.41824482700355,34.72021626197424],[135.41821532852313,34.72013088641739],[135.4178921039299,34.72020948954134],[135.41795240085148,34.72039655383481],[135.41646433333852,34.720753553401835],[135.41659403723784,34.72110453112407]]]},"properties":{"code":"28202018003","name":"昭和通三丁目","jinko":0,"addr_key":"28202|昭和通3","addr_key_town":"28202|昭和通3","n":[14,3],"w":[false,false],"neighbors":["28202018002","28202018004","28202019003","28202019004","28202051005"]}},{"type":"Feature","geometry":{"type":"Polygon","coordinates":[[[135.41317941872347,34.72188814810498],[135.41601757097675,34.72123811698048],[135.41659403723784,34.72110453112408],[135.41646433333852,34.72075355340185],[135.41436418324537,34.72125407734787],[135.41430977232673,34.72108412920262],[135.41417147273893,34.72112056979645],[135.4142111347912,34.7212514924389],[135.41407754532344,34.72128296236368],[135.41410151566993,34.7213597888749],[135.41402611461302,34.7213760995093],[135.41401352542897,34.72133791801832],[135.4139084833739,34.72136468207068],[135.41383844999294,34.7211334710124],[135.4136392785685,34.721181212199674],[135.4137137305349,34.72140754235128],[135.41346602957762,34.721465559327825],[135.41338218879798,34.721217718920514],[135.41297915630815,34.72131116020414],[135.41317941872347,34.72188814810498]]]},"properties":{"code":"28202018004","name":"昭和通四丁目","jinko":383,"addr_key":"28202|昭和通4","addr_key_town":"28202|昭和通4","n":[18,14],"w":[false,false],"neighbors":["28202018003","28202018005","28202019003","28202019004","28202019005","28202051005"]}},{"type":"Feature","geometry":{"type":"Polygon","coordinates":[[[135.41317941872347,34.72188814810498],[135.41307224741803,34.721556826423914],[135.41284211283954,34.72160915346518],[135.41276314611528,34.72139181188974],[135.41268042967744,34.72141147569267],[135.41277534265157,34.7216243348027],[135.41242988394652,34.721699883867764],[135.41235964067445,34.72167844762504],[135.41228786367589,34.72169981667908],[135.4122928483896,34.72172923934773],[135.4116459350914,34.7218856722226],[135.41158258869515,34.72170065641085],[135.41127345281058,34.721771905250435],[135.411335909792,34.72195760310981],[135.41101786365482,34.72203139349235],[135.41113772081545,34.72238147849],[135.41317941872347,34.72188814810498]]]},"properties":{"code":"28202018005","name":"昭和通五丁目","jinko":248,"addr_key":"28202|昭和通5","addr_key_town":"28202|昭和通5","n":[20,6],"w":[false,false],"neighbors":["28202018004","28202018006","28202019005","28202019006","28202051005"]}},{"type":"Feature","geometry":{"type":"Polygon","coordinates":[[[135.41113772081545,34.72238147849],[135.4110367108288,34.722083661863444],[135.41086444954684,34.72212634987867],[135.41084792002567,34.72207397293258],[135.4101172396475,34.72227523602839],[135.4100911127902,34.72219703959314],[135.41000076277024,34.72221767145394],[135.41002576043016,34.72229317198135],[135.40994843049126,34.72230737777916],[135.40992115401426,34.72222468473114],[135.40977960118883,34.72225388203392],[135.4097945516216,34.72231234462576],[135.40943425682175,34.72242500168952],[135.40953701216878,34.7227521389213],[135.41113772081545,34.72238147849]]]},"properties":{"code":"28202018006","name":"昭和通六丁目","jinko":397,"addr_key":"28202|昭和通6","addr_key_town":"28202|昭和通6","n":[12,3],"w":[false,false],"neighbors":["28202018005","28202018007","28202019006","28202019007","28202051005"]}},{"type":"Feature","geometry":{"type":"Polygon","coordinates":[[[135.40953701216878,34.7227521389213],[135.4094286476896,34.72240851372522],[135.40912190633614,34.72247244063777],[135.40915583473446,34.722563188904644],[135.40901322688188,34.72259509797344],[135.40899157706892,34.72252343951235],[135.40820379982674,34.72269921137407],[135.40813167072162,34.72247307648757],[135.4079096400048,34.722526418964854],[135.40794384681527,34.722638799152854],[135.40782952589737,34.72266324662174],[135.40786655880592,34.722775837917276],[135.4073192782814,34.72290018484809],[135.40743741723995,34.72325028814434],[135.40953701216878,34.7227521389213]]]},"properties":{"code":"28202018007","name":"昭和通七丁目","jinko":5,"addr_key":"28202|昭和通7","addr_key_town":"28202|昭和通7","n":[22,9],"w":[false,false],"neighbors":["28202018006","28202018008","28202019006","28202019007","28202019008","28202050004","28202051005"]}},{"type":"Feature","geometry":{"type":"Polygon","coordinates":[[[135.40471832032392,34.723903157795995],[135.40743741723995,34.72325028814434],[135.4073192782814,34.72290018484809],[135.40575166330294,34.723273180433544],[135.40579801921018,34.72340841302605],[135.4052935607842,34.72349962171748],[135.40528061877507,34.723456465907304],[135.40501426177715,34.72353630817698],[135.40498117734296,34.723457862908646],[135.40458683962297,34.723549508160716],[135.40471832032392,34.723903157795995]]]},"properties":{"code":"28202018008","name":"昭和通八丁目","jinko":103,"addr_key":"28202|昭和通8","addr_key_town":"28202|昭和通8","n":[7,4],"w":[false,false],"neighbors":["28202018007","28202018009","28202019007","28202019008","28202019009","28202050003","28202050004"]}},{"type":"Feature","geometry":{"type":"Polygon","coordinates":[[[135.40352928606447,34.72417503924617],[135.40471832032392,34.723903157795995],[135.40458683962297,34.723549508160716],[135.40379987142157,34.72371982018083],[135.40372993577495,34.72351507183353],[135.40350218759886,34.72356764034285],[135.40358035579047,34.72377569632166],[135.4031656231461,34.72387357279717],[135.40269675884792,34.72388783398474],[135.40268603780748,34.7240092014568],[135.4027200892487,34.72411665433739],[135.40260623482285,34.724144557278656],[135.40165541527756,34.724024025766134],[135.40168441708965,34.724375760960804],[135.40182543919803,34.724663129454925],[135.40352928606447,34.72417503924617]]]},"properties":{"code":"28202018009","name":"昭和通九丁目","jinko":94,"addr_key":"28202|昭和通9","addr_key_town":"28202|昭和通9","n":[null,null],"w":[true,true],"neighbors":["282020170","28202018008","28202019008","28202019009","28202050003","28202090002"]}},{"type":"Feature","geometry":{"type":"Polygon","coordinates":[[[135.4178921039299,34.72020948954134],[135.41821532852316,34.720130886417365],[135.41824482700355,34.72021626197424],[135.41852887097255,34.72014702230083],[135.41856462199536,34.72024967077016],[135.41868073001874,34.720221813717586],[135.41859460739425,34.71978002203404],[135.41800963009305,34.71991153211402],[135.41798980515605,34.71985698103778],[135.4162846346941,34.72025751937205],[135.41646433333852,34.72075355340185],[135.41795240085148,34.72039655383481],[135.4178921039299,34.72020948954134]]]},"properties":{"code":"28202019003","name":"昭和南通三丁目","jinko":140,"addr_key":"28202|昭和南通3","addr_key_town":"28202|昭和南通3","n":[16,4],"w":[false,false],"neighbors":["28202018002","28202018003","28202018004","28202019004","28202020001","28202020002","282020520"]}},{"type":"Feature","geometry":{"type":"Polygon","coordinates":[[[135.41370997622033,34.72139539685586],[135.4136392785685,34.721181212199674],[135.41383844999294,34.7211334710124],[135.4139084833739,34.72136468207068],[135.41401352542897,34.72133791801832],[135.41402611461302,34.7213760995093],[135.41410151566993,34.7213597888749],[135.41407754532344,34.72128296236368],[135.4142111347912,34.7212514924389],[135.41417147273893,34.72112056979645],[135.41430977232673,34.72108412920262],[135.41436418324537,34.72125407734787],[135.41646433333852,34.72075355340185],[135.41633641008292,34.720407911517505],[135.41611525797768,34.720454951560676],[135.4160917522924,34.720385579920325],[135.41596167506484,34.720411244582266],[135.41594412766258,34.72035891867685],[135.41583384575875,34.720364132623295],[135.4156760166368,34.72039806024609],[135.41569777184884,34.72046700241839],[135.41542240085641,34.72053165116162],[135.4154068376945,34.72047892954621],[135.4145269718676,34.72070048883433],[135.4145450754648,34.72080047492238],[135.41424615812213,34.72084270842942],[135.41422402102006,34.72078022604438],[135.41404431769743,34.72082689433871],[135.4140342392209,34.72077993842729],[135.41289605443035,34.72106005235504],[135.41297915630815,34.72131116020414],[135.41338218879798,34.721217718920514],[135.41346602957762,34.721465559327825],[135.41370997622033,34.72139539685586]]]},"properties":{"code":"28202019004","name":"昭和南通四丁目","jinko":196,"addr_key":"28202|昭和南通4","addr_key_town":"28202|昭和南通4","n":[41,10],"w":[false,false],"neighbors":["28202018003","28202018004","28202019003","28202019005","28202020002","28202020003","28202020004"]}},{"type":"Feature","geometry":{"type":"Polygon","coordinates":[[[135.41127345281058,34.721771905250435],[135.41158258869515,34.72170065641085],[135.4116459350914,34.7218856722226],[135.4122928483896,34.72172923934773],[135.41228786367589,34.72169981667908],[135.41235964067445,34.72167844762504],[135.41242988394652,34.721699883867764],[135.41277534265157,34.7216243348027],[135.41268042967744,34.72141147569267],[135.41276314611528,34.72139181188974],[135.41284211283954,34.72160915346518],[135.41307224741803,34.721556826423914],[135.41289250913525,34.72104951983352],[135.41084735532772,34.721537805058766],[135.41101786365482,34.72203139349235],[135.411335909792,34.72195760310981],[135.41127345281058,34.721771905250435]]]},"properties":{"code":"28202019005","name":"昭和南通五丁目","jinko":147,"addr_key":"28202|昭和南通5","addr_key_town":"28202|昭和南通5","n":[23,9],"w":[false,false],"neighbors":["28202018004","28202018005","28202019004","28202019006","28202020003","28202020004","28202020005"]}},{"type":"Feature","geometry":{"type":"Polygon","coordinates":[[[135.40977960118883,34.72225388203392],[135.40992115401426,34.72222468473114],[135.40994843049126,34.72230737777916],[135.41002576043016,34.72229317198135],[135.41000076277024,34.72221767145394],[135.4100911127902,34.72219703959314],[135.4101172396475,34.72227523602839],[135.41084792002567,34.72207397293258],[135.41086444954684,34.72212634987867],[135.4110367108288,34.722083661863444],[135.41084735532772,34.721537805058766],[135.40986317750298,34.72175612547195],[135.40993873248232,34.721980234281276],[135.40989083780275,34.72199147545159],[135.40986480937377,34.72192049019621],[135.40957085845605,34.721984388561715],[135.40951832628028,34.7218326230259],[135.4092575110366,34.72189047771947],[135.40943425682175,34.72242500168952],[135.4097945516216,34.72231234462576],[135.40977960118883,34.72225388203392]]]},"properties":{"code":"28202019006","name":"昭和南通六丁目","jinko":142,"addr_key":"28202|昭和南通6","addr_key_town":"28202|昭和南通6","n":[7,null],"w":[false,true],"neighbors":["28202018005","28202018006","28202018007","28202019005","28202019007","28202020004","28202020005"]}},{"type":"Feature","geometry":{"type":"Polygon","coordinates":[[[135.4079096400048,34.722526418964854],[135.40813167072162,34.72247307648757],[135.40820379982674,34.72269921137407],[135.40899157706892,34.72252343951235],[135.40901322688188,34.72259509797344],[135.40915583473446,34.722563188904644],[135.40912190633614,34.72247244063777],[135.4094286476896,34.72240851372522],[135.40924675521435,34.72185676811623],[135.40899813067395,34.721910236074585],[135.40901956616963,34.72196483893165],[135.4083006378284,34.72213796026538],[135.40830757585596,34.72217297132883],[135.40807104208506,34.72223168239346],[135.4080597175298,34.722200231372156],[135.40716452930704,34.722423074182494],[135.4073192782814,34.72290018484809],[135.40786655880592,34.722775837917276],[135.40782952589737,34.72266324662174],[135.40794384681527,34.722638799152854],[135.4079096400048,34.722526418964854]]]},"properties":{"code":"28202019007","name":"昭和南通七丁目","jinko":101,"addr_key":"28202|昭和南通7","addr_key_town":"28202|昭和南通7","n":[6,3],"w":[false,false],"neighbors":["28202018006","28202018007","28202018008","28202019006","28202019008","28202020005","28202020006","28202020007"]}},{"type":"Feature","geometry":{"type":"Polygon","coordinates":[[[135.40458683962297,34.723549508160716],[135.40498117734296,34.723457862908646],[135.40501426177715,34.72353630817698],[135.40528061877507,34.723456465907304],[135.4052935607842,34.72349962171748],[135.40579801921018,34.72340841302605],[135.40575166330294,34.723273180433544],[135.4073192782814,34.72290018484809],[135.40716002486505,34.72241128229735],[135.4047736174833,34.722978820238666],[135.40476288141824,34.72295327903876],[135.40461207513817,34.72298615734914],[135.40462214453726,34.72301297154993],[135.40442142409685,34.723057697957266],[135.40458683962297,34.723549508160716]]]},"properties":{"code":"28202019008","name":"昭和南通八丁目","jinko":345,"addr_key":"28202|昭和南通8","addr_key_town":"28202|昭和南通8","n":[8,7],"w":[false,false],"neighbors":["28202018007","28202018008","28202018009","28202019007","28202019009","28202020006","28202020007","28202020008","28202020009"]}},{"type":"Feature","geometry":{"type":"Polygon","coordinates":[[[135.40358035579047,34.72377569632166],[135.40350218759886,34.72356764034285],[135.40372993577495,34.72351507183353],[135.40379987142157,34.72371982018083],[135.40458683962297,34.723549508160716],[135.40442142409685,34.723057697957266],[135.40320850342306,34.72332851930962],[135.4032414141477,34.72342668639365],[135.4025868249683,34.723583995295414],[135.40256874714046,34.72353119362318],[135.40216834360226,34.72363570064889],[135.40171628332092,34.72360347072266],[135.40165541527756,34.724024025766134],[135.40260623482285,34.724144557278656],[135.4027200892487,34.72411665433739],[135.40268603780748,34.7240092014568],[135.40269675884792,34.72388783398474],[135.4031656231461,34.72387357279717],[135.40358035579047,34.72377569632166]]]},"properties":{"code":"28202019009","name":"昭和南通九丁目","jinko":240,"addr_key":"28202|昭和南通9","addr_key_town":"28202|昭和南通9","n":[6,4],"w":[false,false],"neighbors":["28202018008","28202018009","28202019008","28202020008","28202020009","28202090002"]}},{"type":"Feature","geometry":{"type":"Polygon","coordinates":[[[135.4162846346941,34.72025751937205],[135.41798980515605,34.71985698103778],[135.41800963009305,34.71991153211402],[135.41859460739425,34.71978002203404],[135.41820996873543,34.718640140468075],[135.41711513095905,34.71891131529718],[135.4174064368552,34.71969130556748],[135.41617392993402,34.71995693782939],[135.4162846346941,34.72025751937205]]]},"properties":{"code":"28202020001","name":"神田北通一丁目","jinko":143,"addr_key":"28202|神田北通1","addr_key_town":"28202|神田北通1","n":[27,8],"w":[false,false],"neighbors":["28202018002","28202019003","28202020002","28202021001","282020520"]}},{"type":"Feature","geometry":{"type":"Polygon","coordinates":[[[135.4145269718676,34.72070048883433],[135.4154068376945,34.72047892954621],[135.41542240085641,34.72053165116162],[135.41569777184884,34.72046700241839],[135.4156760166368,34.72039806024609],[135.41583384575875,34.720364132623295],[135.41594412766258,34.72035891867685],[135.41596167506484,34.720411244582266],[135.4160917522924,34.720385579920325],[135.41611525797768,34.720454951560676],[135.41633641008292,34.720407911517505],[135.41608021825652,34.71967761313168],[135.4157869730205,34.719748676393564],[135.41589998204398,34.72004951993286],[135.41580783129885,34.72007963670679],[135.41572669259878,34.71985513457313],[135.41552196984335,34.71993395866372],[135.41550454833632,34.719881871138085],[135.41537175851545,34.71991279971986],[135.4153870766233,34.71996636152407],[135.41534275983236,34.7199770051987],[135.41540481139967,34.72018998647323],[135.4151920373066,34.72024469727586],[135.41511345883637,34.72003975049923],[135.41493370443393,34.72008247665428],[135.4149951707747,34.720250390462354],[135.41485332555013,34.72028306028645],[135.41480137806124,34.720118864869704],[135.41449302069265,34.72012357621118],[135.4145269718676,34.72070048883433]]]},"properties":{"code":"28202020002","name":"神田北通二丁目","jinko":47,"addr_key":"28202|神田北通2","addr_key_town":"28202|神田北通2","n":[77,6],"w":[false,false],"neighbors":["28202019003","28202019004","28202020001","28202020003","28202021001","28202021002","28202021003"]}},{"type":"Feature","geometry":{"type":"Polygon","coordinates":[[[135.41289605443035,34.72106005235504],[135.4140342392209,34.72077993842729],[135.41404431769743,34.72082689433871],[135.41422402102006,34.72078022604438],[135.41424615812213,34.72084270842942],[135.4145450754648,34.72080047492238],[135.41449151881397,34.72028331605759],[135.41428993254908,34.72028707863225],[135.41421537593882,34.72020745396865],[135.41272774837108,34.720559403903685],[135.41289605443035,34.72106005235504]]]},"properties":{"code":"28202020003","name":"神田北通三丁目","jinko":45,"addr_key":"28202|神田北通3","addr_key_town":"28202|神田北通3","n":[15,10],"w":[false,false],"neighbors":["28202019004","28202019005","28202020002","28202020004","28202021003","28202021004"]}},{"type":"Feature","geometry":{"type":"Polygon","coordinates":[[[135.41084735532772,34.721537805058766],[135.41289250913525,34.72104951983352],[135.41272774837108,34.720559403903685],[135.4110798392694,34.720945691373124],[135.4111336736643,34.72109614740908],[135.41095406806582,34.72113740178406],[135.4108994478872,34.72098074464031],[135.41066786331956,34.721035422637144],[135.41084735532772,34.721537805058766]]]},"properties":{"code":"28202020004","name":"神田北通四丁目","jinko":294,"addr_key":"28202|神田北通4","addr_key_town":"28202|神田北通4","n":[14,5],"w":[false,false],"neighbors":["28202019004","28202019005","28202019006","28202020003","28202020005","28202021003","28202021004","28202021005"]}},{"type":"Feature","geometry":{"type":"Polygon","coordinates":[[[135.40993873248232,34.721980234281276],[135.40986317750298,34.72175612547195],[135.41084735532772,34.721537805058766],[135.41066786331956,34.721035422637144],[135.4104410716573,34.72109149768228],[135.4105174034066,34.72130893736777],[135.41013647434065,34.72140065129571],[135.41005441392662,34.72118709861821],[135.409091559812,34.721425158836404],[135.4092575110366,34.72189047771947],[135.40951832628028,34.7218326230259],[135.40957085845605,34.721984388561715],[135.40986480937377,34.72192049019621],[135.40989083780275,34.72199147545159],[135.40993873248232,34.721980234281276]]]},"properties":{"code":"28202020005","name":"神田北通五丁目","jinko":38,"addr_key":"28202|神田北通5","addr_key_town":"28202|神田北通5","n":[14,9],"w":[false,false],"neighbors":["28202019005","28202019006","28202019007","28202020004","28202020006","28202021004","28202021005","28202021006"]}},{"type":"Feature","geometry":{"type":"Polygon","coordinates":[[[135.40790541392747,34.722238643521585],[135.40830757585596,34.72217297132883],[135.4083006378284,34.72213796026538],[135.40901956616963,34.72196483893165],[135.40899813067395,34.721910236074585],[135.40924675521435,34.72185676811623],[135.409091559812,34.721425158836404],[135.40766166923666,34.72175605989413],[135.40745410522067,34.72174617190686],[135.40747110907597,34.721794700763205],[135.40717738981647,34.72187662066944],[135.4071977059519,34.72192782459527],[135.40710737623206,34.72195025727405],[135.40709032596277,34.721898122186495],[135.40699130570587,34.721919847403946],[135.40716452930704,34.722423074182494],[135.40790541392747,34.722238643521585]]]},"properties":{"code":"28202020006","name":"神田北通六丁目","jinko":307,"addr_key":"28202|神田北通6","addr_key_town":"28202|神田北通6","n":[14,7],"w":[false,false],"neighbors":["28202019007","28202019008","28202020005","28202020007","28202021005","28202021006","28202021007"]}},{"type":"Feature","geometry":{"type":"Polygon","coordinates":[[[135.40699130570587,34.721919847403946],[135.40560989993966,34.72224169894985],[135.4057864689399,34.72272495731326],[135.40716002486505,34.72241128229735],[135.40699130570587,34.721919847403946]]]},"properties":{"code":"28202020007","name":"神田北通七丁目","jinko":66,"addr_key":"28202|神田北通7","addr_key_town":"28202|神田北通7","n":[null,null],"w":[true,true],"neighbors":["28202019007","28202019008","28202020006","28202020008","28202021006","28202021007","28202021008"]}},{"type":"Feature","geometry":{"type":"Polygon","coordinates":[[[135.40461207513817,34.72298615734914],[135.40476288141824,34.72295327903876],[135.4047736174833,34.722978820238666],[135.4057864689399,34.72272495731326],[135.40560989993966,34.72224169894985],[135.4042510081765,34.72256846746632],[135.40442142409685,34.723057697957266],[135.40462214453726,34.72301297154993],[135.40461207513817,34.72298615734914]]]},"properties":{"code":"28202020008","name":"神田北通八丁目","jinko":117,"addr_key":"28202|神田北通8","addr_key_town":"28202|神田北通8","n":[3,0],"w":[false,false],"neighbors":["28202019008","28202019009","28202020007","28202020009","28202021007","28202021008","28202021009"]}},{"type":"Feature","geometry":{"type":"Polygon","coordinates":[[[135.40216834360226,34.72363570064889],[135.40256874714046,34.72353119362318],[135.4025868249683,34.723583995295414],[135.4032414141477,34.72342668639365],[135.40320850342306,34.72332851930962],[135.40442142409685,34.723057697957266],[135.4042510081765,34.72256846746632],[135.40304020861376,34.72284419917252],[135.4030112345585,34.72277346421063],[135.4024517254951,34.72291500611524],[135.40246328375076,34.7229515261966],[135.4023090536494,34.722983445721695],[135.40229110028827,34.72294050258494],[135.40189332020765,34.72302977429098],[135.40171628332092,34.72360347072266],[135.40216834360226,34.72363570064889]]]},"properties":{"code":"28202020009","name":"神田北通九丁目","jinko":254,"addr_key":"28202|神田北通9","addr_key_town":"28202|神田北通9","n":[8,0],"w":[false,false],"neighbors":["28202019008","28202019009","28202020008","28202021008","28202021009","28202090002","28202090003"]}},{"type":"Feature","geometry":{"type":"Polygon","coordinates":[[[135.41617392993402,34.71995693782938],[135.4174064368552,34.71969130556747],[135.41711513095905,34.71891131529718],[135.41820996873543,34.71864014046809],[135.41807005352948,34.71829108442106],[135.4184101756368,34.718211429579796],[135.41835967993282,34.71808736490371],[135.4173852106998,34.71823548890102],[135.41573282819468,34.718598379793995],[135.41617392993402,34.71995693782938]]]},"properties":{"code":"28202021001","name":"神田中通一丁目","jinko":0,"addr_key":"28202|神田中通1","addr_key_town":"28202|神田中通1","n":[98,6],"w":[false,false],"neighbors":["282020030","28202020001","28202020002","28202021002","282020230","282020520"]}},{"type":"Feature","geometry":{"type":"Polygon","coordinates":[[[135.4149951707747,34.720250390462354],[135.41493370443393,34.72008247665428],[135.41511345883637,34.72003975049923],[135.4151920373066,34.72024469727586],[135.41540481139967,34.72018998647323],[135.41534275983236,34.7199770051987],[135.4153870766233,34.71996636152407],[135.41537175851545,34.71991279971986],[135.41550454833632,34.719881871138085],[135.41552196984335,34.71993395866372],[135.41572669259878,34.71985513457313],[135.41580783129885,34.72007963670679],[135.41589998204398,34.72004951993286],[135.4157869730205,34.719748676393564],[135.41608021825652,34.71967761313168],[135.41573282819468,34.71859837979396],[135.41444632045085,34.718908139427995],[135.41446327111294,34.71926012447232],[135.41450905337757,34.71925873194116],[135.41449302069265,34.72012357621118],[135.41480137806124,34.720118864869704],[135.41485332555013,34.72028306028645],[135.4149951707747,34.720250390462354]]]},"properties":{"code":"28202021002","name":"神田中通二丁目","jinko":24,"addr_key":"28202|神田中通2","addr_key_town":"28202|神田中通2","n":[116,16],"w":[false,false],"neighbors":["28202020002","28202021001","28202021003","282020230","282020240"]}},{"type":"Feature","geometry":{"type":"Polygon","coordinates":[[[135.41272774837108,34.720559403903685],[135.41421537593882,34.72020745396865],[135.41428993254908,34.72028707863225],[135.41449151881397,34.72028331605759],[135.41450905337757,34.71925873194116],[135.41408217284936,34.719272240416174],[135.41409310125482,34.71937792551497],[135.41264602614945,34.71929188223994],[135.41250722511074,34.719860193409225],[135.41272774837108,34.720559403903685]]]},"properties":{"code":"28202021003","name":"神田中通三丁目","jinko":148,"addr_key":"28202|神田中通3","addr_key_town":"28202|神田中通3","n":[72,16],"w":[false,false],"neighbors":["28202020002","28202020003","28202020004","28202021002","28202021004","28202022001","282020240","282020260"]}},{"type":"Feature","geometry":{"type":"Polygon","coordinates":[[[135.4111336736643,34.72109614740908],[135.4110798392694,34.720945691373124],[135.41272774837108,34.720559403903685],[135.4125674589949,34.72008488380899],[135.4117951198041,34.720261173577995],[135.41183231585393,34.720380287285025],[135.4113491894048,34.7203582274128],[135.41050341559225,34.720561639652],[135.41066786331956,34.721035422637144],[135.4108994478872,34.72098074464031],[135.41095406806582,34.72113740178406],[135.4111336736643,34.72109614740908]]]},"properties":{"code":"28202021004","name":"神田中通四丁目","jinko":118,"addr_key":"28202|神田中通4","addr_key_town":"28202|神田中通4","n":[23,7],"w":[false,false],"neighbors":["28202020003","28202020004","28202020005","28202021003","28202021005","28202022001","28202022002"]}},{"type":"Feature","geometry":{"type":"Polygon","coordinates":[[[135.409091559812,34.721425158836404],[135.41005441392662,34.72118709861821],[135.41013647434065,34.72140065129571],[135.4105174034066,34.72130893736777],[135.4104410716573,34.72109149768228],[135.41066786331956,34.721035422637144],[135.41050341559225,34.720561639652],[135.4100726761153,34.72068996408972],[135.4100600233502,34.72064049577906],[135.40989239348303,34.72067893784792],[135.40989247402123,34.72076198972644],[135.40947655231335,34.72085659751955],[135.4094140261811,34.72066513873329],[135.4093302390635,34.72068661406513],[135.40932003862045,34.72065785691827],[135.40925691099625,34.72067283812761],[135.4092432977936,34.72063329518599],[135.40910455285925,34.72066648481146],[135.40911984641852,34.72071101043804],[135.40909480640306,34.72071663975197],[135.40915889284855,34.72090468350118],[135.40896165035048,34.72094963733789],[135.409091559812,34.721425158836404]]]},"properties":{"code":"28202021005","name":"神田中通五丁目","jinko":32,"addr_key":"28202|神田中通5","addr_key_town":"28202|神田中通5","n":[11,null],"w":[false,true],"neighbors":["28202020004","28202020005","28202020006","28202021004","28202021006","28202022001","28202022002","28202022003"]}},{"type":"Feature","geometry":{"type":"Polygon","coordinates":[[[135.4071977059519,34.72192782459527],[135.40717738981647,34.72187662066944],[135.40747110907597,34.721794700763205],[135.40745410522067,34.72174617190686],[135.40766166923666,34.72175605989413],[135.409091559812,34.721425158836404],[135.4089594016165,34.72093446876373],[135.40876617261887,34.72097758652971],[135.40880250521627,34.721089525734534],[135.4086754504448,34.721118536698874],[135.40863704618522,34.72100478578091],[135.40682970432337,34.72143611515045],[135.40699130570587,34.721919847403946],[135.40709032596277,34.721898122186495],[135.40710737623206,34.72195025727405],[135.4071977059519,34.72192782459527]]]},"properties":{"code":"28202021006","name":"神田中通六丁目","jinko":42,"addr_key":"28202|神田中通6","addr_key_town":"28202|神田中通6","n":[14,7],"w":[false,false],"neighbors":["28202020005","28202020006","28202020007","28202021005","28202021007","28202022002","28202022003"]}},{"type":"Feature","geometry":{"type":"Polygon","coordinates":[[[135.40698914669557,34.72191360785845],[135.40682304896612,34.72141617222148],[135.40570257243087,34.721702966500494],[135.40542546703276,34.72174400073786],[135.40560989993966,34.72224169894985],[135.40698914669557,34.72191360785845]]]},"properties":{"code":"28202021007","name":"神田中通七丁目","jinko":212,"addr_key":"28202|神田中通7","addr_key_town":"28202|神田中通7","n":[5,4],"w":[false,false],"neighbors":["28202020006","28202020007","28202020008","28202021006","28202021008","28202022003","28202022004","28202022005"]}},{"type":"Feature","geometry":{"type":"Polygon","coordinates":[[[135.40560989993966,34.72224169894985],[135.40542894527775,34.72175566086273],[135.40493510027835,34.721892778231364],[135.40492146571924,34.72185143041055],[135.4047962400637,34.72187687228639],[135.40480688954779,34.72190434051244],[135.40408195984028,34.72206584377265],[135.4042510081765,34.72256846746632],[135.40560989993966,34.72224169894985]]]},"properties":{"code":"28202021008","name":"神田中通八丁目","jinko":93,"addr_key":"28202|神田中通8","addr_key_town":"28202|神田中通8","n":[null,null],"w":[true,true],"neighbors":["28202020007","28202020008","28202020009","28202021007","28202021009","28202022004","28202022005","28202022006"]}},{"type":"Feature","geometry":{"type":"Polygon","coordinates":[[[135.40189332020765,34.72302977429098],[135.40229110028827,34.72294050258494],[135.4023090536494,34.722983445721695],[135.40246328375076,34.7229515261966],[135.4024517254951,34.72291500611524],[135.4030112345585,34.72277346421063],[135.40304020861376,34.72284419917252],[135.4042510081765,34.72256846746632],[135.40407924093623,34.7220600927407],[135.40286227416732,34.722359821603206],[135.40249744438879,34.72247753977636],[135.40198055999372,34.72257729513035],[135.40189332020765,34.72302977429098]]]},"properties":{"code":"28202021009","name":"神田中通九丁目","jinko":184,"addr_key":"28202|神田中通9","addr_key_town":"28202|神田中通9","n":[7,0],"w":[false,false],"neighbors":["28202020008","28202020009","28202021008","28202022005","28202022006","28202090003"]}},{"type":"Feature","geometry":{"type":"Polygon","coordinates":[[[135.41050341559225,34.720561639652],[135.4113491894048,34.7203582274128],[135.41183231585393,34.720380287285025],[135.4117951198041,34.720261173577995],[135.4125674589949,34.72008488380899],[135.41250722511074,34.719860193409225],[135.41257278784525,34.71958917159391],[135.4116787863341,34.71981639031785],[135.41158431679156,34.71981479016577],[135.41157515714988,34.719866254070794],[135.4114867265819,34.719866136007],[135.411483990252,34.719907627627634],[135.41132353898803,34.71991153381933],[135.41132600865097,34.7198471353151],[135.41115800724324,34.719882005381336],[135.4111212769785,34.71979218355828],[135.41088232511274,34.719841344813],[135.41092938621892,34.71999755765693],[135.41035592664136,34.720132639524394],[135.41050341559225,34.720561639652]]]},"properties":{"code":"28202022001","name":"神田南通一丁目","jinko":338,"addr_key":"28202|神田南通1","addr_key_town":"28202|神田南通1","n":[9,4],"w":[false,false],"neighbors":["28202021003","28202021004","28202021005","28202022002","282020260"]}},{"type":"Feature","geometry":{"type":"Polygon","coordinates":[[[135.40910455285925,34.72066648481146],[135.4092432977936,34.72063329518599],[135.40925691099625,34.72067283812761],[135.40932003862045,34.72065785691827],[135.4093302390635,34.72068661406513],[135.4094140261811,34.72066513873329],[135.40947655231335,34.72085659751955],[135.40989247402123,34.72076198972644],[135.40989239348303,34.72067893784792],[135.4100600233502,34.72064049577906],[135.4100726761153,34.72068996408972],[135.41050341559225,34.720561639652],[135.41035592664136,34.720132639524394],[135.41000221436622,34.72021140625797],[135.41001062026953,34.72030725219435],[135.40972675977707,34.720372583285055],[135.4096971796674,34.72028847392841],[135.40887976051872,34.72045542726405],[135.40896165035048,34.72094963733789],[135.40915889284855,34.72090468350118],[135.40909480640306,34.72071663975197],[135.40911984641852,34.72071101043804],[135.40910455285925,34.72066648481146]]]},"properties":{"code":"28202022002","name":"神田南通二丁目","jinko":178,"addr_key":"28202|神田南通2","addr_key_town":"28202|神田南通2","n":[3,0],"w":[false,false],"neighbors":["28202021004","28202021005","28202021006","28202022001","28202022003","282020260"]}},{"type":"Feature","geometry":{"type":"Polygon","coordinates":[[[135.40682970432337,34.72143611515045],[135.40863704618522,34.72100478578091],[135.4086754504448,34.721118536698874],[135.40880250521627,34.721089525734534],[135.40876617261887,34.72097758652971],[135.4089594016165,34.72093446876373],[135.40886494158912,34.72022639118894],[135.40817083975298,34.72031309113122],[135.4079419644296,34.72050160136503],[135.40781551404064,34.72053102923292],[135.407527717621,34.72049680719687],[135.407366496418,34.720528372022066],[135.40676087162728,34.72079570116366],[135.40662681159617,34.72090956562443],[135.40682970432337,34.72143611515045]]]},"properties":{"code":"28202022003","name":"神田南通三丁目","jinko":213,"addr_key":"28202|神田南通3","addr_key_town":"28202|神田南通3","n":[9,8],"w":[false,false],"neighbors":["28202021005","28202021006","28202021007","28202022002","28202022004","282020260","282020320","28202035008","28202037001","28202037002"]}},{"type":"Feature","geometry":{"type":"Polygon","coordinates":[[[135.40542546703276,34.72174400073786],[135.40570257243087,34.721702966500494],[135.40682304896612,34.72141617222148],[135.40662681159617,34.72090956562443],[135.40637470040107,34.721069543635764],[135.40620038564106,34.721137703668546],[135.40523590416865,34.72122522070074],[135.40542546703276,34.72174400073786]]]},"properties":{"code":"28202022004","name":"神田南通四丁目","jinko":66,"addr_key":"28202|神田南通4","addr_key_town":"28202|神田南通4","n":[null,null],"w":[true,true],"neighbors":["28202021007","28202021008","28202022003","28202022005","28202037001","28202037002"]}},{"type":"Feature","geometry":{"type":"Polygon","coordinates":[[[135.4047962400637,34.72187687228639],[135.40492146571924,34.72185143041055],[135.40493510027835,34.721892778231364],[135.40542894527775,34.72175566086273],[135.40523590416865,34.72122522070074],[135.4046043325269,34.72124740145199],[135.40378584329343,34.721213755784774],[135.40408195984028,34.72206584377265],[135.40480688954779,34.72190434051244],[135.4047962400637,34.72187687228639]]]},"properties":{"code":"28202022005","name":"神田南通五丁目","jinko":163,"addr_key":"28202|神田南通5","addr_key_town":"28202|神田南通5","n":[null,null],"w":[true,true],"neighbors":["28202021007","28202021008","28202021009","28202022004","28202022006","28202037002","28202037003"]}},{"type":"Feature","geometry":{"type":"Polygon","coordinates":[[[135.40378584329343,34.721213755784774],[135.4032881947955,34.721183763714194],[135.4029445026053,34.72120030651295],[135.40184393175022,34.72143083068359],[135.40196353384505,34.722102068674204],[135.40198055999372,34.72257729513035],[135.40249744438879,34.72247753977636],[135.40286227416732,34.722359821603206],[135.40407924093623,34.7220600927407],[135.40378584329343,34.721213755784774]]]},"properties":{"code":"28202022006","name":"神田南通六丁目","jinko":243,"addr_key":"28202|神田南通6","addr_key_town":"28202|神田南通6","n":[4,5],"w":[false,false],"neighbors":["28202021008","28202021009","28202022005","28202037002","28202037003","28202090003","282020930"]}},{"type":"Feature","geometry":{"type":"Polygon","coordinates":[[[135.41835967993288,34.71808736490371],[135.4179678336836,34.717139106622135],[135.415096264486,34.71797399690971],[135.41420246179217,34.71820631429954],[135.41444632045085,34.718908139427995],[135.4173852106998,34.71823548890102],[135.41835967993288,34.71808736490371]]]},"properties":{"code":"282020230","name":"御園町","jinko":942,"addr_key":"28202|御園町","addr_key_town":"28202|御園町","n":[32,4],"w":[false,false],"neighbors":["282020030","28202021001","28202021002","282020240","28202027001","28202027002","28202027003","282020280"]}},{"type":"Feature","geometry":{"type":"Polygon","coordinates":[[[135.4144134844146,34.71879687443391],[135.41420246179217,34.71820631429954],[135.41148449532724,34.71881030925953],[135.41135400755792,34.71846284984974],[135.41036031781883,34.718708701666415],[135.40996662632594,34.71876692433873],[135.41264602614945,34.71929188223994],[135.41409310125482,34.71937792551497],[135.41408217284936,34.719272240416174],[135.41446327111294,34.71926012447232],[135.41447014603156,34.719061035859845],[135.4144134844146,34.71879687443391]]]},"properties":{"code":"282020240","name":"西御園町","jinko":210,"addr_key":"28202|西御園町","addr_key_town":"28202|西御園町","n":[9,11],"w":[false,false],"neighbors":["28202021002","28202021003","282020230","282020260","28202027003","282020280"]}},{"type":"Feature","geometry":{"type":"Polygon","coordinates":[[[135.40887976051872,34.72045542726405],[135.4096971796674,34.72028847392841],[135.40972675977707,34.720372583285055],[135.41001062026953,34.72030725219435],[135.41000221436622,34.72021140625797],[135.41092938621892,34.71999755765693],[135.41088232511274,34.719841344813],[135.4111212769785,34.71979218355828],[135.41115800724324,34.719882005381336],[135.41132600865097,34.7198471353151],[135.41132353898803,34.71991153381933],[135.411483990252,34.719907627627634],[135.4114867265819,34.719866136007],[135.41157515714988,34.719866254070794],[135.41158431679156,34.71981479016577],[135.4116787863341,34.71981639031785],[135.41257278784525,34.71958917159391],[135.41264602614945,34.71929188223994],[135.40938828262836,34.718658560002254],[135.4090682628507,34.71925692379985],[135.4088680630567,34.71938729377666],[135.40872101370837,34.719400002920025],[135.40872461827576,34.719467581595325],[135.40854170387104,34.71968780505905],[135.40839657644594,34.71974359759048],[135.40839908845743,34.72028698925105],[135.40886494158912,34.72022639118894],[135.40887976051872,34.72045542726405]]]},"properties":{"code":"282020260","name":"建家町","jinko":906,"addr_key":"28202|建家町","addr_key_town":"28202|建家町","n":[27,9],"w":[false,false],"neighbors":["28202021003","28202022001","28202022002","28202022003","282020240","282020280","282020320"]}},{"type":"Feature","geometry":{"type":"Polygon","coordinates":[[[135.4179678336836,34.717139106622135],[135.4175664621213,34.71615938024721],[135.41732699411017,34.71621334601119],[135.41715003397476,34.71558051491427],[135.4174278706969,34.71502955795707],[135.41622152372412,34.715300867705],[135.4165584261319,34.71638089840752],[135.4158675494148,34.71654141724296],[135.4162311297336,34.7176395224588],[135.4179678336836,34.717139106622135]]]},"properties":{"code":"28202027001","name":"開明町一丁目","jinko":392,"addr_key":"28202|開明町1","addr_key_town":"28202|開明町1","n":[9,7],"w":[false,false],"neighbors":["282020030","282020040","282020230","28202027002","28202035001","28202035002"]}},{"type":"Feature","geometry":{"type":"Polygon","coordinates":[[[135.4165584261319,34.71638089840752],[135.41622152372412,34.715300867705],[135.4147251172744,34.71562573152538],[135.41548058329587,34.71786268731405],[135.4162311297336,34.7176395224588],[135.4158675494148,34.71654141724296],[135.4165584261319,34.71638089840752]]]},"properties":{"code":"28202027002","name":"開明町二丁目","jinko":429,"addr_key":"28202|開明町2","addr_key_town":"28202|開明町2","n":[16,5],"w":[false,false],"neighbors":["282020230","28202027001","28202027003","28202035001","28202035002","28202035003"]}},{"type":"Feature","geometry":{"type":"Polygon","coordinates":[[[135.41548058329587,34.71786268731405],[135.4147251172744,34.71562573152538],[135.41343845393737,34.715913505065416],[135.41420246179217,34.71820631429954],[135.41548058329587,34.71786268731405]]]},"properties":{"code":"28202027003","name":"開明町三丁目","jinko":141,"addr_key":"28202|開明町3","addr_key_town":"28202|開明町3","n":[0,5],"w":[false,false],"neighbors":["282020230","282020240","28202027002","282020280","282020290","28202034003","28202035002","28202035003"]}},{"type":"Feature","geometry":{"type":"Polygon","coordinates":[[[135.41148449532724,34.71881030925953],[135.41420246179217,34.71820631429954],[135.4139308939191,34.71739345975647],[135.41066221569662,34.718121201672986],[135.41011101011318,34.71830101956616],[135.40953173599394,34.71844093866153],[135.40938828262836,34.718658560002254],[135.40996662632594,34.71876692433873],[135.41036031781883,34.718708701666415],[135.41135400755792,34.71846284984974],[135.41148449532724,34.71881030925953]]]},"properties":{"code":"282020280","name":"寺町","jinko":91,"addr_key":"28202|寺町","addr_key_town":"28202|寺町","n":[null,null],"w":[true,true],"neighbors":["282020230","282020240","282020260","28202027003","282020290","282020300","282020310","282020320","282020330"]}},{"type":"Feature","geometry":{"type":"Polygon","coordinates":[[[135.4139308939191,34.71739345975647],[135.4136399322967,34.71651232138328],[135.41327770257215,34.716596947255184],[135.41320253852498,34.71634590680979],[135.41299718696584,34.71639350565642],[135.41290901600593,34.71611933923735],[135.41249823767652,34.7162221412628],[135.41252388155607,34.716305299945866],[135.41216887310878,34.716388028544856],[135.4121303077515,34.71628836226795],[135.41139068469474,34.71647238833872],[135.4116219125895,34.717162783005094],[135.4114414325946,34.717201707416486],[135.41166169458197,34.7179010726465],[135.4139308939191,34.71739345975647]]]},"properties":{"code":"282020290","name":"東桜木町","jinko":513,"addr_key":"28202|東桜木町","addr_key_town":"28202|東桜木町","n":[null,null],"w":[true,true],"neighbors":["28202027003","282020280","282020300","28202034003","28202034004","28202034005"]}},{"type":"Feature","geometry":{"type":"Polygon","coordinates":[[[135.4116219125895,34.717162783005094],[135.41138787033475,34.71645931376046],[135.41121765339523,34.71649363952176],[135.41119488596337,34.71642172338163],[135.4110615192737,34.716449947741914],[135.41108437433348,34.71652862416998],[135.41094986523956,34.71655432369909],[135.41093701790638,34.716589650524725],[135.4108002318659,34.716617200610294],[135.41080784498266,34.716638543188154],[135.41067270951524,34.71666847307015],[135.41065862630396,34.716634792489906],[135.41050214894793,34.716669841995916],[135.41047944295337,34.716714552959075],[135.40989574416588,34.71684098914599],[135.41031922245824,34.71809453582545],[135.41027935947855,34.718106333403334],[135.41033559392068,34.718227211097116],[135.41066221569662,34.718121201672986],[135.41166169458197,34.7179010726465],[135.4114414325946,34.717201707416486],[135.4116219125895,34.717162783005094]]]},"properties":{"code":"282020300","name":"西桜木町","jinko":418,"addr_key":"28202|西桜木町","addr_key_town":"28202|西桜木町","n":[5,null],"w":[false,true],"neighbors":["282020280","282020290","282020310","28202034005"]}},{"type":"Feature","geometry":{"type":"Polygon","coordinates":[[[135.4099231427431,34.716566221752345],[135.4098824177543,34.71644460025639],[135.40971000933533,34.71644823694702],[135.40969333494553,34.716392324570855],[135.4094265258557,34.71644961471194],[135.40958103668072,34.716927439015045],[135.40918314456167,34.71701842531495],[135.40923344184506,34.71718123211246],[135.4085520316787,34.717383038257765],[135.40894858111167,34.717892812895755],[135.40953173599394,34.71844093866153],[135.41033559392068,34.718227211097116],[135.41027935947855,34.718106333403334],[135.41031922245824,34.71809453582545],[135.41006111733756,34.71738688935214],[135.40982155097754,34.7165916274308],[135.4099231427431,34.716566221752345]]]},"properties":{"code":"282020310","name":"汐町","jinko":340,"addr_key":"28202|汐町","addr_key_town":"28202|汐町","n":[6,5],"w":[false,false],"neighbors":["282020280","282020300","282020330","28202034005","28202035006"]}},{"type":"Feature","geometry":{"type":"Polygon","coordinates":[[[135.40839908845743,34.72028698925105],[135.40839657644594,34.71974359759048],[135.40854170387104,34.71968780505905],[135.40872461827576,34.719467581595325],[135.40872101370837,34.719400002920025],[135.4088680630567,34.71938729377666],[135.4090682628507,34.71925692379985],[135.40943107979317,34.71859127557218],[135.40849697560847,34.7184202198536],[135.4084875978606,34.718572003891076],[135.40788210383712,34.71845269257673],[135.40791883223574,34.71866111688416],[135.40798467598935,34.718693777571076],[135.40801855825595,34.719077873164],[135.4079012068391,34.71909820584084],[135.40790554997835,34.71919000531657],[135.40787174943452,34.71920805205888],[135.4079085172129,34.719472113321544],[135.40801593327726,34.71946130447587],[135.40808174574653,34.71982807442956],[135.40815741246072,34.71982233538439],[135.40822319368806,34.720305162994556],[135.40839908845743,34.72028698925105]]]},"properties":{"code":"282020320","name":"玄番北之町","jinko":503,"addr_key":"28202|玄番北之町","addr_key_town":"28202|玄番北之町","n":[5,5],"w":[false,false],"neighbors":["28202022003","282020260","282020280","282020330","28202035007","28202035008"]}},{"type":"Feature","geometry":{"type":"Polygon","coordinates":[[[135.40953173599394,34.71844093866153],[135.40894858111167,34.717892812895755],[135.408222389178,34.716928590480826],[135.407829719056,34.717014597181276],[135.40799301504669,34.717453816460065],[135.4079438393199,34.71749052676812],[135.40802484976098,34.717630119406735],[135.40793953226316,34.71765071810824],[135.4080289078909,34.71780163077939],[135.40810302786332,34.71783478191458],[135.40815032474833,34.717904228765676],[135.40822113247995,34.71789233528845],[135.4082928793149,34.71809129352454],[135.4082715338875,34.71832656970397],[135.40850730273596,34.718249694222585],[135.40849697560847,34.7184202198536],[135.40943107979317,34.71859127557218],[135.40953173599394,34.71844093866153]]]},"properties":{"code":"282020330","name":"玄番南之町","jinko":57,"addr_key":"28202|玄番南之町","addr_key_town":"28202|玄番南之町","n":[null,6],"w":[true,false],"neighbors":["282020280","282020310","282020320","28202035006","28202035007","28202035008"]}},{"type":"Feature","geometry":{"type":"Polygon","coordinates":[[[135.4136399322967,34.71651232138328],[135.41343845393737,34.715913505065416],[135.41311869010426,34.71599099264789],[135.41305965522082,34.71585207060057],[135.41284204300982,34.715901185223856],[135.41299718696584,34.71639350565641],[135.41320253852496,34.71634590680981],[135.41327770257215,34.716596947255184],[135.4136399322967,34.71651232138328]]]},"properties":{"code":"28202034003","name":"西本町北通三丁目","jinko":13,"addr_key":"28202|西本町北通3","addr_key_town":"28202|西本町北通3","n":[0,null],"w":[false,true],"neighbors":["28202027003","282020290","28202034004","28202035003"]}},{"type":"Feature","geometry":{"type":"Polygon","coordinates":[[[135.41252388155607,34.716305299945866],[135.41249823767652,34.7162221412628],[135.41290901600593,34.71611933923735],[135.4127752607978,34.71578317867799],[135.41159112884705,34.71603988127942],[135.4116990001775,34.71638669538836],[135.4121303077515,34.71628836226795],[135.41216887310878,34.716388028544856],[135.41252388155607,34.716305299945866]]]},"properties":{"code":"28202034004","name":"西本町北通四丁目","jinko":110,"addr_key":"28202|西本町北通4","addr_key_town":"28202|西本町北通4","n":[null,null],"w":[true,true],"neighbors":["282020290","28202034003","28202034005","28202035003","28202035004","28202035005"]}},{"type":"Feature","geometry":{"type":"Polygon","coordinates":[[[135.41050214894793,34.716669841995916],[135.41065862630396,34.716634792489906],[135.41067270951524,34.71666847307015],[135.41093701790638,34.716589650524725],[135.41094986523956,34.71655432369909],[135.41108437433348,34.71652862416998],[135.4110615192737,34.716449947741914],[135.41119488596337,34.71642172338163],[135.41121765339523,34.71649363952176],[135.41170528842767,34.716404669110794],[135.41159112884705,34.71603988127942],[135.4098824177543,34.71644460025639],[135.4099231427431,34.716566221752345],[135.40982155097754,34.7165916274308],[135.40989574416588,34.71684098914599],[135.41047944295337,34.716714552959075],[135.41050214894793,34.716669841995916]]]},"properties":{"code":"28202034005","name":"西本町北通五丁目","jinko":128,"addr_key":"28202|西本町北通5","addr_key_town":"28202|西本町北通5","n":[3,null],"w":[false,true],"neighbors":["282020290","282020300","282020310","28202034004","28202035004","28202035005","28202035006"]}},{"type":"Feature","geometry":{"type":"Polygon","coordinates":[[[135.41787467865484,34.71510037345304],[135.41789723368515,34.715011857844935],[135.41783610287993,34.71471956702672],[135.41770947995042,34.71442785857216],[135.41761608084119,34.714381363030625],[135.41736852814049,34.71371113016832],[135.4164833029047,34.71383886988791],[135.41605061109314,34.713829616675],[135.41566905137216,34.71377131352727],[135.41622152372412,34.715300867705],[135.4174278706969,34.71502955795707],[135.41715003397476,34.71558051491427],[135.41732699411017,34.71621334601119],[135.4175664621213,34.71615938024721],[135.41747986482764,34.715902389129724],[135.41748275719482,34.71566657348774],[135.41757635421814,34.71549319494527],[135.41787467865484,34.71510037345304]]]},"properties":{"code":"28202035001","name":"西本町一丁目","jinko":119,"addr_key":"28202|西本町1","addr_key_town":"28202|西本町1","n":[4,0],"w":[false,false],"neighbors":["282020030","282020040","28202027001","28202027002","28202035002","28202036001"]}},{"type":"Feature","geometry":{"type":"Polygon","coordinates":[[[135.41566905137216,34.71377131352727],[135.41545273908136,34.713716893391286],[135.41519693307453,34.71377325327962],[135.41518789519964,34.713707977172376],[135.41486166482895,34.71364171422774],[135.4147698401059,34.71359153954351],[135.41435384281252,34.7135869215811],[135.41408087632422,34.71362892341931],[135.4147251172744,34.71562573152538],[135.41622152372412,34.715300867705],[135.41566905137216,34.71377131352727]]]},"properties":{"code":"28202035002","name":"西本町二丁目","jinko":356,"addr_key":"28202|西本町2","addr_key_town":"28202|西本町2","n":[4,9],"w":[false,false],"neighbors":["28202027001","28202027002","28202027003","28202035001","28202035003","28202036001","28202036002"]}},{"type":"Feature","geometry":{"type":"Polygon","coordinates":[[[135.41311869010428,34.71599099264789],[135.4147251172744,34.71562573152538],[135.41407012486212,34.71359563630049],[135.413173492869,34.713804022277074],[135.41342273328755,34.714488478467985],[135.41242830356416,34.714725899029446],[135.41280840534208,34.71577400999541],[135.4127752607978,34.71578317867799],[135.41282616666717,34.71590681926352],[135.41305965522085,34.7158520706006],[135.41311869010428,34.71599099264789]]]},"properties":{"code":"28202035003","name":"西本町三丁目","jinko":286,"addr_key":"28202|西本町3","addr_key_town":"28202|西本町3","n":[8,10],"w":[false,false],"neighbors":["28202027002","28202027003","28202034003","28202034004","28202035002","28202035004","28202036002","28202036003"]}},{"type":"Feature","geometry":{"type":"Polygon","coordinates":[[[135.41280840534208,34.71577400999541],[135.41236897876428,34.714571061335114],[135.41129742369526,34.714964518992566],[135.41150062434343,34.715585579739155],[135.41144349291653,34.71559960749619],[135.41159112884705,34.71603988127942],[135.41280840534208,34.71577400999541]]]},"properties":{"code":"28202035004","name":"西本町四丁目","jinko":70,"addr_key":"28202|西本町4","addr_key_town":"28202|西本町4","n":[0,0],"w":[false,false],"neighbors":["28202034004","28202034005","28202035003","28202035005","28202036003","28202036004"]}},{"type":"Feature","geometry":{"type":"Polygon","coordinates":[[[135.41127898413671,34.71492693033793],[135.41098405318007,34.71436471421759],[135.41078024277488,34.71460991422156],[135.40994579877218,34.715077324828414],[135.41038971427247,34.716312923592895],[135.41159112884705,34.71603988127942],[135.41144349291653,34.71559960749619],[135.41150062434343,34.715585579739155],[135.41127898413671,34.71492693033793]]]},"properties":{"code":"28202035005","name":"西本町五丁目","jinko":126,"addr_key":"28202|西本町5","addr_key_town":"28202|西本町5","n":[null,0],"w":[true,false],"neighbors":["28202034004","28202034005","28202035004","28202035006","28202036004","282020430"]}},{"type":"Feature","geometry":{"type":"Polygon","coordinates":[[[135.4094265258557,34.71644961471194],[135.40969333494553,34.716392324570855],[135.40971000933533,34.71644823694702],[135.40978540918357,34.71643531615778],[135.4097994335765,34.7164644900347],[135.41038971427247,34.716312923592895],[135.40994579877218,34.715077324828414],[135.40937978349118,34.71540924978469],[135.40893324866659,34.71561588301878],[135.4086498422952,34.71572839257833],[135.4079671963259,34.71586681978669],[135.40823942937985,34.71667025199588],[135.4081994801752,34.71684554760739],[135.408222389178,34.716928590480826],[135.4085520316787,34.717383038257765],[135.40923344184506,34.71718123211246],[135.40918314456167,34.71701842531495],[135.40958103668072,34.716927439015045],[135.4094265258557,34.71644961471194]]]},"properties":{"code":"28202035006","name":"西本町六丁目","jinko":59,"addr_key":"28202|西本町6","addr_key_town":"28202|西本町6","n":[null,0],"w":[true,false],"neighbors":["282020310","282020330","28202034005","28202035005","28202035007","282020430"]}},{"type":"Feature","geometry":{"type":"Polygon","coordinates":[[[135.40849697560847,34.7184202198536],[135.40850730273596,34.718249694222585],[135.4082715338875,34.71832656970397],[135.4082928793149,34.71809129352454],[135.40822113247995,34.71789233528845],[135.40815032474833,34.717904228765676],[135.40810302786332,34.71783478191458],[135.4080289078909,34.71780163077939],[135.40793953226316,34.71765071810824],[135.40802484976098,34.717630119406735],[135.4079438393199,34.71749052676812],[135.40799301504669,34.717453816460065],[135.407829719056,34.717014597181276],[135.408222389178,34.716928590480826],[135.4081994801752,34.71684554760739],[135.40823942937985,34.71667025199588],[135.40810137404526,34.71632299416244],[135.40681387832083,34.71656929436564],[135.40712335712564,34.717780039315194],[135.40731547361952,34.71821866073763],[135.40849697560847,34.7184202198536]]]},"properties":{"code":"28202035007","name":"西本町七丁目","jinko":208,"addr_key":"28202|西本町7","addr_key_town":"28202|西本町7","n":[7,3],"w":[false,false],"neighbors":["282020320","282020330","28202035006","28202035008","28202039001","28202040001","282020430"]}},{"type":"Feature","geometry":{"type":"Polygon","coordinates":[[[135.4079419644296,34.72050160136503],[135.40817083975298,34.72031309113122],[135.40822319368806,34.720305162994556],[135.40815741246072,34.71982233538439],[135.40808174574653,34.71982807442956],[135.40801593327726,34.71946130447587],[135.4079085172129,34.719472113321544],[135.40787174943452,34.71920805205888],[135.40790554997835,34.71919000531657],[135.4079012068391,34.71909820584084],[135.40801855825595,34.719077873164],[135.40798467598935,34.718693777571076],[135.40791883223574,34.71866111688416],[135.40788210383712,34.71845269257673],[135.4084875978606,34.718572003891076],[135.40849697560847,34.7184202198536],[135.40731547361952,34.71821866073763],[135.40740887996645,34.71843714860396],[135.4068094893009,34.718598221773284],[135.40706860958042,34.719126259449965],[135.40719591079878,34.719822372030976],[135.407366496418,34.720528372022066],[135.4074945484951,34.72049752196316],[135.40781551404064,34.72053102923292],[135.4079419644296,34.72050160136503]]]},"properties":{"code":"28202035008","name":"西本町八丁目","jinko":535,"addr_key":"28202|西本町8","addr_key_town":"28202|西本町8","n":[7,9],"w":[false,false],"neighbors":["28202022003","282020320","282020330","28202035007","28202037001","28202038001","28202039001","28202040001"]}},{"type":"Feature","geometry":{"type":"Polygon","coordinates":[[[135.41736852814049,34.71371113016832],[135.41723738732358,34.71328212850533],[135.41673152665635,34.71320774955812],[135.41578870280935,34.712900757224766],[135.41543066647446,34.71288055629561],[135.41536911168637,34.71326819622485],[135.41539825943752,34.713652780771625],[135.41545273908136,34.713716893391286],[135.41587801697582,34.71381185397655],[135.41623711377375,34.713841058463366],[135.4166761410035,34.71382616918353],[135.41736852814049,34.71371113016832]]]},"properties":{"code":"28202036001","name":"中在家町一丁目","jinko":0,"addr_key":"28202|中在家町1","addr_key_town":"28202|中在家町1","n":[0,null],"w":[false,true],"neighbors":["282020040","28202035001","28202035002","28202036002","28202049005"]}},{"type":"Feature","geometry":{"type":"Polygon","coordinates":[[[135.41545273908136,34.713716893391286],[135.41539825943752,34.713652780771625],[135.41536911168637,34.71326819622485],[135.41543066647446,34.71288055629561],[135.41500374994646,34.712954069942604],[135.413974949225,34.71330096742028],[135.41408087632422,34.71362892341932],[135.41435384281252,34.71358692158108],[135.4147698401059,34.71359153954349],[135.41486166482895,34.71364171422774],[135.41518789519964,34.71370797717235],[135.41519693307453,34.71377325327962],[135.41545273908136,34.713716893391286]]]},"properties":{"code":"28202036002","name":"中在家町二丁目","jinko":0,"addr_key":"28202|中在家町2","addr_key_town":"28202|中在家町2","n":[0,0],"w":[false,false],"neighbors":["28202035002","28202035003","28202036001","28202036003"]}},{"type":"Feature","geometry":{"type":"Polygon","coordinates":[[[135.41407012486212,34.71359563630049],[135.41401188830028,34.71341318300627],[135.41261754220818,34.71373415550619],[135.41210776593735,34.713896427802055],[135.41242830356416,34.714725899029446],[135.41342273328755,34.714488478467985],[135.413173492869,34.713804022277074],[135.41407012486212,34.71359563630049]]]},"properties":{"code":"28202036003","name":"中在家町三丁目","jinko":109,"addr_key":"28202|中在家町3","addr_key_town":"28202|中在家町3","n":[0,null],"w":[false,true],"neighbors":["28202035003","28202035004","28202036002","28202036004"]}},{"type":"Feature","geometry":{"type":"Polygon","coordinates":[[[135.41236897876428,34.714571061335114],[135.41210776593735,34.713896427802055],[135.4112827548467,34.714261501681996],[135.4111890436393,34.714111756512004],[135.41098405318007,34.71436471421759],[135.41129742369526,34.714964518992566],[135.41236897876428,34.714571061335114]]]},"properties":{"code":"28202036004","name":"中在家町四丁目","jinko":62,"addr_key":"28202|中在家町4","addr_key_town":"28202|中在家町4","n":[null,null],"w":[true,true],"neighbors":["28202035004","28202035005","28202036003","282020430"]}},{"type":"Feature","geometry":{"type":"Polygon","coordinates":[[[135.407366496418,34.720528372022066],[135.40719591079878,34.719822372030976],[135.40628092717932,34.71999665057917],[135.40662681159617,34.72090956562443],[135.40676087162728,34.72079570116366],[135.407366496418,34.720528372022066]]]},"properties":{"code":"28202037001","name":"北竹谷町一丁目","jinko":236,"addr_key":"28202|北竹谷町1","addr_key_town":"28202|北竹谷町1","n":[null,0],"w":[true,false],"neighbors":["28202022003","28202022004","28202035008","28202037002","28202038001","28202038002"]}},{"type":"Feature","geometry":{"type":"Polygon","coordinates":[[[135.40662681159617,34.72090956562443],[135.40628092717932,34.71999665057917],[135.4053806196166,34.72018473517504],[135.4054218144545,34.72035677586487],[135.4049994550017,34.72043683839118],[135.4049716282938,34.72027665235289],[135.4047553677476,34.72029306425016],[135.40470930775672,34.72023332570343],[135.40441724073844,34.72026448958129],[135.40441080570633,34.720453569745594],[135.40434420132837,34.72045415589753],[135.40429562049619,34.72039739784178],[135.40371829179801,34.72045219780302],[135.40378584329343,34.721213755784774],[135.40500813184576,34.72124215633132],[135.40611673812145,34.72115280852086],[135.40637470040107,34.721069543635764],[135.40662681159617,34.72090956562443]]]},"properties":{"code":"28202037002","name":"北竹谷町二丁目","jinko":189,"addr_key":"28202|北竹谷町2","addr_key_town":"28202|北竹谷町2","n":[4,null],"w":[false,true],"neighbors":["28202022003","28202022004","28202022005","28202022006","28202037001","28202037003","28202038001","28202038002"]}},{"type":"Feature","geometry":{"type":"Polygon","coordinates":[[[135.40308899974383,34.721187768346105],[135.40378584329343,34.721213755784774],[135.40371541862896,34.72040321081629],[135.40355998239303,34.720406657566855],[135.40355628879226,34.72045897436847],[135.4023143884964,34.72066460307089],[135.40228903619408,34.720564125117505],[135.4021475564415,34.720587116174414],[135.4021731165276,34.720685421768245],[135.40175777872074,34.72074662224218],[135.40184393175022,34.72143083068359],[135.40308899974383,34.721187768346105]]]},"properties":{"code":"28202037003","name":"北竹谷町三丁目","jinko":193,"addr_key":"28202|北竹谷町3","addr_key_town":"28202|北竹谷町3","n":[11,null],"w":[false,true],"neighbors":["28202022005","28202022006","28202037002","28202038002","28202038003","28202090003","282020930"]}},{"type":"Feature","geometry":{"type":"Polygon","coordinates":[[[135.40706860958042,34.719126259449965],[135.4068094893009,34.718598221773284],[135.4058414967453,34.71890015705105],[135.40628092717932,34.71999665057917],[135.40719591079878,34.719822372030976],[135.40706860958042,34.719126259449965]]]},"properties":{"code":"28202038001","name":"宮内町一丁目","jinko":314,"addr_key":"28202|宮内町1","addr_key_town":"28202|宮内町1","n":[4,null],"w":[false,true],"neighbors":["28202035008","28202037001","28202037002","28202038002","28202039001"]}},{"type":"Feature","geometry":{"type":"Polygon","coordinates":[[[135.40442699317745,34.720438919472834],[135.40441724073844,34.72026448958129],[135.40470930775672,34.72023332570343],[135.4047553677476,34.72029306425016],[135.4049716282938,34.72027665235289],[135.4049994550017,34.72043683839118],[135.4054218144545,34.72035677586487],[135.4053806196166,34.72018473517504],[135.40628092717932,34.71999665057917],[135.40577653209388,34.7187439563532],[135.40515686436652,34.718900411999606],[135.40481598071494,34.719074413472335],[135.4036196777837,34.71949102843537],[135.40369594292622,34.7199751861958],[135.40371829179801,34.72045219780302],[135.40429562049619,34.72039739784178],[135.40434420132837,34.72045415589753],[135.40442699317745,34.720438919472834]]]},"properties":{"code":"28202038002","name":"宮内町二丁目","jinko":588,"addr_key":"28202|宮内町2","addr_key_town":"28202|宮内町2","n":[10,5],"w":[false,false],"neighbors":["28202037001","28202037002","28202037003","28202038001","28202038003","28202039001","28202039002"]}},{"type":"Feature","geometry":{"type":"Polygon","coordinates":[[[135.4021475564415,34.720587116174414],[135.40228903619408,34.720564125117505],[135.4023143884964,34.72066460307089],[135.40355628879226,34.72045897436847],[135.40355998239303,34.720406657566855],[135.40371541862896,34.72040321081629],[135.40369594292622,34.7199751861958],[135.40360448488045,34.71941073322216],[135.4034325380949,34.71944407826363],[135.40341284735553,34.719491156799876],[135.40159840569424,34.7197876846955],[135.40175777872074,34.72074662224218],[135.4021731165276,34.720685421768245],[135.4021475564415,34.720587116174414]]]},"properties":{"code":"28202038003","name":"宮内町三丁目","jinko":171,"addr_key":"28202|宮内町3","addr_key_town":"28202|宮内町3","n":[null,3],"w":[true,false],"neighbors":["28202037003","28202038002","28202039002","28202039003","282020930"]}},{"type":"Feature","geometry":{"type":"Polygon","coordinates":[[[135.4064093280357,34.71810523193486],[135.40555491865217,34.71812754898128],[135.4058414967453,34.71890015705105],[135.40740887996645,34.71843714860396],[135.40731547361952,34.71821866073763],[135.4064093280357,34.71810523193486]]]},"properties":{"code":"28202039001","name":"竹谷町一丁目","jinko":100,"addr_key":"28202|竹谷町1","addr_key_town":"28202|竹谷町1","n":[3,4],"w":[false,false],"neighbors":["28202035007","28202035008","28202038001","28202038002","28202039002","28202040001","28202040002"]}},{"type":"Feature","geometry":{"type":"Polygon","coordinates":[[[135.40577653209388,34.7187439563532],[135.40555491865217,34.71812754898128],[135.40338812511547,34.718360573201295],[135.4036006702275,34.71918102893774],[135.40358240942297,34.71924654717068],[135.4036196777837,34.71949102843537],[135.40481598071494,34.719074413472335],[135.40515686436652,34.718900411999606],[135.40577653209388,34.7187439563532]]]},"properties":{"code":"28202039002","name":"竹谷町二丁目","jinko":207,"addr_key":"28202|竹谷町2","addr_key_town":"28202|竹谷町2","n":[41,9],"w":[false,false],"neighbors":["28202038002","28202038003","28202039001","28202039003","28202040001","28202040002","28202040003"]}},{"type":"Feature","geometry":{"type":"Polygon","coordinates":[[[135.4036006702275,34.71918102893774],[135.40338812511547,34.718360573201295],[135.40131394038949,34.718639513755164],[135.40150060217928,34.719146795206434],[135.40159840569424,34.7197876846955],[135.40341284735553,34.719491156799876],[135.4034325380949,34.71944407826363],[135.40360448488045,34.71941073322216],[135.4036006702275,34.71918102893774]]]},"properties":{"code":"28202039003","name":"竹谷町三丁目","jinko":248,"addr_key":"28202|竹谷町3","addr_key_town":"28202|竹谷町3","n":[3,3],"w":[false,false],"neighbors":["28202038003","28202039002","28202040002","28202040003","28202087001","282020930"]}},{"type":"Feature","geometry":{"type":"Polygon","coordinates":[[[135.40731547361952,34.71821866073763],[135.40712335712564,34.717780039315194],[135.40681387832083,34.71656929436564],[135.4051177296409,34.716892846560995],[135.40555491865217,34.71812754898128],[135.4064093280357,34.71810523193486],[135.40731547361952,34.71821866073763]]]},"properties":{"code":"28202040001","name":"南竹谷町一丁目","jinko":248,"addr_key":"28202|南竹谷町1","addr_key_town":"28202|南竹谷町1","n":[0,5],"w":[false,false],"neighbors":["28202035007","28202035008","28202039001","28202039002","28202040002","282020430"]}},{"type":"Feature","geometry":{"type":"Polygon","coordinates":[[[135.40555491865217,34.71812754898128],[135.4051177296409,34.716892846560995],[135.4030392878688,34.71712944785164],[135.40338812511547,34.718360573201295],[135.40555491865217,34.71812754898128]]]},"properties":{"code":"28202040002","name":"南竹谷町二丁目","jinko":430,"addr_key":"28202|南竹谷町2","addr_key_town":"28202|南竹谷町2","n":[11,5],"w":[false,false],"neighbors":["28202039001","28202039002","28202039003","28202040001","28202040003","282020430"]}},{"type":"Feature","geometry":{"type":"Polygon","coordinates":[[[135.40338812511547,34.718360573201295],[135.4030392878688,34.71712944785164],[135.40251246382817,34.71717013344343],[135.4017426694827,34.717179001922645],[135.4011121929133,34.717124948386456],[135.40058210785935,34.717038036385546],[135.40059954061994,34.71778372737459],[135.4007556074911,34.7179947733206],[135.401121500684,34.71836596602454],[135.40131394038949,34.718639513755164],[135.40338812511547,34.718360573201295]]]},"properties":{"code":"28202040003","name":"南竹谷町三丁目","jinko":492,"addr_key":"28202|南竹谷町3","addr_key_town":"28202|南竹谷町3","n":[12,5],"w":[false,false],"neighbors":["28202039002","28202039003","28202040002","282020430","28202087001","28202087002","282020930"]}},{"type":"Feature","geometry":{"type":"Polygon","coordinates":[[[135.41534199402471,34.71274499688229],[135.41530617385664,34.71263347615384],[135.41583006060648,34.712546986694285],[135.4161982020279,34.71253808136496],[135.4162207575388,34.71211616424178],[135.4158406330798,34.71093115244559],[135.4158708532218,34.71067847252059],[135.41594205336884,34.710566142356846],[135.41615217152227,34.71039482765296],[135.41628805713117,34.71032530584938],[135.41719379867936,34.71006075922571],[135.41738864053008,34.7099736681133],[135.41759678215794,34.70976236682014],[135.41769238318224,34.709500935252656],[135.41764893426952,34.708609854968586],[135.4176029214416,34.708429970599525],[135.41748375921242,34.70825158129299],[135.41731574935886,34.70809447370163],[135.41560932708524,34.70692560853913],[135.41252153797976,34.70839462992627],[135.41275303896177,34.70868724943619],[135.4128032187712,34.70883428102226],[135.41394116479142,34.71314294669284],[135.41467226412684,34.712896585286636],[135.41534199402471,34.71274499688229]]]},"properties":{"code":"282020410","name":"東向島東之町","jinko":0,"addr_key":"28202|東向島東之町","addr_key_town":"28202|東向島東之町","n":[0,0],"w":[false,false],"neighbors":["282020420","282020440","28202049002","28202049004","28202049005"]}},{"type":"Feature","geometry":{"type":"Polygon","coordinates":[[[135.41394116479142,34.71314294669284],[135.4128032187712,34.70883428102226],[135.41275303896177,34.70868724943619],[135.41234288444738,34.70820583550759],[135.4102344838786,34.70903138465122],[135.4101688771662,34.70908176602904],[135.41013926288292,34.709155046404504],[135.41013622625,34.70926515407905],[135.41022722652644,34.70956779765273],[135.41010832478176,34.70962859450493],[135.41016423229306,34.709730925733254],[135.4101418194867,34.709771690145914],[135.4086972051279,34.71032982834264],[135.4087123156695,34.71040350362994],[135.4097544972491,34.71130663399682],[135.41023855921628,34.71184507272125],[135.4106253808486,34.712296896750416],[135.41073211658215,34.712615975416945],[135.41146784106064,34.713533475132984],[135.41156717982315,34.71361739113133],[135.4116925099539,34.71361445075014],[135.41394116479142,34.71314294669284]]]},"properties":{"code":"282020420","name":"東向島西之町","jinko":0,"addr_key":"28202|東向島西之町","addr_key_town":"28202|東向島西之町","n":[0,0],"w":[false,false],"neighbors":["282020410","282020440"]}},{"type":"Feature","geometry":{"type":"Polygon","coordinates":[[[135.40931815975503,34.71175220693924],[135.40827753748263,34.71081793017966],[135.4062385530363,34.71169989172535],[135.4050507592479,34.71186865679914],[135.40349122462342,34.71217815029961],[135.4009958608998,34.71261456695007],[135.40080292714154,34.71324335649125],[135.40060901274114,34.714041888422294],[135.4005148043924,34.71478109257396],[135.40051304819306,34.7148632277381],[135.40062814155198,34.71487306644573],[135.40058210785935,34.717038036385546],[135.4011121929133,34.717124948386456],[135.4017426694827,34.717179001922645],[135.40251246382817,34.71717013344343],[135.4030392878688,34.71712944785164],[135.4051177296409,34.716892846560995],[135.40810137404526,34.71632299416244],[135.4079671963259,34.71586681978669],[135.4086498422952,34.71572839257833],[135.40918994805915,34.71550262278334],[135.41078024277488,34.71460991422156],[135.4111890436393,34.714111756512004],[135.41112382201894,34.713949505373186],[135.4103539164276,34.712829333778245],[135.40931815975503,34.71175220693924]]]},"properties":{"code":"282020430","name":"西向島町","jinko":86,"addr_key":"28202|西向島町","addr_key_town":"28202|西向島町","n":[0,null],"w":[false,true],"neighbors":["28202035005","28202035006","28202035007","28202036004","28202040001","28202040002","28202040003","282020450"]}},{"type":"Feature","geometry":{"type":"Polygon","coordinates":[[[135.40870381394166,34.710082708350534],[135.40899482578143,34.70996661390724],[135.40904509791136,34.710055331875644],[135.40952405744002,34.70986546100249],[135.40947718124113,34.709782065297524],[135.40966287911505,34.709712816678746],[135.40973401187003,34.70972655558996],[135.41010832478176,34.70962859450493],[135.41022722652644,34.70956779765273],[135.41013622625,34.70926515407905],[135.41013926288292,34.709155046404504],[135.4101688771662,34.70908176602904],[135.41032909403205,34.70897848285978],[135.41234288444738,34.70820583550759],[135.41252153797976,34.70839462992627],[135.41560932708524,34.70692560853913],[135.4152952669257,34.706757398525404],[135.41416702501866,34.706285116871626],[135.41393143287186,34.70613043311885],[135.4138682132065,34.70605619927226],[135.41297025978798,34.70431980132033],[135.41283730960788,34.70416857207801],[135.41275847209567,34.70415208597188],[135.4122897077706,34.70428342572131],[135.41169113118434,34.704163357155075],[135.40975117109153,34.70507027803083],[135.4096821575902,34.7051339903039],[135.4095070807246,34.704936504023145],[135.40938709519799,34.705022074784495],[135.40940371295696,34.70504094444748],[135.40944051435216,34.70501808323948],[135.4095856197913,34.70517991498326],[135.4095455052146,34.70520365112216],[135.4094768621825,34.705210594001855],[135.4065869841266,34.70652429968949],[135.40645484665342,34.706600255416085],[135.4064112707345,34.706692618243665],[135.4064274285677,34.706761918454696],[135.40766385716478,34.708677393122386],[135.40840690194196,34.71000053013401],[135.40849199739566,34.71007823652032],[135.40870381394166,34.710082708350534]]]},"properties":{"code":"282020440","name":"東高洲町","jinko":0,"addr_key":"28202|東高洲町","addr_key_town":"28202|東高洲町","n":[0,0],"w":[false,false],"neighbors":["282020410","282020420","282020460"]}},{"type":"Feature","geometry":{"type":"Polygon","coordinates":[[[135.40827753748263,34.71081793017966],[135.40773877297792,34.71024896885369],[135.40716163625348,34.70951483630471],[135.40607017750042,34.70994897828617],[135.4048158288048,34.710536103336416],[135.40472650788413,34.710381804482154],[135.4068893639745,34.709306229847165],[135.4069537457058,34.70922002281364],[135.4054712873629,34.70693427607415],[135.40470472922004,34.70566639210449],[135.4018598725076,34.70700030790385],[135.40168247754966,34.70704538486843],[135.40163185028192,34.706882152029095],[135.40020752228563,34.70726083779589],[135.4005724825513,34.70754344803076],[135.40073619874514,34.70780063129168],[135.4010938692537,34.70912719879738],[135.40113901905485,34.709156665546615],[135.40138075990782,34.71004251579303],[135.4012359588588,34.710109563694424],[135.40112496216227,34.710252096979325],[135.40122402935376,34.710932698079176],[135.40124326227368,34.711406656638545],[135.40118054918497,34.71196162224752],[135.4009958608998,34.71261456695007],[135.40349122462342,34.71217815029961],[135.4050507592479,34.71186865679914],[135.4062385530363,34.71169989172535],[135.40827753748263,34.71081793017966]]]},"properties":{"code":"282020450","name":"西高洲町","jinko":0,"addr_key":"28202|西高洲町","addr_key_town":"28202|西高洲町","n":[0,null],"w":[false,true],"neighbors":["282020430","282020470"]}},{"type":"Feature","geometry":{"type":"Polygon","coordinates":[[[135.40940954192303,34.704983987332206],[135.4095070807246,34.704936504023145],[135.40936867947283,34.70477883816032],[135.40947014893015,34.704777944102446],[135.4121594923342,34.703587765904146],[135.41245148897275,34.70344446815631],[135.4124729532476,34.70335061002621],[135.4103110487355,34.701929893202255],[135.40980781029836,34.701571491199246],[135.40904232799636,34.700947765888664],[135.40820387861183,34.70013381679759],[135.40744465321643,34.69922056489961],[135.40724249456056,34.69905711787067],[135.40679744307886,34.6988642518611],[135.40503661822092,34.69967187827859],[135.40284371092872,34.70060792233912],[135.40256143837385,34.70077209541564],[135.40256660479895,34.70082881468237],[135.40320927927917,34.70183284555178],[135.40335477053122,34.7021118754975],[135.40481472324035,34.70427080275737],[135.40488174807206,34.70430359838356],[135.40490333175805,34.70454230222987],[135.40497429354633,34.704629151698185],[135.40504052628174,34.704600539470604],[135.405245309357,34.70490707778796],[135.40521717703047,34.704920846953875],[135.4052598412417,34.70492948731976],[135.40523614414255,34.704956739810115],[135.40526759234683,34.704942096943896],[135.40610678255422,34.70618778807685],[135.40631665810074,34.70621467861672],[135.40922821970761,34.70489008406175],[135.40927767798536,34.70483739136508],[135.40940954192303,34.704983987332206]]]},"properties":{"code":"282020460","name":"大高洲町","jinko":0,"addr_key":"28202|大高洲町","addr_key_town":"28202|大高洲町","n":[0,0],"w":[false,false],"neighbors":["282020440","282020480"]}},{"type":"Feature","geometry":{"type":"Polygon","coordinates":[[[135.40470472922001,34.70566639210451],[135.40421089717904,34.70493333764388],[135.40414142054476,34.70496183597664],[135.40410360884627,34.704906247275986],[135.40416760204226,34.70487596535779],[135.40407511565286,34.70481282772702],[135.4040383706761,34.70476075106351],[135.40404983858525,34.70471740686704],[135.40333832077394,34.70371397828922],[135.4032483232352,34.703678707146274],[135.40318834893276,34.703597254068896],[135.40321274906054,34.70353844375505],[135.40314949833342,34.7035470265691],[135.40311171355327,34.70349326828502],[135.40315938011557,34.703466792250325],[135.4031239270597,34.703422028409705],[135.40306853787666,34.703445050623834],[135.4029719018967,34.70331785698902],[135.40298292940705,34.70324028956654],[135.40255302035445,34.70266161253001],[135.40250706012753,34.70264849257008],[135.40233151582137,34.70241296783718],[135.40225940362973,34.70240190827104],[135.40227286282908,34.70234770175525],[135.40224773557142,34.7023434142001],[135.4022331055452,34.70239946208771],[135.40223682164947,34.70234350968568],[135.40221272023948,34.702339213147994],[135.4022003057496,34.702395241650144],[135.40220399830352,34.702337457773325],[135.40217878578719,34.702333170949316],[135.402166472079,34.702390043704945],[135.40207030814818,34.70238553296264],[135.40099160143356,34.70287091716355],[135.40094953455215,34.70282254905788],[135.40084979398137,34.702791868815915],[135.40048731155187,34.70295279474721],[135.40046028561932,34.70305951822319],[135.40035606234872,34.703104516060456],[135.40029229613376,34.70306633748633],[135.39965748212617,34.703356693544436],[135.3995764601596,34.70342233575706],[135.39956441896675,34.7035072379532],[135.39980759591427,34.704846505202944],[135.39985713299424,34.70530400181421],[135.39981834460121,34.70534490765943],[135.3998403426536,34.705616993951715],[135.39988977021758,34.70564093121831],[135.40000868022568,34.70699114229786],[135.40007919095262,34.70712941149048],[135.40020752228563,34.70726083779589],[135.40163185028192,34.706882152029095],[135.40168247754963,34.70704538486845],[135.40185987250757,34.70700030790385],[135.40470472922001,34.70566639210451]]]},"properties":{"code":"282020470","name":"東浜町","jinko":0,"addr_key":"28202|東浜町","addr_key_town":"28202|東浜町","n":[0,0],"w":[false,false],"neighbors":["282020450"]}},{"type":"Feature","geometry":{"type":"Polygon","coordinates":[[[135.40679744307886,34.6988642518611],[135.40659170218805,34.69875351562203],[135.40657119876875,34.69869749425257],[135.40665005710875,34.698439035315076],[135.406617432218,34.698329313521256],[135.4047731369938,34.69588502322626],[135.40445441235212,34.695813021564554],[135.40341970614406,34.69440451234615],[135.39988282822122,34.689959898851114],[135.39862779132827,34.688318892946846],[135.39686242360384,34.6877953430981],[135.39594363306168,34.68748653849528],[135.39469253176682,34.68713933864807],[135.39404323256542,34.68750273682248],[135.3929589556094,34.68604992115494],[135.39217948141547,34.68623399879699],[135.38935344172813,34.68459959376596],[135.3884021551971,34.68573475346556],[135.39288663888274,34.688248153778254],[135.39547118206036,34.691525422394285],[135.395467486979,34.69160996726484],[135.39523223910996,34.691736382180125],[135.39743010241506,34.69453256516424],[135.39765772679738,34.69440987151826],[135.3997558874157,34.69708067550277],[135.39996937321655,34.69739066982921],[135.4000866601009,34.697765591845446],[135.40115182635427,34.69911668262946],[135.4016683260068,34.6989386338465],[135.40187527612693,34.69890527286743],[135.40362555322648,34.69878642861703],[135.4042241451358,34.69969829838482],[135.40265114455207,34.70036113737361],[135.40263769676412,34.70041618839287],[135.4024628048341,34.700482653349404],[135.4024895736758,34.70052833879955],[135.40256885797007,34.700500600704984],[135.40263355709993,34.70060469067934],[135.4025751631039,34.7006457682189],[135.40264583556328,34.700624443949266],[135.40258735363216,34.70066552226459],[135.40266364433842,34.7006566844677],[135.40258668061944,34.70069257253251],[135.40259156147948,34.700733940977756],[135.40503661822092,34.69967187827859],[135.40679744307886,34.6988642518611]]]},"properties":{"code":"282020480","name":"東海岸町","jinko":0,"addr_key":"28202|東海岸町","addr_key_town":"28202|東海岸町","n":[0,4],"w":[false,false],"neighbors":["282020460"]}},{"type":"Feature","geometry":{"type":"Polygon","coordinates":[[[135.4194615777223,34.71024002115809],[135.4194113391174,34.70986114883992],[135.41902923823923,34.70993019043145],[135.41906166033544,34.71024414772758],[135.41919920416248,34.710217005243976],[135.41946645814835,34.71058704204557],[135.41987780414533,34.71175528007098],[135.4203569438678,34.7125904937906],[135.4213561125444,34.71237367628082],[135.42090307819763,34.71109088248169],[135.42106256268383,34.71097409931889],[135.42103572352173,34.71089123568314],[135.42029420194729,34.71082700201421],[135.42003355586846,34.71076030741867],[135.41969373905118,34.71055445103167],[135.4194615777223,34.71024002115809]]]},"properties":{"code":"28202049001","name":"築地一丁目","jinko":131,"addr_key":"28202|築地1","addr_key_town":"28202|築地1","n":[3,3],"w":[false,false],"neighbors":["282020040","28202005004","282020070","28202049002"]}},{"type":"Feature","geometry":{"type":"Polygon","coordinates":[[[135.41946645814835,34.71058704204557],[135.41919920416248,34.710217005243976],[135.41906166033544,34.71024414772758],[135.41902923823923,34.70993019043145],[135.41915630830403,34.709903845608274],[135.41910163730398,34.70981897558341],[135.4190185268174,34.709515470955594],[135.41890283336318,34.70949185134107],[135.41890940464484,34.709452917068994],[135.41899705151903,34.7093991753015],[135.41896397236548,34.709262982792325],[135.41891037292675,34.70920106119909],[135.4186336510782,34.70907168572607],[135.4183020924927,34.708779266355194],[135.41818452005026,34.70872270330546],[135.41797535746517,34.708744565256744],[135.41781457380415,34.70887304689267],[135.4177998880081,34.70894980230974],[135.41768095676537,34.708952691399745],[135.41767561155734,34.70958165314644],[135.41759678215791,34.70976236682014],[135.41746188735576,34.70991414004662],[135.4175416136054,34.71013527597487],[135.41826760684663,34.709948246097014],[135.41924960737958,34.71282517007429],[135.4203569438678,34.7125904937906],[135.41987780414533,34.71175528007098],[135.41954041284293,34.710757379198256],[135.41946645814835,34.71058704204557]]]},"properties":{"code":"28202049002","name":"築地二丁目","jinko":372,"addr_key":"28202|築地2","addr_key_town":"28202|築地2","n":[6,7],"w":[false,false],"neighbors":["282020040","282020410","28202049001","28202049003","28202049004"]}},{"type":"Feature","geometry":{"type":"Polygon","coordinates":[[[135.41924960737958,34.71282517007429],[135.41826760684663,34.709948246097014],[135.4175416136054,34.71013527597487],[135.41848766105622,34.7129940811906],[135.41924960737958,34.71282517007429]]]},"properties":{"code":"28202049003","name":"築地三丁目","jinko":345,"addr_key":"28202|築地3","addr_key_town":"28202|築地3","n":[4,null],"w":[false,true],"neighbors":["282020040","28202049002","28202049004"]}},{"type":"Feature","geometry":{"type":"Polygon","coordinates":[[[135.41848766105622,34.7129940811906],[135.41746188735576,34.70991414004662],[135.4172866649136,34.71002753630697],[135.41676777230668,34.710175117174764],[135.41774214316254,34.71316734835943],[135.41848766105622,34.7129940811906]]]},"properties":{"code":"28202049004","name":"築地四丁目","jinko":369,"addr_key":"28202|築地4","addr_key_town":"28202|築地4","n":[3,3],"w":[false,false],"neighbors":["282020040","282020410","28202049002","28202049003","28202049005"]}},{"type":"Feature","geometry":{"type":"Polygon","coordinates":[[[135.41774214316254,34.71316734835943],[135.41676777230668,34.710175117174764],[135.41615217152227,34.71039482765296],[135.41594205336884,34.710566142356846],[135.4158708532218,34.710678472520584],[135.4158406330798,34.71093115244559],[135.4162207575388,34.71211616424178],[135.4161982020279,34.71253808136496],[135.41583006060648,34.712546986694285],[135.41530617385664,34.71263347615384],[135.41534199402471,34.71274499688229],[135.41570944288773,34.71273497226652],[135.41607394228245,34.71281286573423],[135.41617186775107,34.71285340604915],[135.41615571468557,34.71300116471186],[135.41687116680313,34.713242566394],[135.41723738732358,34.71328212850532],[135.41774214316254,34.71316734835943]]]},"properties":{"code":"28202049005","name":"築地五丁目","jinko":485,"addr_key":"28202|築地5","addr_key_town":"28202|築地5","n":[7,3],"w":[false,false],"neighbors":["282020040","28202036001","282020410","28202049004"]}},{"type":"Feature","geometry":{"type":"Polygon","coordinates":[[[135.40582275786804,34.73172987567481],[135.40598886374815,34.72900110699334],[135.40241885780844,34.729662815861296],[135.40247773121817,34.72989583023959],[135.4025080733926,34.72992035366951],[135.40287053177818,34.72987435135241],[135.4029889976006,34.729958948377906],[135.4029956143796,34.730049035229854],[135.4025991287229,34.73052676560697],[135.40320563226103,34.73308408898433],[135.4057948302579,34.73271241864279],[135.40582275786804,34.73172987567481]]]},"properties":{"code":"28202050001","name":"西難波町一丁目","jinko":1917,"addr_key":"28202|西難波町1","addr_key_town":"28202|西難波町1","n":[67,14],"w":[false,false],"neighbors":["28202050002","28202050005","28202050006","28202112001","28202113002","28202113003","28202114001","28202114002"]}},{"type":"Feature","geometry":{"type":"Polygon","coordinates":[[[135.40614868501922,34.72619702046015],[135.40302587970618,34.72611787341677],[135.40304546403294,34.72660547334865],[135.4031827217605,34.726612858722305],[135.40317857185048,34.72693333468691],[135.40298531873776,34.72709518116703],[135.40212298542843,34.72758996247146],[135.402217051295,34.72792647715351],[135.40241885780844,34.729662815861296],[135.40598886374815,34.72900110699334],[135.40614868501922,34.72619702046015]]]},"properties":{"code":"28202050002","name":"西難波町二丁目","jinko":1745,"addr_key":"28202|西難波町2","addr_key_town":"28202|西難波町2","n":[25,18],"w":[false,false],"neighbors":["282020170","28202050001","28202050003","28202050004","28202050005","28202050006","28202114002"]}},{"type":"Feature","geometry":{"type":"Polygon","coordinates":[[[135.40625142485425,34.72403374672971],[135.40609103357957,34.72356865661231],[135.40350497202235,34.72418116880163],[135.4021958925182,34.72455071680701],[135.40238253547454,34.724996002665165],[135.40272370618337,34.72539851930605],[135.40289225863023,34.72565719275578],[135.40298358751434,34.72584076599866],[135.40302587970618,34.72611787341677],[135.40614868501922,34.72619702046015],[135.40625142485425,34.72403374672971]]]},"properties":{"code":"28202050003","name":"西難波町三丁目","jinko":1183,"addr_key":"28202|西難波町3","addr_key_town":"28202|西難波町3","n":[41,15],"w":[false,false],"neighbors":["282020170","28202018008","28202018009","28202050002","28202050004","28202050005"]}},{"type":"Feature","geometry":{"type":"Polygon","coordinates":[[[135.40921927100612,34.72628795877862],[135.40946152470445,34.72276534223698],[135.40609103357957,34.72356865661231],[135.40625142485425,34.72403374672971],[135.40614868501922,34.72619702046015],[135.40921927100612,34.72628795877862]]]},"properties":{"code":"28202050004","name":"西難波町四丁目","jinko":1994,"addr_key":"28202|西難波町4","addr_key_town":"28202|西難波町4","n":[48,16],"w":[false,false],"neighbors":["28202018007","28202018008","28202050002","28202050003","28202050005","28202051003","28202051004","28202051005"]}},{"type":"Feature","geometry":{"type":"Polygon","coordinates":[[[135.40921927100612,34.72628795877862],[135.40614868501922,34.72619702046015],[135.40598976880838,34.7289854634096],[135.4088685027058,34.729113878053944],[135.4090890285517,34.72759974369161],[135.40921927100612,34.72628795877862]]]},"properties":{"code":"28202050005","name":"西難波町五丁目","jinko":1492,"addr_key":"28202|西難波町5","addr_key_town":"28202|西難波町5","n":[41,7],"w":[false,false],"neighbors":["28202050001","28202050002","28202050003","28202050004","28202050006","28202051002","28202051003"]}},{"type":"Feature","geometry":{"type":"Polygon","coordinates":[[[135.4088685027058,34.729113878053944],[135.40598976880838,34.7289854634096],[135.40582275786804,34.73172987567481],[135.4057948302579,34.73271241864279],[135.40848618554605,34.732603042639944],[135.40849305768938,34.73196703846853],[135.4088685027058,34.729113878053944]]]},"properties":{"code":"28202050006","name":"西難波町六丁目","jinko":1210,"addr_key":"28202|西難波町6","addr_key_town":"28202|西難波町6","n":[49,11],"w":[false,false],"neighbors":["28202050001","28202050002","28202050005","28202051002","28202051003","28202112001","28202112002","28202113003"]}},{"type":"Feature","geometry":{"type":"Polygon","coordinates":[[[135.41474080448327,34.735001955281795],[135.41444585045434,34.731968393795135],[135.41197908856856,34.732337480546505],[135.4119657443308,34.73550998654775],[135.41474080448327,34.735001955281795]]]},"properties":{"code":"28202051001","name":"東難波町一丁目","jinko":2536,"addr_key":"28202|東難波町1","addr_key_town":"28202|東難波町1","n":[35,7],"w":[false,false],"neighbors":["282020160","28202051002","28202112002","28202119001"]}},{"type":"Feature","geometry":{"type":"Polygon","coordinates":[[[135.4147635004134,34.72969730771875],[135.4135007101018,34.72920765477297],[135.41333534719442,34.72919095238477],[135.41244624519547,34.72925067148035],[135.41178096191072,34.72924346936554],[135.4088685027058,34.729113878053944],[135.40849305768938,34.73196703846853],[135.40848618554605,34.732603042639944],[135.41089295519072,34.73246752961279],[135.41197908856856,34.732337480546505],[135.41444585045434,34.731968393795135],[135.41435286689173,34.731364546577744],[135.41443012784384,34.73055579934254],[135.4147635004134,34.72969730771875]]]},"properties":{"code":"28202051002","name":"東難波町二丁目","jinko":2431,"addr_key":"28202|東難波町2","addr_key_town":"28202|東難波町2","n":[60,15],"w":[false,false],"neighbors":["282020160","28202050005","28202050006","28202051001","28202051003","28202112001","28202112002"]}},{"type":"Feature","geometry":{"type":"Polygon","coordinates":[[[135.4147635004134,34.72969730771875],[135.41513250940932,34.72915851365464],[135.4154913015663,34.72843825142637],[135.41569458647058,34.727470479643905],[135.41580576750118,34.727106654686146],[135.4159169930485,34.72690340118905],[135.4140612850465,34.726221543311866],[135.4137882115429,34.72669793668517],[135.41363919464555,34.726704612259496],[135.41367700552524,34.726207911877665],[135.4122340596739,34.72608816690077],[135.4112058197369,34.72605882345526],[135.4092562465463,34.7257642231853],[135.4090890285517,34.72759974369161],[135.4088685027058,34.729113878053944],[135.41178096191072,34.72924346936554],[135.41244624519547,34.72925067148035],[135.41333534719442,34.72919095238477],[135.4135007101018,34.72920765477297],[135.4147635004134,34.72969730771875]]]},"properties":{"code":"28202051003","name":"東難波町三丁目","jinko":2896,"addr_key":"28202|東難波町3","addr_key_town":"28202|東難波町3","n":[52,33],"w":[false,false],"neighbors":["282020160","28202050004","28202050005","28202050006","28202051002","28202051004","28202058003"]}},{"type":"Feature","geometry":{"type":"Polygon","coordinates":[[[135.41627054401974,34.726443893866],[135.41804835966474,34.72504658240212],[135.41523085502828,34.72402357116115],[135.41377829579014,34.72404731848472],[135.41136537148498,34.7238995461942],[135.41138131659386,34.72374122785421],[135.40942009852319,34.72355758363118],[135.4092562465463,34.7257642231853],[135.4112058197369,34.72605882345526],[135.4122340596739,34.72608816690077],[135.41367700552524,34.726207911877665],[135.41363919464555,34.726704612259496],[135.4137882115429,34.72669793668517],[135.4140612850465,34.726221543311866],[135.4159169930485,34.72690340118905],[135.41627054401974,34.726443893866]]]},"properties":{"code":"28202051004","name":"東難波町四丁目","jinko":3402,"addr_key":"28202|東難波町4","addr_key_town":"28202|東難波町4","n":[59,23],"w":[false,false],"neighbors":["28202050004","28202051003","28202051005","28202058003"]}},{"type":"Feature","geometry":{"type":"Polygon","coordinates":[[[135.41809248387113,34.724604616351215],[135.4181234218027,34.72346019441533],[135.41822338514825,34.723153090539874],[135.41850358701717,34.72272254195437],[135.41905473500063,34.72221788258059],[135.41923483399535,34.72209063567415],[135.41873556096877,34.720605994057394],[135.40946152470445,34.72276534223698],[135.40942009852319,34.72355758363118],[135.41138131659386,34.72374122785421],[135.41136537148498,34.7238995461942],[135.41377829579014,34.72404731848472],[135.41523085502828,34.72402357116115],[135.41804835966474,34.72504658240212],[135.41809248387113,34.724604616351215]]]},"properties":{"code":"28202051005","name":"東難波町五丁目","jinko":2812,"addr_key":"28202|東難波町5","addr_key_town":"28202|東難波町5","n":[93,46],"w":[false,false],"neighbors":["28202018002","28202018003","28202018004","28202018005","28202018006","28202018007","28202050004","28202051004","28202058003"]}},{"type":"Feature","geometry":{"type":"Polygon","coordinates":[[[135.41973382041036,34.719418432046986],[135.42253689794933,34.718752504452816],[135.42286852451699,34.71855868079143],[135.42314132376765,34.71948417819272],[135.4233545670635,34.71943973114502],[135.42406494486815,34.719146450761244],[135.42368213029218,34.717988548134905],[135.42360823989694,34.71803188782016],[135.42347376420332,34.71760504052449],[135.42341488759223,34.71762908962945],[135.42322975542461,34.717060010842374],[135.41807005352948,34.71829108442106],[135.41849288986347,34.7194237239662],[135.41859460739425,34.71978002203404],[135.41907993513388,34.719650475347414],[135.41973382041036,34.719418432046986]]]},"properties":{"code":"282020520","name":"西大物町","jinko":1996,"addr_key":"28202|西大物町","addr_key_town":"28202|西大物町","n":[38,10],"w":[false,false],"neighbors":["282020030","28202018001","28202018002","28202019003","28202020001","28202021001","28202053102"]}},{"type":"Feature","geometry":{"type":"Polygon","coordinates":[[[135.42700079495037,34.717563123234896],[135.42700241738225,34.716598972771344],[135.42695919419097,34.71649682034254],[135.42656401328287,34.71650670774535],[135.4265778385408,34.71653968397514],[135.42626168962977,34.7166056243615],[135.4261136798764,34.71659667122485],[135.42547892099407,34.71668434263776],[135.42460202899787,34.71686953931427],[135.42524637654034,34.71743294815838],[135.42619453037858,34.71834561671886],[135.42711918953813,34.71798489946633],[135.42703515885896,34.71777634699908],[135.42700079495037,34.717563123234896]]]},"properties":{"code":"28202053101","name":"東大物町一丁目","jinko":276,"addr_key":"28202|東大物町1","addr_key_town":"28202|東大物町1","n":[24,6],"w":[false,false],"neighbors":["28202002202","28202018001","28202053102","282020532"]}},{"type":"Feature","geometry":{"type":"Polygon","coordinates":[[[135.42406494486815,34.719146450761244],[135.42565465180473,34.71857329187416],[135.42570447182112,34.718586930079184],[135.42619453037858,34.71834561671886],[135.42524637654034,34.71743294815838],[135.4244697767625,34.716754944156826],[135.42322975542461,34.717060010842374],[135.42341488759223,34.71762908962945],[135.42347376420332,34.71760504052449],[135.42360823989694,34.71803188782016],[135.42368213029218,34.717988548134905],[135.42406494486815,34.719146450761244]]]},"properties":{"code":"28202053102","name":"東大物町二丁目","jinko":581,"addr_key":"28202|東大物町2","addr_key_town":"28202|東大物町2","n":[6,5],"w":[false,false],"neighbors":["28202002202","282020030","28202018001","28202018002","282020520","28202053101"]}},{"type":"Feature","geometry":{"type":"Polygon","coordinates":[[[135.42896855688176,34.71654053350604],[135.4278409694897,34.71638480670068],[135.42685869928073,34.716391736351724],[135.42695919419097,34.71649682034254],[135.42700241738225,34.716598972771344],[135.42700079495037,34.717563123234896],[135.42703515885896,34.71777634699908],[135.42747773957439,34.71868298196634],[135.4275844653888,34.71881442394709],[135.42768481191118,34.718901835791435],[135.42839969886649,34.7193140198947],[135.42844286943492,34.71939884773178],[135.42844917820483,34.71958640631258],[135.42889598157504,34.71959618852138],[135.42909682785492,34.71887786498157],[135.42918903876713,34.71870435052014],[135.42919321101988,34.71845162339552],[135.42906521814007,34.7180920527834],[135.429041023488,34.71767408055108],[135.42898877041014,34.717385802993796],[135.42891576245287,34.71713377145415],[135.42878776128774,34.716863641042366],[135.4289438971891,34.71672560983777],[135.42896855688176,34.71654053350604]]]},"properties":{"code":"282020532","name":"東大物町","jinko":84,"addr_key":"28202|東大物町","addr_key_town":"28202|東大物町","n":[0,0],"w":[false,false],"neighbors":["28202002202","282020023","28202018001","28202053101","28202077003","28202077004","28202079003"]}},{"type":"Feature","geometry":{"type":"Polygon","coordinates":[[[135.43632946247084,34.7328380727687],[135.44074988270796,34.73251282795566],[135.44103455064845,34.73258305587819],[135.44100570382093,34.731265518652805],[135.4409752020333,34.730846342164575],[135.44093050708682,34.73083379086362],[135.44091647903306,34.730217133436945],[135.43522267944894,34.73118479617683],[135.4353168949146,34.73288457557125],[135.43632946247084,34.7328380727687]]]},"properties":{"code":"28202054201","name":"浜一丁目","jinko":478,"addr_key":"28202|浜1","addr_key_town":"28202|浜1","n":[20,9],"w":[false,false],"neighbors":["28202054202","28202065001","28202071001","28202078001","28202082001","28202082002"]}},{"type":"Feature","geometry":{"type":"Polygon","coordinates":[[[135.4351711250974,34.734821185233365],[135.43919374135544,34.73457565907995],[135.44117036050213,34.7346541555218],[135.4411342338203,34.733788253096016],[135.44103455064845,34.73258305587819],[135.44074988270796,34.73251282795566],[135.43560119919775,34.732876505915314],[135.43565188761332,34.73361030156717],[135.4353852532451,34.73388301010228],[135.435226416265,34.73395417070399],[135.4351711250974,34.734821185233365]]]},"properties":{"code":"28202054202","name":"浜二丁目","jinko":1713,"addr_key":"28202|浜2","addr_key_town":"28202|浜2","n":[28,14],"w":[false,false],"neighbors":["28202054201","28202054203","28202065001","28202082001","28202082002"]}},{"type":"Feature","geometry":{"type":"Polygon","coordinates":[[[135.43626788671392,34.73641638031654],[135.43628422446093,34.73632974930904],[135.4367940996147,34.736417663981925],[135.43703076499045,34.73597606271315],[135.43723286455645,34.73572576819457],[135.43720081118875,34.735611970008875],[135.4375332222808,34.73555782419801],[135.4377930228834,34.73547039175766],[135.43790548766228,34.73535711255539],[135.43853261878593,34.7351536618487],[135.43851309652493,34.73499453706503],[135.43889240776093,34.734996583403564],[135.43919780673173,34.73520747788285],[135.43921434383896,34.73566748678969],[135.43926941183614,34.73591403825813],[135.44037762895508,34.73589156271316],[135.44091272047316,34.73600233071292],[135.4409383101092,34.73529249134129],[135.44119927498335,34.735286453287365],[135.44117036050213,34.7346541555218],[135.43919374135544,34.73457565907995],[135.43517112509738,34.734821185233365],[135.43510754197763,34.73559066518858],[135.43512989673224,34.73606667891296],[135.43530057171307,34.73646937378284],[135.43626788671392,34.73641638031654]]]},"properties":{"code":"28202054203","name":"浜三丁目","jinko":1353,"addr_key":"28202|浜3","addr_key_town":"28202|浜3","n":[15,6],"w":[false,false],"neighbors":["28202054202","28202062001","28202065001","28202065002","28202082002"]}},{"type":"Feature","geometry":{"type":"Polygon","coordinates":[[[135.42780571056446,34.72989902283557],[135.42797560419186,34.72705511705676],[135.4270706438334,34.72719622091025],[135.4243489024555,34.72752715556553],[135.42502580566352,34.73036190742829],[135.42541302231857,34.731850884713175],[135.42588455425934,34.731939189602144],[135.42682225070112,34.732252326416486],[135.42781915292346,34.732396747800834],[135.42764071659462,34.731128584072884],[135.42780571056446,34.72989902283557]]]},"properties":{"code":"28202057001","name":"金楽寺町一丁目","jinko":1663,"addr_key":"28202|金楽寺町1","addr_key_town":"28202|金楽寺町1","n":[14,4],"w":[false,false],"neighbors":["28202057002","28202058001","28202058002","28202065005","28202081001"]}},{"type":"Feature","geometry":{"type":"Polygon","coordinates":[[[135.4280294670683,34.72665725342123],[135.4280646419646,34.72407490323854],[135.42803414984513,34.723648790623244],[135.427806439602,34.72271938472513],[135.42793627793978,34.72266258036169],[135.42784102725668,34.72250258465756],[135.42765568481937,34.722554535121496],[135.42685171807258,34.7229124844699],[135.42580103303195,34.723312926729314],[135.42526195459286,34.72235236406364],[135.42338638960533,34.72303935467384],[135.42355864955627,34.72369911322282],[135.42387639928384,34.72461631332258],[135.424119984888,34.725211766139154],[135.42416087606136,34.726460618331345],[135.4243489024555,34.72752715556553],[135.4270706438334,34.72719622091025],[135.4280354454278,34.72704584631622],[135.42804177811252,34.72687979207545],[135.4280775235038,34.72687289549118],[135.4280294670683,34.72665725342123]]]},"properties":{"code":"28202057002","name":"金楽寺町二丁目","jinko":2402,"addr_key":"28202|金楽寺町2","addr_key_town":"28202|金楽寺町2","n":[53,15],"w":[false,false],"neighbors":["282020012","28202057001","28202058001","28202058002","28202080003","28202081001","28202081002"]}},{"type":"Feature","geometry":{"type":"Polygon","coordinates":[[[135.42502580566352,34.73036190742829],[135.4243489024555,34.72752715556553],[135.42322360513646,34.72766837629589],[135.42070574992195,34.72779597664707],[135.4213038823343,34.7336563606869],[135.4226139705321,34.733352515347036],[135.42267262885764,34.733271846184955],[135.422776623228,34.73297301614582],[135.42331684897493,34.73241857889591],[135.42415440886347,34.73203725369689],[135.42541302231857,34.731850884713175],[135.42502580566352,34.73036190742829]]]},"properties":{"code":"28202058001","name":"西長洲町一丁目","jinko":578,"addr_key":"28202|西長洲町1","addr_key_town":"28202|西長洲町1","n":[68,9],"w":[false,false],"neighbors":["282020160","28202057001","28202057002","28202058002","28202060001","28202065005"]}},{"type":"Feature","geometry":{"type":"Polygon","coordinates":[[[135.42416087606136,34.726460618331345],[135.424119984888,34.725211766139154],[135.42387639928384,34.72461631332258],[135.42355864955627,34.72369911322282],[135.4229177530312,34.721276276207234],[135.4208305510994,34.721636085536396],[135.41984604350017,34.72194587886018],[135.41968463517645,34.7219373188045],[135.41932751172683,34.72233531504234],[135.41967018952568,34.72325836277344],[135.4199582023283,34.72436359814707],[135.42019749688487,34.725539130369235],[135.4205945403745,34.7278041535373],[135.42322360513646,34.72766837629589],[135.4243489024555,34.72752715556553],[135.42416087606136,34.726460618331345]]]},"properties":{"code":"28202058002","name":"西長洲町二丁目","jinko":1608,"addr_key":"28202|西長洲町2","addr_key_town":"28202|西長洲町2","n":[49,8],"w":[false,false],"neighbors":["282020012","282020160","28202018002","28202057001","28202057002","28202058001","28202058003"]}},{"type":"Feature","geometry":{"type":"Polygon","coordinates":[[[135.4205945403745,34.7278041535373],[135.4199582023283,34.72436359814707],[135.41967018952568,34.72325836277344],[135.41923483399535,34.72209063567415],[135.41905473500063,34.72221788258059],[135.41850358701717,34.72272254195437],[135.41834590712318,34.72294043737836],[135.41817264743185,34.72327791501681],[135.41810624338203,34.72358824166878],[135.41809248387113,34.724604616351215],[135.41804835966474,34.72504658240212],[135.41671601568356,34.72606117669988],[135.41627054401974,34.726443893866],[135.41605514581357,34.72669807644696],[135.41585204120906,34.727011590224706],[135.41569458647058,34.727470479643905],[135.41701279092317,34.72776848515813],[135.4178032123234,34.72788764937474],[135.4181884295771,34.72791351400958],[135.4205945403745,34.7278041535373]]]},"properties":{"code":"28202058003","name":"西長洲町三丁目","jinko":277,"addr_key":"28202|西長洲町3","addr_key_town":"28202|西長洲町3","n":[10,8],"w":[false,false],"neighbors":["282020160","28202018002","28202051003","28202051004","28202051005","28202058002"]}},{"type":"Feature","geometry":{"type":"Polygon","coordinates":[[[135.4221645384127,34.733838247213754],[135.4226139705321,34.733352515347036],[135.42119722995486,34.73368111734269],[135.42165086947008,34.73871766973404],[135.4242470295129,34.73866005236208],[135.42238454930344,34.73671061232691],[135.42201911394218,34.73623118883605],[135.421873279605,34.735895861603474],[135.4218143247114,34.73571919859884],[135.421777155713,34.73521951254882],[135.42183854204532,34.734506682675246],[135.4221645384127,34.733838247213754]]]},"properties":{"code":"28202060001","name":"久々知西町一丁目","jinko":420,"addr_key":"28202|久々知西町1","addr_key_town":"28202|久々知西町1","n":[7,4],"w":[false,false],"neighbors":["282020160","28202058001","28202060002","28202065004","28202065005","28202119003"]}},{"type":"Feature","geometry":{"type":"Polygon","coordinates":[[[135.42599589221638,34.74057146937542],[135.4242470295129,34.73866005236208],[135.42165086947008,34.73871766973404],[135.42204346048902,34.742952048630585],[135.42640347820318,34.74332494814095],[135.4265419066094,34.74273790940195],[135.4266282977565,34.74197640218591],[135.42650943761046,34.741508157681665],[135.42630835426002,34.740996002728565],[135.42599589221638,34.74057146937542]]]},"properties":{"code":"28202060002","name":"久々知西町二丁目","jinko":1736,"addr_key":"28202|久々知西町2","addr_key_town":"28202|久々知西町2","n":[27,15],"w":[false,false],"neighbors":["28202060001","28202061002","28202061003","282020641","28202065004","28202119003","28202144002"]}},{"type":"Feature","geometry":{"type":"Polygon","coordinates":[[[135.43354430457805,34.745197852604456],[135.43299025278893,34.74519229642342],[135.43294864847925,34.744840405857325],[135.43228691014068,34.744853284980955],[135.4316541352975,34.7448242068961],[135.431174691956,34.74451823997929],[135.43098550083187,34.74392133378892],[135.43105942693032,34.74329148851882],[135.4299617042617,34.74327025840969],[135.42985412266992,34.7440787212442],[135.42972845818286,34.74472593359587],[135.42972220829282,34.745060508267024],[135.42977890471565,34.74518028337197],[135.4302605639435,34.745854417518494],[135.43011353512435,34.74649914541836],[135.42981405872686,34.74713299246299],[135.4307512924516,34.74797020917941],[135.43338596634297,34.74805868545856],[135.43341249537067,34.74718221585613],[135.43354430457805,34.745197852604456]]]},"properties":{"code":"28202061001","name":"久々知一丁目","jinko":1051,"addr_key":"28202|久々知1","addr_key_town":"28202|久々知1","n":[17,8],"w":[false,false],"neighbors":["28202061002","28202061003","28202063102","28202063104","282020632","28202146003","28202147002"]}},{"type":"Feature","geometry":{"type":"Polygon","coordinates":[[[135.4302605639435,34.745854417518494],[135.42977890471565,34.74518028337197],[135.42972220829282,34.745060508267024],[135.42972845818286,34.74472593359587],[135.42985412266992,34.7440787212442],[135.4299617042617,34.74327025840969],[135.42826005384447,34.7432323392911],[135.4264698939333,34.74308786437556],[135.42640347820318,34.74332494814095],[135.42619849109758,34.744547113526885],[135.4268909598196,34.74445131236678],[135.42690768770902,34.74453595411871],[135.42685734879416,34.744581196395025],[135.4268790677894,34.745609487144705],[135.428163929141,34.74554638396971],[135.42912061163355,34.746502877613665],[135.42981405872686,34.74713299246299],[135.43011353512435,34.74649914541836],[135.4302605639435,34.745854417518494]]]},"properties":{"code":"28202061002","name":"久々知二丁目","jinko":1102,"addr_key":"28202|久々知2","addr_key_town":"28202|久々知2","n":[13,7],"w":[false,false],"neighbors":["28202060002","28202061001","28202061003","28202144002","28202146002","28202146003"]}},{"type":"Feature","geometry":{"type":"Polygon","coordinates":[[[135.43223026318742,34.74118422368721],[135.43276556160347,34.74052260362792],[135.43131402071995,34.740567824320124],[135.43135326503042,34.74051620068152],[135.43134223844297,34.74030784174742],[135.43123432332382,34.73961146513043],[135.43063650112663,34.739583053904205],[135.43008163267464,34.73962932577049],[135.43007377830023,34.73949953318078],[135.42887313096304,34.739452037077314],[135.42893776585314,34.7406337521881],[135.42599589221638,34.74057146937542],[135.42630835426002,34.740996002728565],[135.42650943761046,34.741508157681665],[135.4266282977565,34.74197640218591],[135.4265419066094,34.74273790940195],[135.4264698939333,34.74308786437556],[135.42826005384447,34.7432323392911],[135.4298762877126,34.743269337921305],[135.4305856372917,34.74328350752335],[135.43042291433724,34.74307524871277],[135.4303932706589,34.742988188840975],[135.43040853009833,34.74290325945323],[135.43054734125653,34.742690169220396],[135.43081379375647,34.74242592640574],[135.43176995033062,34.74191051931145],[135.43221189154178,34.74160130652379],[135.43223026318742,34.74118422368721]]]},"properties":{"code":"28202061003","name":"久々知三丁目","jinko":1337,"addr_key":"28202|久々知3","addr_key_town":"28202|久々知3","n":[4,8],"w":[false,false],"neighbors":["28202060002","28202061001","28202061002","28202063101","28202063102","28202065003","28202065004"]}},{"type":"Feature","geometry":{"type":"Polygon","coordinates":[[[135.4382200002251,34.73772083017067],[135.43873328013595,34.73769813822141],[135.44126856131132,34.73770958231145],[135.4412528971925,34.73617839491778],[135.44119927498335,34.735286453287365],[135.4409383101092,34.73529249134129],[135.44091272047316,34.73600233071292],[135.44037762895508,34.73589156271316],[135.43926941183614,34.73591403825813],[135.43921434383896,34.73566748678969],[135.43919780673173,34.73520747788285],[135.43889240776093,34.734996583403564],[135.43851309652493,34.73499453706503],[135.43853261878593,34.73515366184867],[135.43790548766228,34.73535711255536],[135.4377930228834,34.73547039175766],[135.4375332222808,34.73555782419801],[135.43720081118875,34.73561197000886],[135.43723286455645,34.73572576819457],[135.43703076499045,34.73597606271315],[135.43675463814682,34.7364911234514],[135.43635366338796,34.73692674894707],[135.43622116328595,34.73731134567194],[135.43704370639708,34.7381627924818],[135.43713679071686,34.73823392312152],[135.4373154635052,34.73829385295659],[135.4374328160107,34.73829743598923],[135.43767970294607,34.73800814190664],[135.43794503911434,34.73781051327037],[135.4382200002251,34.73772083017067]]]},"properties":{"code":"28202062001","name":"次屋一丁目","jinko":1557,"addr_key":"28202|次屋1","addr_key_town":"28202|次屋1","n":[39,15],"w":[false,false],"neighbors":["28202054203","28202062002","28202062004","28202065002","28202082002"]}},{"type":"Feature","geometry":{"type":"Polygon","coordinates":[[[135.44130858070494,34.7404648232989],[135.44126856131132,34.73770958231145],[135.43873328013595,34.73769813822141],[135.4382200002251,34.73772083017067],[135.43794503911434,34.73781051327037],[135.43767970294607,34.73800814190664],[135.4374328160107,34.73829743598923],[135.4373154635052,34.73829385295659],[135.43713679071686,34.73823392312152],[135.43704370639708,34.7381627924818],[135.43622116328595,34.73731134567194],[135.43617544585058,34.737446976724506],[135.43619559665382,34.73762173046562],[135.4359976528371,34.7379479043035],[135.43596299067963,34.738247948487555],[135.4356289662493,34.73806603830133],[135.43511957300336,34.738580954407645],[135.4346771343803,34.7389370065808],[135.43458149926525,34.738947249220786],[135.43454861843895,34.738980321514326],[135.43463598988495,34.7390472099126],[135.43460668453602,34.739083927925655],[135.43539529767418,34.739512718328534],[135.43534118418225,34.739555886222554],[135.43580178040685,34.73985693617425],[135.43658787043634,34.739895586484195],[135.43797115409194,34.74042108370861],[135.44130858070494,34.7404648232989]]]},"properties":{"code":"28202062002","name":"次屋二丁目","jinko":938,"addr_key":"28202|次屋2","addr_key_town":"28202|次屋2","n":[20,7],"w":[false,false],"neighbors":["28202062001","28202062003","28202062004","28202063101","28202063103","28202065002","28202065003"]}},{"type":"Feature","geometry":{"type":"Polygon","coordinates":[[[135.44477796912673,34.737851097283816],[135.44126916433652,34.737774085958236],[135.44132909795476,34.741324248773175],[135.44145928731206,34.744391073481516],[135.4450962925002,34.74469706645949],[135.4450823001671,34.74409238107804],[135.44489681125935,34.74319417868953],[135.44484380611422,34.74163206320148],[135.444861882627,34.74005225388641],[135.44477796912673,34.737851097283816]]]},"properties":{"code":"28202062003","name":"次屋三丁目","jinko":1010,"addr_key":"28202|次屋3","addr_key_town":"28202|次屋3","n":[151,29],"w":[false,false],"neighbors":["28202062002","28202062004","28202063103","282020660","282020690","28202147003","28202148003"]}},{"type":"Feature","geometry":{"type":"Polygon","coordinates":[[[135.44600967360518,34.737848851982356],[135.44586775737682,34.736643196867746],[135.44540182034984,34.73663900635212],[135.4455895088837,34.73583768028801],[135.44560270135494,34.735580930244176],[135.44427852573816,34.735408516041524],[135.44328827431738,34.73636674869318],[135.44233490650777,34.737047866730784],[135.44233939893667,34.73691824292522],[135.44125073108282,34.73676379032741],[135.44126916433652,34.737774085958236],[135.4436089587077,34.737833461349396],[135.44600967360518,34.737848851982356]]]},"properties":{"code":"28202062004","name":"次屋四丁目","jinko":272,"addr_key":"28202|次屋4","addr_key_town":"28202|次屋4","n":[5,null],"w":[false,true],"neighbors":["28202062001","28202062002","28202062003","282020660","28202082002"]}},{"type":"Feature","geometry":{"type":"Polygon","coordinates":[[[135.43552144592152,34.741689546546944],[135.43658787043634,34.739895586484195],[135.43580178040685,34.73985693617425],[135.43534118418225,34.739555886222554],[135.43539529767418,34.739512718328534],[135.43460668453602,34.739083927925655],[135.43463598988495,34.7390472099126],[135.43454861843895,34.738980321514326],[135.43421837366233,34.73927308230953],[135.43402075681684,34.7391548655896],[135.43395061621527,34.73919254374861],[135.43388955364247,34.73916182747482],[135.43399449139088,34.73902692983885],[135.43380283412162,34.73895922362999],[135.4337389423442,34.73908853878363],[135.43332047384988,34.739010489159355],[135.43332382834797,34.738961160636975],[135.43231233233976,34.73901044391455],[135.4323120525513,34.73912467554039],[135.43223038553575,34.73931006797625],[135.43208193965566,34.739419863902945],[135.43201993576642,34.739530709071566],[135.43182180699984,34.73970278656791],[135.43168506586125,34.739987833850265],[135.431460452949,34.740079724237845],[135.43131489387537,34.74009793985427],[135.43135326503042,34.74051620068152],[135.43131402071995,34.740567824320124],[135.43276556160347,34.74052260362792],[135.43311158210383,34.74071469470892],[135.43359079657716,34.74088234078321],[135.4336595130566,34.74103327442993],[135.43434817906342,34.74113634552252],[135.43447761904997,34.74125996715285],[135.43441142867422,34.741563253649126],[135.43505447861693,34.741571376902],[135.43552144592152,34.741689546546944]]]},"properties":{"code":"28202063101","name":"下坂部一丁目","jinko":1332,"addr_key":"28202|下坂部1","addr_key_town":"28202|下坂部1","n":[15,9],"w":[false,false],"neighbors":["28202061003","28202062002","28202063102","28202063103","28202065003"]}},{"type":"Feature","geometry":{"type":"Polygon","coordinates":[[[135.43311158210383,34.74071469470892],[135.4327532175655,34.74053750389976],[135.43223026318742,34.74118422368721],[135.43221189154178,34.74160130652379],[135.43176995033062,34.74191051931145],[135.43081379375647,34.74242592640574],[135.43054734125653,34.742690169220396],[135.43040853009833,34.74290325945323],[135.4303932706589,34.742988188840975],[135.43042291433724,34.74307524871277],[135.4305856372917,34.74328350752335],[135.43105942693032,34.74329148851882],[135.431018149854,34.74362215460785],[135.43404171086715,34.74388386876885],[135.4348745277068,34.74283080047444],[135.43552144592152,34.741689546546944],[135.43505447861693,34.741571376902],[135.43441142867422,34.741563253649126],[135.43447761904997,34.74125996715285],[135.43434817906342,34.741136345522484],[135.4336595130566,34.74103327442992],[135.43359079657716,34.74088234078321],[135.43311158210383,34.74071469470892]]]},"properties":{"code":"28202063102","name":"下坂部二丁目","jinko":1069,"addr_key":"28202|下坂部2","addr_key_town":"28202|下坂部2","n":[26,7],"w":[false,false],"neighbors":["28202061001","28202061003","28202063101","28202063103","28202063104"]}},{"type":"Feature","geometry":{"type":"Polygon","coordinates":[[[135.43894064613878,34.74418538376501],[135.43888285617751,34.74322868822075],[135.44139831202224,34.74320467972412],[135.44130858070494,34.7404648232989],[135.43797115409194,34.74042108370861],[135.43658546143797,34.73990053809961],[135.43630797991574,34.74032785933279],[135.43487452770677,34.742830800474465],[135.43395016384773,34.74399343323238],[135.43541491773266,34.74411553390592],[135.43543523294605,34.743878438973674],[135.43894064613878,34.74418538376501]]]},"properties":{"code":"28202063103","name":"下坂部三丁目","jinko":1271,"addr_key":"28202|下坂部3","addr_key_town":"28202|下坂部3","n":[32,22],"w":[false,false],"neighbors":["28202062002","28202062003","28202063101","28202063102","28202063104","28202147003"]}},{"type":"Feature","geometry":{"type":"Polygon","coordinates":[[[135.43535694422783,34.74534018932664],[135.43541491773266,34.74411553390592],[135.43395016384773,34.74399343323238],[135.43404171086715,34.74388386876885],[135.431018149854,34.74362215460785],[135.43098550083187,34.74392133378892],[135.431174691956,34.74451823997929],[135.4316541352975,34.7448242068961],[135.43228691014068,34.744853284980955],[135.43294864847925,34.744840405857325],[135.43299025278893,34.74519229642342],[135.43354193808784,34.74518012631092],[135.43535694422783,34.74534018932664]]]},"properties":{"code":"28202063104","name":"下坂部四丁目","jinko":420,"addr_key":"28202|下坂部4","addr_key_town":"28202|下坂部4","n":[11,11],"w":[false,false],"neighbors":["28202061001","28202063102","28202063103","282020632","28202147003"]}},{"type":"Feature","geometry":{"type":"Polygon","coordinates":[[[135.43421792144403,34.74523753733543],[135.43354430457805,34.745197852604456],[135.43341249537067,34.74718221585613],[135.43340633570367,34.747709192259094],[135.4340752680007,34.74772230034715],[135.43421792144403,34.74523753733543]]]},"properties":{"code":"282020632","name":"下坂部","jinko":316,"addr_key":"28202|下坂部","addr_key_town":"28202|下坂部","n":[0,0],"w":[false,false],"neighbors":["28202061001","28202063104","28202147002","28202147003"]}},{"type":"Feature","geometry":{"type":"Polygon","coordinates":[[[135.42205187035967,34.743124936961735],[135.42166383134435,34.738860657331266],[135.4192110012618,34.73919230284889],[135.4192701972598,34.743339383400794],[135.42205187035967,34.743124936961735]]]},"properties":{"code":"282020641","name":"名神町","jinko":782,"addr_key":"28202|名神町","addr_key_town":"28202|名神町","n":[0,0],"w":[false,false],"neighbors":["28202060002","28202064202","28202115204","28202119002","28202119003","28202144002"]}},{"type":"Feature","geometry":{"type":"Polygon","coordinates":[[[135.4152762993559,34.743722025156444],[135.4151906093872,34.739838281437585],[135.41190511295554,34.74038409216474],[135.41188259339287,34.74406668085275],[135.4152762993559,34.743722025156444]]]},"properties":{"code":"28202064201","name":"名神町一丁目","jinko":696,"addr_key":"28202|名神町1","addr_key_town":"28202|名神町1","n":[15,17],"w":[false,false],"neighbors":["28202064202","28202115106","28202115107","28202117003","28202118003","28202119001","28202119002"]}},{"type":"Feature","geometry":{"type":"Polygon","coordinates":[[[135.4192701972598,34.743339383400794],[135.4192110012618,34.73919230284889],[135.4151906093872,34.739838281437585],[135.4152762993559,34.743722025156444],[135.4192701972598,34.743339383400794]]]},"properties":{"code":"28202064202","name":"名神町二丁目","jinko":1241,"addr_key":"28202|名神町2","addr_key_town":"28202|名神町2","n":[21,13],"w":[false,false],"neighbors":["282020641","28202064201","28202115105","28202115106","28202115204","28202119002","28202119003"]}},{"type":"Feature","geometry":{"type":"Polygon","coordinates":[[[135.43314039000362,34.73540958367833],[135.433609404731,34.73533139567705],[135.43410260755502,34.735366091212754],[135.43477269817453,34.73547467820489],[135.43510754197763,34.73559066518858],[135.435226416265,34.73395417070399],[135.4353852532451,34.73388301010228],[135.43565188761332,34.73361030156717],[135.43560119919775,34.732876505915314],[135.4353168949146,34.73288457557125],[135.43522267944894,34.73118479617683],[135.43331058851757,34.73159070824648],[135.4320500545881,34.731823657804334],[135.42838908975068,34.73242978934021],[135.42857321184317,34.7331184412906],[135.42874850207048,34.73645628848325],[135.42909206681952,34.736412629633264],[135.42989307836862,34.73617610780307],[135.43314039000362,34.73540958367833]]]},"properties":{"code":"28202065001","name":"潮江一丁目","jinko":6051,"addr_key":"28202|潮江1","addr_key_town":"28202|潮江1","n":[602,90],"w":[false,false],"neighbors":["28202054201","28202054202","28202054203","28202065002","28202065004","28202065005","28202078001","28202079001","28202080001","28202081001"]}},{"type":"Feature","geometry":{"type":"Polygon","coordinates":[[[135.4359976528371,34.7379479043035],[135.43619559665382,34.73762173046562],[135.43617544585058,34.737446976724506],[135.43635366338796,34.73692674894707],[135.4367940996147,34.7364176639819],[135.43628422446093,34.73632974930904],[135.43626788671392,34.73641638031654],[135.43530057171307,34.73646937378284],[135.43512989673224,34.73606667891296],[135.43510754197763,34.73559066518858],[135.43477269817453,34.73547467820489],[135.43410260755502,34.735366091212754],[135.433609404731,34.73533139567705],[135.43284878519236,34.735472503549126],[135.42989307836862,34.73617610780307],[135.42909206681952,34.736412629633264],[135.42874850207048,34.73645628848325],[135.42874636398292,34.73758184292024],[135.4304252452939,34.73760460375954],[135.43077225281885,34.7376468285645],[135.4311886737436,34.737893362761184],[135.4314019284363,34.73791073423136],[135.4320866636048,34.73785469195464],[135.4322530918725,34.73779543964348],[135.43237704771147,34.73781460244162],[135.43260000091752,34.737733571719524],[135.43324697835882,34.73780265693411],[135.43361875964854,34.73771830575832],[135.43398641576687,34.73780582887222],[135.4342994778475,34.73791933941652],[135.43459264236634,34.738192189783426],[135.43495993094245,34.737698281518945],[135.43596299067963,34.738247948487555],[135.4359976528371,34.7379479043035]]]},"properties":{"code":"28202065002","name":"潮江二丁目","jinko":1874,"addr_key":"28202|潮江2","addr_key_town":"28202|潮江2","n":[26,14],"w":[false,false],"neighbors":["28202054203","28202062001","28202062002","28202065001","28202065003","28202065004","28202065005"]}},{"type":"Feature","geometry":{"type":"Polygon","coordinates":[[[135.43182180699984,34.73970278656791],[135.43201993576642,34.739530709071566],[135.43208193965566,34.739419863902945],[135.43223038553575,34.73931006797625],[135.4323120525513,34.73912467554039],[135.43231233233976,34.73901044391455],[135.43332382834797,34.738961160636975],[135.43332047384988,34.739010489159355],[135.4337389423442,34.73908853878363],[135.43380283412162,34.738959223629955],[135.43399449139088,34.73902692983885],[135.43388955364247,34.73916182747482],[135.43395061621527,34.73919254374861],[135.43402075681684,34.7391548655896],[135.43421837366233,34.73927308230953],[135.43458149926525,34.738947249220786],[135.4346771343803,34.7389370065808],[135.43511957300336,34.738580954407645],[135.4356289662493,34.73806603830133],[135.43495993094245,34.737698281518966],[135.43459264236634,34.738192189783426],[135.4342994778475,34.73791933941652],[135.43398641576687,34.73780582887222],[135.43361875964854,34.73771830575832],[135.43324697835882,34.73780265693411],[135.43260000091752,34.737733571719524],[135.43237704771147,34.73781460244162],[135.4322530918725,34.73779543964348],[135.4320866636048,34.73785469195464],[135.4314019284363,34.73791073423136],[135.4311886737436,34.737893362761184],[135.43077225281885,34.7376468285645],[135.4304252452939,34.73760460375954],[135.42874636398292,34.73758184292024],[135.4287141907975,34.73872048357921],[135.42888563616035,34.7386918967195],[135.42891772239884,34.739106975652824],[135.42887313096304,34.739452037077314],[135.43007377830023,34.73949953318078],[135.43008163267464,34.73962932577049],[135.43063650112663,34.739583053904205],[135.43123432332382,34.73961146513043],[135.43131489387537,34.74009793985427],[135.431460452949,34.740079724237845],[135.43168506586125,34.739987833850265],[135.43182180699984,34.73970278656791]]]},"properties":{"code":"28202065003","name":"潮江三丁目","jinko":1274,"addr_key":"28202|潮江3","addr_key_town":"28202|潮江3","n":[11,3],"w":[false,false],"neighbors":["28202061003","28202062002","28202063101","28202065002","28202065004"]}},{"type":"Feature","geometry":{"type":"Polygon","coordinates":[[[135.42891772239884,34.739106975652824],[135.42888563616035,34.7386918967195],[135.4287141907975,34.73872048357921],[135.42876483217762,34.7367371390779],[135.42874850207048,34.73645628848325],[135.4280555703988,34.73648534389809],[135.42770947579132,34.73644690671219],[135.42659571651083,34.73641091053257],[135.42586396179777,34.73661003919838],[135.42587204678713,34.73673103663743],[135.4252488571229,34.73697156933291],[135.4248964942088,34.73705360730085],[135.42454269804833,34.73707875365831],[135.42367552507608,34.73706652706805],[135.42331654707323,34.737125942842674],[135.42271776267702,34.737055246888836],[135.4242470295129,34.73866005236208],[135.42599589221638,34.74057146937542],[135.42893776585314,34.7406337521881],[135.42887313096304,34.739452037077314],[135.42891772239884,34.739106975652824]]]},"properties":{"code":"28202065004","name":"潮江四丁目","jinko":26,"addr_key":"28202|潮江4","addr_key_town":"28202|潮江4","n":[null,null],"w":[true,true],"neighbors":["28202060001","28202060002","28202061003","28202065001","28202065002","28202065003","28202065005"]}},{"type":"Feature","geometry":{"type":"Polygon","coordinates":[[[135.42331654707323,34.7371259428427],[135.42367552507608,34.737066527068066],[135.42454269804833,34.73707875365833],[135.42508245321747,34.73701982491258],[135.42587204678713,34.73673103663745],[135.42586396179777,34.73661003919838],[135.42659571651083,34.73641091053257],[135.42770947579137,34.736446906712175],[135.4280555703988,34.736485343898075],[135.42874850207048,34.73645628848325],[135.42857321184317,34.7331184412906],[135.42838908975068,34.73242978934021],[135.42807076123478,34.73247744432051],[135.427927696145,34.732412391026294],[135.42682225070112,34.732252326416486],[135.42588455425934,34.731939189602144],[135.42541302231857,34.731850884713175],[135.42415440886347,34.73203725369689],[135.42331684897493,34.73241857889591],[135.422776623228,34.73297301614582],[135.42267262885764,34.733271846184955],[135.42216453841272,34.73383824721378],[135.42183854204532,34.734506682675246],[135.421777155713,34.73521951254882],[135.4218143247114,34.735719198598886],[135.42201911394218,34.73623118883605],[135.4221919756326,34.73648063803137],[135.42271776267702,34.73705524688885],[135.42331654707323,34.7371259428427]]]},"properties":{"code":"28202065005","name":"潮江五丁目","jinko":3703,"addr_key":"28202|潮江5","addr_key_town":"28202|潮江5","n":[23,11],"w":[false,false],"neighbors":["28202057001","28202058001","28202060001","28202065001","28202065002","28202065004","28202081001"]}},{"type":"Feature","geometry":{"type":"Polygon","coordinates":[[[135.44623746179678,34.744723679037136],[135.44745431716697,34.74254075948873],[135.44849352406453,34.742531233917276],[135.4485403772392,34.74290039748633],[135.44962755999754,34.74285464613176],[135.44973579851018,34.740101562592656],[135.4495389585452,34.739092058185214],[135.4496500421498,34.73859172092971],[135.45088227632587,34.736341995145246],[135.45102525387912,34.73599348401111],[135.45190720236042,34.73441348306924],[135.45009986396667,34.73452150671402],[135.44953470317904,34.73446500319042],[135.44916962238335,34.73437285707026],[135.4485988047474,34.734162028745004],[135.44804697046533,34.73382735672251],[135.44747502094793,34.733379340638606],[135.44608826375887,34.73433291792242],[135.44603641427074,34.73439790184987],[135.44583636638788,34.73506581462797],[135.44577413523345,34.73538076253367],[135.44574957041408,34.73575649569133],[135.445772344029,34.735870658187004],[135.44590615682327,34.73608423112255],[135.44593936411007,34.73621942630405],[135.44586775737682,34.736643196867746],[135.44600967360518,34.737848851982356],[135.44477796912673,34.737851097283816],[135.444861882627,34.74005225388641],[135.44484380611422,34.74163206320148],[135.44489681125935,34.74319417868953],[135.4450823001671,34.74409238107804],[135.4450947933031,34.74463623256972],[135.44623746179678,34.744723679037136]]]},"properties":{"code":"282020660","name":"神崎町","jinko":1873,"addr_key":"28202|神崎町","addr_key_town":"28202|神崎町","n":[32,19],"w":[false,false],"neighbors":["28202062003","28202062004","282020670","282020680","282020690","28202082002","28202145005"]}},{"type":"Feature","geometry":{"type":"Polygon","coordinates":[[[135.45366646022006,34.74510675885149],[135.4539581163691,34.74478109898653],[135.45417549193033,34.74443865782852],[135.45434834924734,34.744129445506964],[135.45455832986576,34.74362565736289],[135.45463333356375,34.743310867031084],[135.45488195649287,34.74136215086238],[135.45492241293243,34.741230926886075],[135.45498451831105,34.74112992762936],[135.45512085585761,34.741054440792944],[135.45525331920743,34.741070825133875],[135.45537576285147,34.74113505037321],[135.45404944392192,34.73921592872311],[135.45290847381304,34.73807920565905],[135.4512174810779,34.73701457597527],[135.4510303389277,34.73683318972725],[135.45088227632587,34.736341995145246],[135.4496500421498,34.73859172092971],[135.4495389585452,34.739092058185214],[135.44973579851018,34.740101562592656],[135.44962304420827,34.74311498056419],[135.45220466586238,34.74308252191193],[135.45225723177262,34.74487282029561],[135.45234096851314,34.74490726203978],[135.45248167737466,34.74490850307498],[135.45277860814116,34.74483407633477],[135.45366646022006,34.74510675885149]]]},"properties":{"code":"282020670","name":"高田町","jinko":1068,"addr_key":"28202|高田町","addr_key_town":"28202|高田町","n":[12,7],"w":[false,false],"neighbors":["282020660","282020680","28202143008","28202145002","28202145003","28202145005","28202145006"]}},{"type":"Feature","geometry":{"type":"Polygon","coordinates":[[[135.45366646022006,34.74510675885145],[135.45277860814116,34.744834076334755],[135.45248167737466,34.74490850307498],[135.45234096851314,34.74490726203978],[135.45225723177262,34.74487282029558],[135.45220466586238,34.74308252191193],[135.44962304420827,34.74311498056419],[135.44962755999754,34.74285464613176],[135.4485403772392,34.74290039748635],[135.44849352406453,34.742531233917276],[135.44745431716697,34.74254075948873],[135.44623746179678,34.744723679037136],[135.4474010692763,34.74504248092327],[135.44795007622093,34.74512308786998],[135.44961236764445,34.74546560327558],[135.45117527601215,34.745941127554936],[135.45232906346965,34.74637039632084],[135.45286327832696,34.745727280682004],[135.45306728795643,34.74556384583032],[135.4534291596423,34.74535106779915],[135.45366646022006,34.74510675885145]]]},"properties":{"code":"282020680","name":"額田町","jinko":1772,"addr_key":"28202|額田町","addr_key_town":"28202|額田町","n":[20,24],"w":[false,false],"neighbors":["282020660","282020670","282020690","282020700","28202143008"]}},{"type":"Feature","geometry":{"type":"Polygon","coordinates":[[[135.44623746179678,34.744723679037136],[135.4450947933031,34.74463623256972],[135.4451278205154,34.746355442517206],[135.44522829173275,34.74873237593717],[135.44529486292393,34.748810081055495],[135.4453006306241,34.74966682577781],[135.4455100588384,34.749955770736385],[135.4458892562432,34.7505989530024],[135.44679444354932,34.75018896864157],[135.44933660977665,34.74847615701512],[135.44898474261618,34.748191344034275],[135.44876652848626,34.74795361728055],[135.44869960681402,34.74750759075343],[135.44754994242328,34.746908524996805],[135.4474010692763,34.74504248092327],[135.44623746179678,34.744723679037136]]]},"properties":{"code":"282020690","name":"善法寺町","jinko":1832,"addr_key":"28202|善法寺町","addr_key_town":"28202|善法寺町","n":[10,7],"w":[false,false],"neighbors":["28202062003","282020660","282020680","282020700","28202143008","28202143009","28202148001","28202148002","28202148003"]}},{"type":"Feature","geometry":{"type":"Polygon","coordinates":[[[135.44795007622093,34.74512308786998],[135.4474010692763,34.74504248092327],[135.44754994242328,34.746908524996805],[135.44869960681402,34.74750759075343],[135.44876652848626,34.74795361728055],[135.44898474261618,34.748191344034275],[135.44933660977665,34.74847615701512],[135.45232906346965,34.74637039632084],[135.45150619375892,34.7460579509101],[135.45039689326126,34.74568742324005],[135.44961236764445,34.74546560327558],[135.44795007622093,34.74512308786998]]]},"properties":{"code":"282020700","name":"弥生ケ丘町","jinko":0,"addr_key":"28202|弥生ケ丘町","addr_key_town":"28202|弥生ケ丘町","n":[null,null],"w":[true,true],"neighbors":["282020680","282020690","28202143008"]}},{"type":"Feature","geometry":{"type":"Polygon","coordinates":[[[135.43898391039355,34.726335115398044],[135.436866875936,34.726380536709065],[135.4369041156676,34.726871909721964],[135.43723633567393,34.72747934476756],[135.43745815908213,34.72820694024101],[135.437566622342,34.728884011231834],[135.43805708750972,34.73070315361472],[135.44094097004782,34.73021155755573],[135.44043612374557,34.728681161509144],[135.4400558883204,34.72772472269133],[135.43993019000942,34.72726683243215],[135.4399208664343,34.72642040294832],[135.43898391039355,34.726335115398044]]]},"properties":{"code":"28202071001","name":"常光寺一丁目","jinko":1632,"addr_key":"28202|常光寺1","addr_key_town":"28202|常光寺1","n":[19,12],"w":[false,false],"neighbors":["28202054201","28202071002","28202071003","28202071004","28202078001","28202078002","28202082001"]}},{"type":"Feature","geometry":{"type":"Polygon","coordinates":[[[135.4399208664343,34.72642040294832],[135.43982619371187,34.7236188923685],[135.43908236606333,34.72365396632121],[135.43905341532667,34.72335689222328],[135.43807256740087,34.723418762118364],[135.43808592272637,34.72348639025774],[135.4376325020961,34.72345557536898],[135.437097302844,34.723252817649126],[135.43640115604464,34.7233584305225],[135.43650364871422,34.723522861188734],[135.4368095135063,34.72441392881364],[135.43698825951435,34.72534150276026],[135.43698731252667,34.7254627847639],[135.43678112470434,34.72586537670151],[135.436866875936,34.726380536709065],[135.43898391039355,34.726335115398044],[135.4399208664343,34.72642040294832]]]},"properties":{"code":"28202071002","name":"常光寺二丁目","jinko":1612,"addr_key":"28202|常光寺2","addr_key_town":"28202|常光寺2","n":[19,14],"w":[false,false],"neighbors":["28202071001","28202071003","28202072001","28202074002","28202074003","28202078001","28202078002"]}},{"type":"Feature","geometry":{"type":"Polygon","coordinates":[[[135.44034723326595,34.72449235874526],[135.43986419531834,34.72449238655493],[135.43993019000942,34.72726683243215],[135.4400558883204,34.72772472269133],[135.44024770157696,34.72816369940661],[135.44070345717427,34.72788813162926],[135.44136085018997,34.72758002027929],[135.44153986314174,34.72736683215629],[135.44135990769612,34.72683225215302],[135.4413363141543,34.726496255442036],[135.4422145939831,34.72617345132349],[135.4425167468265,34.72597744948811],[135.44267852935977,34.7256053963853],[135.44276398629086,34.724934308029006],[135.44032904976584,34.72471478760672],[135.44034723326595,34.72449235874526]]]},"properties":{"code":"28202071003","name":"常光寺三丁目","jinko":781,"addr_key":"28202|常光寺3","addr_key_town":"28202|常光寺3","n":[11,6],"w":[false,false],"neighbors":["28202071001","28202071002","28202071004","28202072001"]}},{"type":"Feature","geometry":{"type":"Polygon","coordinates":[[[135.44517562973456,34.72312193851563],[135.4429558966438,34.72297557568154],[135.44298146424248,34.72303126030178],[135.44293828222843,34.72356547886755],[135.44267852935977,34.7256053963853],[135.4425167468265,34.72597744948811],[135.4422145939831,34.72617345132349],[135.4413363141543,34.726496255442036],[135.44135990769612,34.72683225215302],[135.44153986314174,34.72736683215629],[135.44136085018997,34.72758002027929],[135.44070345717427,34.72788813162926],[135.44024770157696,34.72816369940661],[135.44063446348596,34.7292386743572],[135.44094097004782,34.73021155755573],[135.4420676011125,34.72995818586397],[135.4455288024254,34.72934262066721],[135.44552025271284,34.72894014768574],[135.44563627582883,34.72829835574436],[135.44587851462416,34.727362019332666],[135.44607683412812,34.72684652389361],[135.44629556106105,34.726415632432584],[135.44665405969616,34.72589331778988],[135.44713173460988,34.725404419591634],[135.4477576413663,34.72396187130934],[135.44632870480118,34.72358972505358],[135.4457737766631,34.72347578182164],[135.44517562973456,34.72312193851563]]]},"properties":{"code":"28202071004","name":"常光寺四丁目","jinko":2,"addr_key":"28202|常光寺4","addr_key_town":"28202|常光寺4","n":[0,4],"w":[false,false],"neighbors":["28202071001","28202071003","28202072001","28202072002","28202076002","28202082001"]}},{"type":"Feature","geometry":{"type":"Polygon","coordinates":[[[135.44276398629086,34.724934308029006],[135.44298146424248,34.72303126030178],[135.44240125422004,34.72226961723093],[135.4410955518316,34.722626737321825],[135.43978450660265,34.72267359749238],[135.43986419531834,34.72449238655493],[135.44034723326595,34.72449235874526],[135.44032904976584,34.72471478760672],[135.44276398629086,34.724934308029006]]]},"properties":{"code":"28202072001","name":"今福一丁目","jinko":1460,"addr_key":"28202|今福1","addr_key_town":"28202|今福1","n":[9,17],"w":[false,false],"neighbors":["28202071002","28202071003","28202071004","28202072002","28202074001","28202074002"]}},{"type":"Feature","geometry":{"type":"Polygon","coordinates":[[[135.44645479934982,34.72228204087162],[135.44581379453876,34.721447446980065],[135.44534436367388,34.72101031213621],[135.4452251869276,34.72084322480125],[135.4444629686251,34.72166205121012],[135.44429526716058,34.721501885731435],[135.44387478988577,34.72132501236717],[135.44379442420495,34.72138743847473],[135.44329067862307,34.721451051645985],[135.44302289341238,34.72154955379855],[135.4426220049193,34.72152996870497],[135.4424760064851,34.7214615783831],[135.44230923156616,34.721217173252086],[135.44216456485768,34.720686638390504],[135.4420299760723,34.72050180003409],[135.44189428726185,34.72045162561729],[135.44177780520312,34.72047916669065],[135.44156231681347,34.72072550586906],[135.4415957553613,34.72082154341113],[135.44196687934428,34.721365227943146],[135.44239148227015,34.72227238246795],[135.4429558966438,34.72297557568154],[135.44517562973456,34.72312193851563],[135.4457737766631,34.72347578182164],[135.44632870480118,34.72358972505358],[135.4465644196585,34.723249527059366],[135.4466138903624,34.72305244692935],[135.44660498178794,34.72271265638793],[135.44656648003948,34.722506521050285],[135.44645479934982,34.72228204087162]]]},"properties":{"code":"28202072002","name":"今福二丁目","jinko":782,"addr_key":"28202|今福2","addr_key_town":"28202|今福2","n":[5,6],"w":[false,false],"neighbors":["28202071004","28202072001","28202074001","28202075001","28202076001","28202076002"]}},{"type":"Feature","geometry":{"type":"Polygon","coordinates":[[[135.44441347322964,34.71734190424953],[135.44130636393973,34.716363706102214],[135.4403232531103,34.71718902489887],[135.43969597796504,34.71764531222931],[135.44206123525746,34.71928554851457],[135.4421154715374,34.71960394108803],[135.44278016279333,34.719547458965955],[135.44313287642368,34.71945409825737],[135.44388713135388,34.71913072496292],[135.4446658378266,34.71850006973561],[135.4452355740754,34.71781244372746],[135.44441347322964,34.71734190424953]]]},"properties":{"code":"282020730","name":"梶ケ島","jinko":583,"addr_key":"28202|梶ケ島","addr_key_town":"28202|梶ケ島","n":[19,17],"w":[false,false],"neighbors":["28202075001","28202076001","28202076002","28202077001"]}},{"type":"Feature","geometry":{"type":"Polygon","coordinates":[[[135.44196687934428,34.721365227943146],[135.4415957553613,34.72082154341113],[135.44015870822872,34.72129295244391],[135.43960358547145,34.721392934243504],[135.43972847418271,34.72175265925258],[135.43978450660265,34.72267359749238],[135.4410955518316,34.722626737321825],[135.44239148227015,34.72227238246795],[135.44196687934428,34.721365227943146]]]},"properties":{"code":"28202074001","name":"杭瀬北新町一丁目","jinko":511,"addr_key":"28202|杭瀬北新町1","addr_key_town":"28202|杭瀬北新町1","n":[13,4],"w":[false,false],"neighbors":["28202072001","28202072002","28202074002","28202075001","28202075002"]}},{"type":"Feature","geometry":{"type":"Polygon","coordinates":[[[135.43982619371187,34.7236188923685],[135.43972847418271,34.72175265925258],[135.43960358547145,34.721392934243504],[135.43802147928474,34.72172689910211],[135.43710294708526,34.72246470328831],[135.4369951708325,34.72249342862327],[135.4371899568691,34.723293105632735],[135.4376325020961,34.72345557536898],[135.43808592272637,34.72348639025774],[135.43807256740087,34.723418762118364],[135.43905341532667,34.72335689222328],[135.43908236606333,34.72365396632121],[135.43982619371187,34.7236188923685]]]},"properties":{"code":"28202074002","name":"杭瀬北新町二丁目","jinko":418,"addr_key":"28202|杭瀬北新町2","addr_key_town":"28202|杭瀬北新町2","n":[14,null],"w":[false,true],"neighbors":["28202071002","28202072001","28202074001","28202074003","28202075001","28202075002"]}},{"type":"Feature","geometry":{"type":"Polygon","coordinates":[[[135.43640115604464,34.7233584305225],[135.437097302844,34.723252817649126],[135.4371899568691,34.723293105632735],[135.43688938548175,34.72203000153532],[135.43653803829864,34.71957674043425],[135.434239373082,34.7195730488167],[135.4344467967752,34.721386184279474],[135.43640115604464,34.7233584305225]]]},"properties":{"code":"28202074003","name":"杭瀬北新町三丁目","jinko":988,"addr_key":"28202|杭瀬北新町3","addr_key_town":"28202|杭瀬北新町3","n":[16,12],"w":[false,false],"neighbors":["28202071002","28202074002","28202074004","28202075002","28202075003","28202077004","28202078002","28202078003"]}},{"type":"Feature","geometry":{"type":"Polygon","coordinates":[[[135.4344467967752,34.721386184279474],[135.43424418277797,34.7196139926071],[135.4319897911593,34.71963661570696],[135.42932166228124,34.719601653108654],[135.4293982701304,34.72010690410855],[135.4298489837524,34.72012833865889],[135.42996713977774,34.72017572717583],[135.42995593053686,34.720495843604425],[135.43194435423487,34.7203859353126],[135.4326621996493,34.720458611721305],[135.43317185544376,34.720596126518835],[135.4335233873717,34.720740844022984],[135.43389146430584,34.72096259634871],[135.4344467967752,34.721386184279474]]]},"properties":{"code":"28202074004","name":"杭瀬北新町四丁目","jinko":468,"addr_key":"28202|杭瀬北新町4","addr_key_town":"28202|杭瀬北新町4","n":[11,11],"w":[false,false],"neighbors":["28202074003","28202077004","28202078003","28202079003"]}},{"type":"Feature","geometry":{"type":"Polygon","coordinates":[[[135.44177780520312,34.72047916669065],[135.44189428726185,34.72045162561729],[135.4420299760723,34.72050180003409],[135.44216456485768,34.720686638390504],[135.44253932888387,34.72028348733956],[135.44211614474557,34.719756476606],[135.44206123525746,34.71928554851457],[135.43969597796504,34.71764531222931],[135.43927118848055,34.71795538312466],[135.43833972861896,34.71838414422235],[135.43824175542537,34.71846940371198],[135.43891258269323,34.71960350334826],[135.43897306734257,34.719604502825405],[135.43925123576398,34.720458350809324],[135.43960358547145,34.721392934243504],[135.44015870822872,34.72129295244391],[135.4415957553613,34.72082154341113],[135.44156231681347,34.72072550586906],[135.44177780520312,34.72047916669065]]]},"properties":{"code":"28202075001","name":"杭瀬本町一丁目","jinko":1009,"addr_key":"28202|杭瀬本町1","addr_key_town":"28202|杭瀬本町1","n":[58,14],"w":[false,false],"neighbors":["28202072002","282020730","28202074001","28202074002","28202075002","28202075003","28202076001","28202077001","28202077002"]}},{"type":"Feature","geometry":{"type":"Polygon","coordinates":[[[135.43897306734257,34.719604502825405],[135.43653803829864,34.71957674043425],[135.43672999804912,34.721043657537905],[135.43688938548175,34.72203000153532],[135.4369951708325,34.72249342862327],[135.43710294708526,34.72246470328831],[135.43802147928474,34.72172689910211],[135.43960358547145,34.721392934243504],[135.43925123576398,34.720458350809324],[135.43897306734257,34.719604502825405]]]},"properties":{"code":"28202075002","name":"杭瀬本町二丁目","jinko":1023,"addr_key":"28202|杭瀬本町2","addr_key_town":"28202|杭瀬本町2","n":[27,12],"w":[false,false],"neighbors":["28202074001","28202074002","28202074003","28202075001","28202075003"]}},{"type":"Feature","geometry":{"type":"Polygon","coordinates":[[[135.43891258269323,34.71960350334826],[135.43824175542537,34.71846940371198],[135.43790113076594,34.718597452914864],[135.4371910775705,34.718742984546004],[135.4367668558362,34.71878232073951],[135.43614120707448,34.71876422425592],[135.4357202846379,34.718733401558644],[135.43534687471728,34.718652780875544],[135.43408166783996,34.718256751078975],[135.434239373082,34.7195730488167],[135.43891258269323,34.71960350334826]]]},"properties":{"code":"28202075003","name":"杭瀬本町三丁目","jinko":506,"addr_key":"28202|杭瀬本町3","addr_key_town":"28202|杭瀬本町3","n":[21,6],"w":[false,false],"neighbors":["28202074003","28202075001","28202075002","28202077001","28202077002","28202077003","28202077004"]}},{"type":"Feature","geometry":{"type":"Polygon","coordinates":[[[135.4444629686251,34.72166205121012],[135.4452251869276,34.72084322480125],[135.44487710340252,34.72031441142022],[135.4443150585599,34.719756281524305],[135.44381036813084,34.71916241264285],[135.44313287642368,34.71945409825737],[135.44278016279333,34.719547458965955],[135.4420869993446,34.71960518646114],[135.4421161447455,34.719756476606],[135.44253932888387,34.72028348733956],[135.44216456485768,34.720686638390504],[135.44230923156616,34.721217173252086],[135.4424760064851,34.7214615783831],[135.44268949388686,34.721550762771265],[135.44302289341238,34.72154955379855],[135.44329067862307,34.721451051645985],[135.44379442420495,34.72138743847473],[135.44387478988577,34.72132501236717],[135.44429526716058,34.721501885731435],[135.4444629686251,34.72166205121012]]]},"properties":{"code":"28202076001","name":"杭瀬寺島一丁目","jinko":915,"addr_key":"28202|杭瀬寺島1","addr_key_town":"28202|杭瀬寺島1","n":[12,4],"w":[false,false],"neighbors":["28202072002","282020730","28202075001","28202076002"]}},{"type":"Feature","geometry":{"type":"Polygon","coordinates":[[[135.44575422633534,34.718143633327394],[135.44523557407538,34.71781244372746],[135.44466583782653,34.71850006973562],[135.44388713135388,34.71913072496292],[135.44381036813078,34.71916241264283],[135.44431505855997,34.71975628152429],[135.44487710340252,34.72031441142022],[135.44534436367388,34.72101031213622],[135.44581379453876,34.721447446980065],[135.44645479934982,34.72228204087163],[135.44656648003948,34.722506521050285],[135.44660498178794,34.722712656387934],[135.4466138903624,34.72305244692936],[135.44656441965853,34.723249527059366],[135.44632870480118,34.72358972505358],[135.4477576413663,34.723961871309335],[135.44798917014367,34.723462688467436],[135.44819290574,34.72283135982987],[135.44826951606828,34.721918650804646],[135.44826392417735,34.721749822195115],[135.4481648332643,34.72138325105189],[135.4475197570169,34.7197958580736],[135.4473341437253,34.719515010909156],[135.44685902719027,34.71897215538095],[135.44575422633534,34.718143633327394]]]},"properties":{"code":"28202076002","name":"杭瀬寺島二丁目","jinko":0,"addr_key":"28202|杭瀬寺島2","addr_key_town":"28202|杭瀬寺島2","n":[0,0],"w":[false,false],"neighbors":["28202071004","28202072002","282020730","28202076001"]}},{"type":"Feature","geometry":{"type":"Polygon","coordinates":[[[135.43833972861896,34.71838414422235],[135.43927118848055,34.71795538312466],[135.4403232531103,34.71718902489887],[135.44130636393973,34.716363706102214],[135.43630876567366,34.71478845770591],[135.4360768952569,34.71520114036326],[135.4358591774114,34.71533114719842],[135.43566598365206,34.71577291744001],[135.43551965581935,34.715890445130235],[135.43537361030624,34.71620290825664],[135.43536843344287,34.71635253958902],[135.4365128864128,34.71678627782571],[135.43745872992486,34.71770225034114],[135.43781916221278,34.71800307763744],[135.43824175542537,34.71846940371198],[135.43833972861896,34.71838414422235]]]},"properties":{"code":"28202077001","name":"杭瀬南新町一丁目","jinko":501,"addr_key":"28202|杭瀬南新町1","addr_key_town":"28202|杭瀬南新町1","n":[9,4],"w":[false,false],"neighbors":["282020730","28202075001","28202075003","28202077002","28202077003"]}},{"type":"Feature","geometry":{"type":"Polygon","coordinates":[[[135.4365128864128,34.71678627782571],[135.43536843344287,34.71635253958902],[135.43531353966756,34.71652839745222],[135.43413295320354,34.717169812523984],[135.4339657063186,34.71732457135656],[135.43408166783996,34.718256751078975],[135.43534687471728,34.718652780875544],[135.4357202846379,34.718733401558644],[135.43614120707448,34.71876422425589],[135.4367668558362,34.71878232073951],[135.43719107757053,34.718742984546004],[135.43790113076594,34.71859745291484],[135.43824175542537,34.71846940371198],[135.43781916221278,34.71800307763744],[135.43745872992486,34.71770225034114],[135.4365128864128,34.71678627782571]]]},"properties":{"code":"28202077002","name":"杭瀬南新町二丁目","jinko":824,"addr_key":"28202|杭瀬南新町2","addr_key_town":"28202|杭瀬南新町2","n":[4,5],"w":[false,false],"neighbors":["28202075001","28202075003","28202077001","28202077003","28202077004"]}},{"type":"Feature","geometry":{"type":"Polygon","coordinates":[[[135.43630876567366,34.71478845770591],[135.43186331608538,34.71270952703214],[135.4318524807349,34.713643755949306],[135.43103750846495,34.71465101410136],[135.43010126547705,34.71411773281984],[135.4283798437901,34.71396194761247],[135.42781820084608,34.714657878349726],[135.42751954852352,34.71497677572456],[135.42764886253698,34.715094775476366],[135.42785064737444,34.715107328291424],[135.42896855688176,34.71654053350604],[135.4297463108705,34.71675252049781],[135.43408166783996,34.718256751078975],[135.4339657063186,34.71732457135659],[135.43413295320354,34.717169812523984],[135.43531353966756,34.71652839745222],[135.43536843344287,34.71635253958902],[135.43537361030624,34.71620290825664],[135.43551965581935,34.715890445130235],[135.43566598365206,34.71577291744001],[135.4358591774114,34.71533114719842],[135.4360768952569,34.71520114036326],[135.43630876567366,34.71478845770591]]]},"properties":{"code":"28202077003","name":"杭瀬南新町三丁目","jinko":15,"addr_key":"28202|杭瀬南新町3","addr_key_town":"28202|杭瀬南新町3","n":[null,null],"w":[true,true],"neighbors":["28202002201","282020023","28202005001","282020532","28202075003","28202077001","28202077002","28202077004"]}},{"type":"Feature","geometry":{"type":"Polygon","coordinates":[[[135.4319897911593,34.71963661570696],[135.43424418277797,34.7196139926071],[135.43408166783996,34.718256751078975],[135.4297463108705,34.71675252049781],[135.4289685568817,34.71654053350606],[135.4289438971891,34.71672560983777],[135.42878776128774,34.716863641042366],[135.42891576245287,34.71713377145415],[135.42898877041014,34.717385802993796],[135.429041023488,34.71767408055108],[135.42906521814007,34.7180920527834],[135.42919321101988,34.71845162339552],[135.42918903876713,34.71870435052014],[135.42909682785492,34.71887786498157],[135.42889598157504,34.71959618852138],[135.4319897911593,34.71963661570696]]]},"properties":{"code":"28202077004","name":"杭瀬南新町四丁目","jinko":2561,"addr_key":"28202|杭瀬南新町4","addr_key_town":"28202|杭瀬南新町4","n":[40,17],"w":[false,false],"neighbors":["282020023","282020532","28202074003","28202074004","28202075003","28202077002","28202077003","28202079003"]}},{"type":"Feature","geometry":{"type":"Polygon","coordinates":[[[135.4369041156676,34.726871909721964],[135.436866875936,34.726380536709065],[135.43523675031048,34.72640855250092],[135.43527303780095,34.726931767915175],[135.43506647936303,34.727532257198014],[135.43510173472112,34.73121166739224],[135.43805708750972,34.73070315361472],[135.437566622342,34.7288840112318],[135.43745815908213,34.72820694024101],[135.43723633567393,34.727479344767545],[135.4369041156676,34.726871909721964]]]},"properties":{"code":"28202078001","name":"長洲東通一丁目","jinko":669,"addr_key":"28202|長洲東通1","addr_key_town":"28202|長洲東通1","n":[9,3],"w":[false,false],"neighbors":["28202054201","28202065001","28202071001","28202071002","28202078002","28202079001","28202079002"]}},{"type":"Feature","geometry":{"type":"Polygon","coordinates":[[[135.43644465675183,34.723403390787546],[135.43571146410952,34.72265281887163],[135.43541486238306,34.72288819270692],[135.43468837104083,34.723123794714894],[135.4349814866639,34.7242323173083],[135.43523675031048,34.72640855250092],[135.436866875936,34.726380536709065],[135.43678112470434,34.72586537670151],[135.43698731252667,34.7254627847639],[135.43698825951435,34.72534150276026],[135.4368095135063,34.72441392881364],[135.43644465675183,34.723403390787546]]]},"properties":{"code":"28202078002","name":"長洲東通二丁目","jinko":1438,"addr_key":"28202|長洲東通2","addr_key_town":"28202|長洲東通2","n":[17,9],"w":[false,false],"neighbors":["28202071001","28202071002","28202074003","28202078001","28202078003","28202079001","28202079002"]}},{"type":"Feature","geometry":{"type":"Polygon","coordinates":[[[135.43571146410952,34.72265281887163],[135.4344467967752,34.721386184279474],[135.43389146430584,34.72096259634871],[135.4335233873717,34.720740844022984],[135.43317185544376,34.720596126518835],[135.4326621996493,34.720458611721305],[135.43194435423487,34.7203859353126],[135.43197866360285,34.72092903081496],[135.43216916925505,34.72188636976622],[135.43223160658596,34.721880031075585],[135.43261339187558,34.72273732760489],[135.43255754387897,34.7228096658393],[135.4326991176317,34.72328531082951],[135.43366647832937,34.723164872220295],[135.43468969942032,34.72313406484201],[135.43518854240662,34.72297573866902],[135.43541486238306,34.72288819270692],[135.43571146410952,34.72265281887163]]]},"properties":{"code":"28202078003","name":"長洲東通三丁目","jinko":1259,"addr_key":"28202|長洲東通3","addr_key_town":"28202|長洲東通3","n":[12,6],"w":[false,false],"neighbors":["28202074003","28202074004","28202078002","28202079002","28202079003"]}},{"type":"Feature","geometry":{"type":"Polygon","coordinates":[[[135.43510173472112,34.73121166739224],[135.43506647936303,34.727532257198014],[135.43527303780095,34.726931767915175],[135.43523675031048,34.72640855250092],[135.4333070629667,34.72603078673431],[135.43273968768688,34.726104087293244],[135.43334033565628,34.72889638619024],[135.43336265529067,34.72889407177752],[135.4319570972565,34.73081924563299],[135.43271271351128,34.73115426457343],[135.43258429162523,34.731724884659776],[135.43510173472112,34.73121166739224]]]},"properties":{"code":"28202079001","name":"長洲中通一丁目","jinko":708,"addr_key":"28202|長洲中通1","addr_key_town":"28202|長洲中通1","n":[21,4],"w":[false,false],"neighbors":["28202065001","28202078001","28202078002","28202079002","28202080001"]}},{"type":"Feature","geometry":{"type":"Polygon","coordinates":[[[135.43523675031048,34.72640855250092],[135.4349814866639,34.7242323173083],[135.43468969942032,34.72313406484201],[135.43366647832937,34.72316487222029],[135.43235923852282,34.72332584694349],[135.43131220737314,34.72349770101211],[135.43052824275344,34.72369055566576],[135.43025033676724,34.72369601908378],[135.4311975070219,34.726408167953544],[135.43273968768688,34.726104087293244],[135.4333070629667,34.72603078673431],[135.43523675031048,34.72640855250092]]]},"properties":{"code":"28202079002","name":"長洲中通二丁目","jinko":1375,"addr_key":"28202|長洲中通2","addr_key_town":"28202|長洲中通2","n":[7,11],"w":[false,false],"neighbors":["28202078001","28202078002","28202078003","28202079001","28202079003","28202080001","28202080002","28202080003"]}},{"type":"Feature","geometry":{"type":"Polygon","coordinates":[[[135.43261339187558,34.72273732760489],[135.43223160658596,34.721880031075585],[135.43216916925505,34.72188636976622],[135.43197866360285,34.72092903081496],[135.43194435423487,34.7203859353126],[135.42995593053686,34.720495843604425],[135.42996713977774,34.72017572717583],[135.4298489837524,34.72012833865889],[135.4293982701304,34.72010690410855],[135.42932166228124,34.719601653108654],[135.42844917820483,34.71958640631258],[135.42843521084106,34.71997584774004],[135.4281622855329,34.720429310678156],[135.42811968918025,34.72069815835311],[135.42821921084393,34.72079402788024],[135.42874995228468,34.721114620722105],[135.4292287981139,34.72136722375486],[135.429140099741,34.721445349577124],[135.42943187610285,34.72171569301295],[135.42954108279665,34.721860068510985],[135.43025033676724,34.72369601908374],[135.43052824275344,34.72369055566576],[135.43131220737314,34.72349770101211],[135.43269911763173,34.72328531082948],[135.43255754387897,34.7228096658393],[135.43261339187558,34.72273732760489]]]},"properties":{"code":"28202079003","name":"長洲中通三丁目","jinko":1101,"addr_key":"28202|長洲中通3","addr_key_town":"28202|長洲中通3","n":[21,16],"w":[false,false],"neighbors":["282020012","28202018001","282020532","28202074004","28202077004","28202078003","28202079002","28202080003"]}},{"type":"Feature","geometry":{"type":"Polygon","coordinates":[[[135.4319570972565,34.73081924563299],[135.43336265529067,34.72889407177752],[135.43334033565628,34.72889638619024],[135.43273968768688,34.726104087293244],[135.42999100067607,34.72666342686319],[135.4300395945491,34.726835532707106],[135.42955927510738,34.72814696595552],[135.42989396814386,34.728157893066765],[135.430761305032,34.7310446955917],[135.4305381510016,34.731096428817494],[135.4307033985891,34.73204666701114],[135.43258429162523,34.731724884659776],[135.43271271351128,34.73115426457343],[135.4319570972565,34.73081924563299]]]},"properties":{"code":"28202080001","name":"長洲本通一丁目","jinko":1929,"addr_key":"28202|長洲本通1","addr_key_town":"28202|長洲本通1","n":[92,15],"w":[false,false],"neighbors":["28202065001","28202079001","28202079002","28202080002","28202081001","28202081002"]}},{"type":"Feature","geometry":{"type":"Polygon","coordinates":[[[135.4311975070219,34.726408167953544],[135.4302726736309,34.723811457567365],[135.4298766572862,34.723889960114136],[135.42936610553846,34.72406034203139],[135.42870190268508,34.72439647992512],[135.42999100067607,34.72666342686319],[135.4311975070219,34.726408167953544]]]},"properties":{"code":"28202080002","name":"長洲本通二丁目","jinko":655,"addr_key":"28202|長洲本通2","addr_key_town":"28202|長洲本通2","n":[18,3],"w":[false,false],"neighbors":["28202079002","28202080001","28202080003","28202081001","28202081002"]}},{"type":"Feature","geometry":{"type":"Polygon","coordinates":[[[135.4302726736309,34.723811457567365],[135.42954108279665,34.721860068510985],[135.42923207487112,34.721531567871516],[135.4289883816687,34.7216795437901],[135.42895175807638,34.72176100421344],[135.42873318045767,34.721866779687794],[135.42880585709082,34.72198359601821],[135.4279734973762,34.72239321880615],[135.42784102725668,34.72250258465756],[135.42793627793978,34.72266258036169],[135.427806439602,34.72271938472513],[135.42803414984513,34.723648790623244],[135.42822450047458,34.723612822921545],[135.42832481550738,34.72383691801769],[135.42870190268508,34.72439647992512],[135.42936610553846,34.72406034203139],[135.4298766572862,34.723889960114136],[135.4302726736309,34.723811457567365]]]},"properties":{"code":"28202080003","name":"長洲本通三丁目","jinko":574,"addr_key":"28202|長洲本通3","addr_key_town":"28202|長洲本通3","n":[8,3],"w":[false,false],"neighbors":["282020012","28202057002","28202079002","28202079003","28202080002","28202081002"]}},{"type":"Feature","geometry":{"type":"Polygon","coordinates":[[[135.4300395945491,34.726835532707106],[135.42999100067607,34.72666342686319],[135.42797560419186,34.72705511705676],[135.42780571056446,34.72989902283557],[135.42764071659462,34.731128584072884],[135.42781915292346,34.732396747800834],[135.42807076123478,34.73247744432051],[135.4307033985891,34.73204666701114],[135.4305381510016,34.731096428817494],[135.430761305032,34.7310446955917],[135.42989396814386,34.728157893066765],[135.42955927510738,34.72814696595552],[135.4300395945491,34.726835532707106]]]},"properties":{"code":"28202081001","name":"長洲西通一丁目","jinko":1098,"addr_key":"28202|長洲西通1","addr_key_town":"28202|長洲西通1","n":[51,17],"w":[false,false],"neighbors":["28202057001","28202057002","28202065001","28202065005","28202080001","28202080002","28202081002"]}},{"type":"Feature","geometry":{"type":"Polygon","coordinates":[[[135.42829444215852,34.72378346953105],[135.42822450047458,34.723612822921545],[135.42802253820338,34.72365146398341],[135.4280646419646,34.72407490323854],[135.4280294670683,34.72665725342123],[135.4280775235038,34.72687289549118],[135.42804177811252,34.72687979207545],[135.4280354454278,34.72704584631622],[135.42999100067607,34.72666342686319],[135.42878658013575,34.72451741362222],[135.42829444215852,34.72378346953105]]]},"properties":{"code":"28202081002","name":"長洲西通二丁目","jinko":557,"addr_key":"28202|長洲西通2","addr_key_town":"28202|長洲西通2","n":[18,5],"w":[false,false],"neighbors":["28202057002","28202080001","28202080002","28202080003","28202081001"]}},{"type":"Feature","geometry":{"type":"Polygon","coordinates":[[[135.4455353265523,34.72960031859117],[135.4455288024254,34.72934262066721],[135.4420676011125,34.72995818586397],[135.44091647903306,34.730217133436945],[135.44093050708682,34.73083379086362],[135.4409752020333,34.730846342164575],[135.44100570382093,34.731265518652805],[135.44103455064845,34.73258305587819],[135.44214765554,34.73280883960903],[135.44390650559149,34.73324253075955],[135.44464686246857,34.73339394400968],[135.44521940155857,34.73345448929017],[135.44552123154392,34.734002738092016],[135.447137119525,34.73301720981737],[135.44650699522958,34.73219322654486],[135.4460748012559,34.73149095450668],[135.445906103156,34.731143610718185],[135.4456684325483,34.730366456780295],[135.4455353265523,34.72960031859117]]]},"properties":{"code":"28202082001","name":"西川一丁目","jinko":886,"addr_key":"28202|西川1","addr_key_town":"28202|西川1","n":[18,14],"w":[false,false],"neighbors":["28202054201","28202054202","28202071001","28202071004","28202082002"]}},{"type":"Feature","geometry":{"type":"Polygon","coordinates":[[[135.44328827431738,34.73636674869318],[135.44427852573816,34.735408516041524],[135.44560270135494,34.735580930244176],[135.4455895088837,34.73583768028798],[135.44540182034984,34.736639006352114],[135.44586775737682,34.736643196867746],[135.44593936411007,34.73621942630405],[135.44590615682327,34.73608423112255],[135.44575125340958,34.73581197492317],[135.44575428685172,34.73559926318353],[135.44583636638788,34.73506581462797],[135.44603641427074,34.73439790184987],[135.44608826375887,34.73433291792242],[135.44747502094793,34.733379340638606],[135.447137119525,34.73301720981737],[135.44552123154392,34.734002738092016],[135.44521940155857,34.73345448929017],[135.44464686246857,34.73339394400968],[135.44390650559149,34.73324253075955],[135.44214765554,34.73280883960903],[135.44103455064845,34.73258305587819],[135.4411342338203,34.733788253096016],[135.44122736638852,34.73558860334765],[135.44125073108282,34.73676379032741],[135.44233939893667,34.73691824292522],[135.44233490650777,34.737047866730784],[135.44328827431738,34.73636674869318]]]},"properties":{"code":"28202082002","name":"西川二丁目","jinko":2365,"addr_key":"28202|西川2","addr_key_town":"28202|西川2","n":[49,28],"w":[false,false],"neighbors":["28202054201","28202054202","28202054203","28202062001","28202062004","282020660","28202082001"]}},{"type":"Feature","geometry":{"type":"Polygon","coordinates":[[[135.38681737636082,34.73303474272278],[135.38710010322188,34.730144518058225],[135.37964668895358,34.73189248200062],[135.38007804631724,34.733080549903775],[135.38178067920296,34.73259165741836],[135.382043398333,34.73264348516595],[135.3820746469049,34.73274012413423],[135.38669789370593,34.73303070424178],[135.38681737636082,34.73303474272278]]]},"properties":{"code":"28202083001","name":"稲葉荘一丁目","jinko":1588,"addr_key":"28202|稲葉荘1","addr_key_town":"28202|稲葉荘1","n":[34,22],"w":[false,false],"neighbors":["28202083002","28202104003","28202104004","28202105001"]}},{"type":"Feature","geometry":{"type":"Polygon","coordinates":[[[135.3806731583471,34.73528586863966],[135.38667904578813,34.73515001108195],[135.38681737636082,34.73303474272278],[135.3820746469049,34.73274012413423],[135.382043398333,34.73264348516595],[135.381780679203,34.73259165741839],[135.38007804631724,34.733080549903775],[135.38041316016125,34.73415816703938],[135.3806731583471,34.73528586863966]]]},"properties":{"code":"28202083002","name":"稲葉荘二丁目","jinko":1781,"addr_key":"28202|稲葉荘2","addr_key_town":"28202|稲葉荘2","n":[46,22],"w":[false,false],"neighbors":["28202083001","28202083003","28202084003","28202104003"]}},{"type":"Feature","geometry":{"type":"Polygon","coordinates":[[[135.38662165270256,34.73686694814867],[135.38667904578813,34.73515001108195],[135.3806731583471,34.73528586863966],[135.38069704366978,34.735772737836584],[135.3806255264414,34.7366500307685],[135.38241586502423,34.736628992514305],[135.38381170679435,34.73677542412152],[135.3857502456447,34.73685025014703],[135.38662165270256,34.73686694814867]]]},"properties":{"code":"28202083003","name":"稲葉荘三丁目","jinko":362,"addr_key":"28202|稲葉荘3","addr_key_town":"28202|稲葉荘3","n":[19,9],"w":[false,false],"neighbors":["28202083002","28202083004","28202084002","28202084003"]}},{"type":"Feature","geometry":{"type":"Polygon","coordinates":[[[135.3818725428054,34.73909648900408],[135.3865268528347,34.73903802697096],[135.38662165270256,34.73686694814867],[135.38430117215083,34.73680500724816],[135.38303932856414,34.736710528982385],[135.38241586502423,34.736628992514305],[135.3806255264414,34.7366500307685],[135.38052878268334,34.73746809405051],[135.38013304719829,34.73906032107939],[135.3818725428054,34.73909648900408]]]},"properties":{"code":"28202083004","name":"稲葉荘四丁目","jinko":1697,"addr_key":"28202|稲葉荘4","addr_key_town":"28202|稲葉荘4","n":[24,16],"w":[false,false],"neighbors":["28202083003","28202084001","28202084002","282021202","28202121212"]}},{"type":"Feature","geometry":{"type":"Polygon","coordinates":[[[135.38952801914115,34.73902599233752],[135.38954910206778,34.73820872467053],[135.38965134008674,34.73796993810117],[135.38656495980123,34.73786552148817],[135.3865268528347,34.73903802697096],[135.38952801914115,34.73902599233752]]]},"properties":{"code":"28202084001","name":"稲葉元町一丁目","jinko":722,"addr_key":"28202|稲葉元町1","addr_key_town":"28202|稲葉元町1","n":[12,7],"w":[false,false],"neighbors":["28202083004","28202084002","28202102105","28202120102","282021202","28202121212"]}},{"type":"Feature","geometry":{"type":"Polygon","coordinates":[[[135.38965134008674,34.73796993810117],[135.39015564101294,34.73698607836912],[135.39025950121595,34.73700236105128],[135.39044139902325,34.73686950887287],[135.39074414343324,34.73676039794192],[135.39075231629147,34.73613578663834],[135.39080756212175,34.73601234274212],[135.39020099615874,34.73602478715007],[135.3900925673506,34.73598473968959],[135.38946690882528,34.735991853253694],[135.38933855000224,34.735954231430064],[135.38745123909942,34.73598817508637],[135.38745087659913,34.73575774186673],[135.38735077207687,34.735627332106816],[135.38723968893743,34.73555265486404],[135.38666472863528,34.73563551658691],[135.38656495980123,34.73786552148817],[135.38965134008674,34.73796993810117]]]},"properties":{"code":"28202084002","name":"稲葉元町二丁目","jinko":928,"addr_key":"28202|稲葉元町2","addr_key_town":"28202|稲葉元町2","n":[22,19],"w":[false,false],"neighbors":["28202083003","28202083004","28202084001","28202084003","28202102104","28202102105"]}},{"type":"Feature","geometry":{"type":"Polygon","coordinates":[[[135.39077470680195,34.73601164184182],[135.3907372879424,34.735303616776896],[135.39076751391542,34.734106104887964],[135.3890178197462,34.73396351359703],[135.38673763401908,34.73395788259597],[135.38666472863528,34.73563551658691],[135.38723968893743,34.73555265486404],[135.38735077207687,34.735627332106816],[135.38745087659913,34.73575774186673],[135.38745123909942,34.73598817508637],[135.38933855000224,34.735954231430064],[135.38946690882528,34.735991853253694],[135.3900925673506,34.73598473968959],[135.39020099615874,34.73602478715007],[135.39077470680195,34.73601164184182]]]},"properties":{"code":"28202084003","name":"稲葉元町三丁目","jinko":852,"addr_key":"28202|稲葉元町3","addr_key_town":"28202|稲葉元町3","n":[26,8],"w":[false,false],"neighbors":["28202083002","28202083003","28202084002","28202102104","28202104002","28202104003"]}},{"type":"Feature","geometry":{"type":"Polygon","coordinates":[[[135.39145196979746,34.71479908978224],[135.39109995224973,34.71055072195887],[135.39100410045057,34.70901111484702],[135.3902625470943,34.70900907291958],[135.38749388997925,34.708904640889095],[135.38734199117093,34.70895088403598],[135.3871012157598,34.70896239657944],[135.38801307870673,34.714922887560704],[135.38899429563958,34.71481976475966],[135.38977100922042,34.714798689836066],[135.39050595688065,34.71485347204448],[135.39150095759712,34.715049395297484],[135.39145196979746,34.71479908978224]]]},"properties":{"code":"28202085001","name":"元浜町一丁目","jinko":1345,"addr_key":"28202|元浜町1","addr_key_town":"28202|元浜町1","n":[14,21],"w":[false,false],"neighbors":["28202085002","28202085005","28202087005","28202087006","28202089001","28202089002"]}},{"type":"Feature","geometry":{"type":"Polygon","coordinates":[[[135.3879428166216,34.71443372584112],[135.3875314709393,34.71173179175918],[135.38713404685865,34.71171859506296],[135.38625235837003,34.711778729783155],[135.3861792101619,34.712379841868476],[135.3858690947334,34.7123315202609],[135.38474951806873,34.71246412117133],[135.3845999482371,34.713187170685835],[135.38466855600888,34.713742971949124],[135.38469570321317,34.71431110426452],[135.3879428166216,34.71443372584112]]]},"properties":{"code":"28202085002","name":"元浜町二丁目","jinko":1040,"addr_key":"28202|元浜町2","addr_key_town":"28202|元浜町2","n":[18,13],"w":[false,false],"neighbors":["28202085001","28202085003","28202085004","28202085005","28202089002","28202089003","28202089004"]}},{"type":"Feature","geometry":{"type":"Polygon","coordinates":[[[135.3814069969907,34.71486214529638],[135.38402990572607,34.714281622208304],[135.38469570321317,34.71431110426452],[135.38466855600888,34.713742971949124],[135.3845999482371,34.713187170685835],[135.38474936657482,34.712452148904724],[135.38367445022425,34.71266451892037],[135.38286407407608,34.712693321423195],[135.38213954347805,34.712543475353634],[135.3807724302327,34.71283721126361],[135.3814069969907,34.71486214529638]]]},"properties":{"code":"28202085003","name":"元浜町三丁目","jinko":772,"addr_key":"28202|元浜町3","addr_key_town":"28202|元浜町3","n":[11,8],"w":[false,false],"neighbors":["28202085002","28202085004","28202085005","28202089003","28202089004"]}},{"type":"Feature","geometry":{"type":"Polygon","coordinates":[[[135.3807724302327,34.71283721126361],[135.38213954347805,34.712543475353634],[135.38286407407608,34.712693321423195],[135.38367445022425,34.71266451892037],[135.38474936657482,34.712452148904724],[135.38463615601248,34.71155289318483],[135.3844798837709,34.71103840888638],[135.38445106347854,34.710566916933246],[135.38429541520253,34.7105869909121],[135.38408497068994,34.7092885232092],[135.3842696724211,34.70921932133608],[135.38408636004172,34.70918258448566],[135.38380328193765,34.70903894683674],[135.37970426276885,34.70957052314287],[135.38010060057678,34.710675842051614],[135.3807724302327,34.71283721126361]]]},"properties":{"code":"28202085004","name":"元浜町四丁目","jinko":787,"addr_key":"28202|元浜町4","addr_key_town":"28202|元浜町4","n":[10,8],"w":[false,false],"neighbors":["28202085002","28202085003","28202085005","282020970"]}},{"type":"Feature","geometry":{"type":"Polygon","coordinates":[[[135.38474951806873,34.71246412117133],[135.3858690947334,34.7123315202609],[135.3861792101619,34.712379841868476],[135.38625235837003,34.711778729783155],[135.38713404685865,34.71171859506296],[135.3875314709393,34.71173179175918],[135.3871012157598,34.70896239657944],[135.3842696724211,34.70921932133608],[135.38408497068994,34.7092885232092],[135.38429541520253,34.7105869909121],[135.38445106347854,34.710566916933246],[135.3844798837709,34.71103840888638],[135.38463615601248,34.71155289318483],[135.38474951806873,34.71246412117133]]]},"properties":{"code":"28202085005","name":"元浜町五丁目","jinko":456,"addr_key":"28202|元浜町5","addr_key_town":"28202|元浜町5","n":[3,null],"w":[false,true],"neighbors":["28202085001","28202085002","28202085003","28202085004"]}},{"type":"Feature","geometry":{"type":"Polygon","coordinates":[[[135.39082646259249,34.70846203248878],[135.39086039630274,34.708387788041755],[135.39107342777973,34.706987917874486],[135.3914757075016,34.706995567220744],[135.39148983199235,34.70689937964335],[135.39107713399,34.70689027037868],[135.39173980099503,34.70235550626149],[135.3895001922921,34.70113291041765],[135.38975266563756,34.70084958024439],[135.38936257183863,34.70065095563709],[135.38900783590813,34.70099348256085],[135.3882572812867,34.702023001443905],[135.38823524620256,34.70214785092577],[135.38786579219368,34.7026413599593],[135.38700742234136,34.70435723137689],[135.38685230710036,34.70459971877581],[135.3863855818375,34.70505758679358],[135.38633219063598,34.705326101978685],[135.38637018882912,34.7067226824791],[135.3866617145685,34.70857585899833],[135.3874483514135,34.70849470918541],[135.3883066328684,34.708495058227015],[135.38863717068125,34.708500658795614],[135.38875995004443,34.70854566060452],[135.39052821798023,34.7086150480408],[135.39071096021135,34.70856670331763],[135.39082646259249,34.70846203248878]]]},"properties":{"code":"28202086001","name":"大浜町一丁目","jinko":0,"addr_key":"28202|大浜町1","addr_key_town":"28202|大浜町1","n":[null,null],"w":[true,true],"neighbors":["28202086002","282020920","282020960","28202106001"]}},{"type":"Feature","geometry":{"type":"Polygon","coordinates":[[[135.38371481624588,34.700576859497616],[135.38209256993102,34.699868024410776],[135.38105382833385,34.70012948097362],[135.382375550097,34.703992073695],[135.38278485618153,34.70502980047513],[135.38408977828,34.70869757384399],[135.38418496556883,34.70879958230986],[135.3843316084611,34.70882987332811],[135.3866617145685,34.70857585899833],[135.38637018882912,34.7067226824791],[135.38633219063598,34.705326101978685],[135.3863855818375,34.70505758679358],[135.38685230710036,34.70459971877581],[135.38700742234136,34.70435723137689],[135.38786579219368,34.7026413599593],[135.38805808148487,34.702379115928096],[135.38713460734576,34.702013656361615],[135.38404386582178,34.70093913961036],[135.38371481624588,34.700576859497616]]]},"properties":{"code":"28202086002","name":"大浜町二丁目","jinko":0,"addr_key":"28202|大浜町2","addr_key_town":"28202|大浜町2","n":[null,4],"w":[true,false],"neighbors":["28202086001","282020960"]}},{"type":"Feature","geometry":{"type":"Polygon","coordinates":[[[135.4007556074911,34.7179947733206],[135.40059954061994,34.71778372737459],[135.3998506092652,34.71790339918042],[135.3987702276564,34.717996245867994],[135.39703421105426,34.71789577188588],[135.39652089708036,34.717820368421656],[135.39656794697427,34.71818422093913],[135.39769072347147,34.71848334044393],[135.39874430522937,34.71868780741269],[135.39922544041124,34.71874810830172],[135.3999965143087,34.71876445513139],[135.40131394038949,34.718639513755164],[135.401121500684,34.71836596602454],[135.4007556074911,34.7179947733206]]]},"properties":{"code":"28202087001","name":"道意町一丁目","jinko":340,"addr_key":"28202|道意町1","addr_key_town":"28202|道意町1","n":[14,4],"w":[false,false],"neighbors":["28202039003","28202040003","28202087002","28202087003","28202087004","282020930","282021000"]}},{"type":"Feature","geometry":{"type":"Polygon","coordinates":[[[135.40029095042283,34.716973398036615],[135.3981101881293,34.71648848986261],[135.39803081916978,34.71795439856377],[135.39889741481275,34.71799090655289],[135.3998506092652,34.71790339918042],[135.40059954061994,34.71778372737459],[135.40037303812835,34.71742751003565],[135.40029095042283,34.716973398036615]]]},"properties":{"code":"28202087002","name":"道意町二丁目","jinko":258,"addr_key":"28202|道意町2","addr_key_town":"28202|道意町2","n":[5,3],"w":[false,false],"neighbors":["28202040003","28202087001","28202087003","28202087007"]}},{"type":"Feature","geometry":{"type":"Polygon","coordinates":[[[135.3981101881293,34.71648848986261],[135.39632501110023,34.71610386894211],[135.3965257127655,34.71780356375634],[135.39703421105426,34.71789577188588],[135.39803081916978,34.71795439856377],[135.3981101881293,34.71648848986261]]]},"properties":{"code":"28202087003","name":"道意町三丁目","jinko":328,"addr_key":"28202|道意町3","addr_key_town":"28202|道意町3","n":[7,4],"w":[false,false],"neighbors":["28202087001","28202087002","28202087004","28202087006","28202087007"]}},{"type":"Feature","geometry":{"type":"Polygon","coordinates":[[[135.39632501110023,34.71610386894211],[135.3944424088437,34.7156836947783],[135.39438069656745,34.71709507634462],[135.3944574338657,34.7171266673613],[135.3943701605124,34.71738052377085],[135.39443139953238,34.71739536485797],[135.39439149187407,34.71750774147591],[135.3955510959141,34.717804426164165],[135.39656794697427,34.71818422093913],[135.39632501110023,34.71610386894211]]]},"properties":{"code":"28202087004","name":"道意町四丁目","jinko":477,"addr_key":"28202|道意町4","addr_key_town":"28202|道意町4","n":[12,4],"w":[false,false],"neighbors":["28202087001","28202087003","28202087005","28202087006","28202087007","282020930","282021000"]}},{"type":"Feature","geometry":{"type":"Polygon","coordinates":[[[135.3943701605124,34.71738052377085],[135.3944574338657,34.7171266673613],[135.39438069656745,34.71709507634462],[135.3944424088437,34.7156836947783],[135.39150095759712,34.715049395297484],[135.39127080790487,34.71688734408692],[135.39193139829658,34.716941916012715],[135.39232590274202,34.717011325026775],[135.39320429005815,34.71724331839091],[135.39325764693712,34.71723369960986],[135.39439149187407,34.71750774147591],[135.39443139953238,34.71739536485797],[135.3943701605124,34.71738052377085]]]},"properties":{"code":"28202087005","name":"道意町五丁目","jinko":581,"addr_key":"28202|道意町5","addr_key_town":"28202|道意町5","n":[10,5],"w":[false,false],"neighbors":["28202085001","28202087004","28202087006","28202089001","282021000","28202103004"]}},{"type":"Feature","geometry":{"type":"Polygon","coordinates":[[[135.39549856639468,34.709110775328035],[135.39100410045057,34.70901111484702],[135.39109995224973,34.71055072195887],[135.39133406218602,34.71317572148455],[135.3913895260447,34.714115335490796],[135.39150095759712,34.715049395297484],[135.39632501110023,34.71610386894211],[135.39549856639468,34.709110775328035]]]},"properties":{"code":"28202087006","name":"道意町六丁目","jinko":1718,"addr_key":"28202|道意町6","addr_key_town":"28202|道意町6","n":[20,29],"w":[false,false],"neighbors":["28202085001","28202087003","28202087004","28202087005","28202087007","28202089001","282020920"]}},{"type":"Feature","geometry":{"type":"Polygon","coordinates":[[[135.4000663740192,34.70925858966842],[135.39550078275636,34.70912413820496],[135.39632501110023,34.71610386894211],[135.39983009604381,34.71687080514874],[135.39984645648076,34.71566787139526],[135.39990917223415,34.71470737233218],[135.40011097808988,34.71415118754253],[135.40070757848127,34.71212239664624],[135.40076539496278,34.7114912689106],[135.40070677342334,34.71087200832464],[135.4006378115293,34.71055596367236],[135.40032245043471,34.70953524925345],[135.4002276351623,34.70933761023569],[135.4000663740192,34.70925858966842]]]},"properties":{"code":"28202087007","name":"道意町七丁目","jinko":4,"addr_key":"28202|道意町7","addr_key_town":"28202|道意町7","n":[28,18],"w":[false,false],"neighbors":["28202087002","28202087003","28202087004","28202087006"]}},{"type":"Feature","geometry":{"type":"Polygon","coordinates":[[[135.39315946678641,34.726294207804735],[135.39049952466578,34.726205571455566],[135.39025521098745,34.729383236724416],[135.3916848652628,34.728871660714795],[135.3935705220761,34.728045246285035],[135.3931110322309,34.72728524941736],[135.39315946678641,34.726294207804735]]]},"properties":{"code":"28202088001","name":"大庄中通一丁目","jinko":1266,"addr_key":"28202|大庄中通1","addr_key_town":"28202|大庄中通1","n":[22,16],"w":[false,false],"neighbors":["28202088002","282021010","28202104004","28202104005","28202105003"]}},{"type":"Feature","geometry":{"type":"Polygon","coordinates":[[[135.39323874854875,34.72455806692457],[135.39064172433643,34.72446943898772],[135.39049952466578,34.726205571455544],[135.39315946678641,34.726294207804735],[135.39323874854875,34.72455806692457]]]},"properties":{"code":"28202088002","name":"大庄中通二丁目","jinko":801,"addr_key":"28202|大庄中通2","addr_key_town":"28202|大庄中通2","n":[19,8],"w":[false,false],"neighbors":["28202088001","28202088003","282020940","282021010","28202103003","28202105003"]}},{"type":"Feature","geometry":{"type":"Polygon","coordinates":[[[135.3923116914469,34.7225006298842],[135.39081594018188,34.722481604818],[135.39064172433643,34.72446943898772],[135.39323874854875,34.72455806692457],[135.39334758423982,34.72256475291866],[135.3923140285583,34.722530187805575],[135.3923116914469,34.7225006298842]]]},"properties":{"code":"28202088003","name":"大庄中通三丁目","jinko":827,"addr_key":"28202|大庄中通3","addr_key_town":"28202|大庄中通3","n":[16,9],"w":[false,false],"neighbors":["28202088002","28202088004","282020940","282020980","282021010","28202103003"]}},{"type":"Feature","geometry":{"type":"Polygon","coordinates":[[[135.39334758423982,34.72256475291866],[135.39341289296374,34.721064239225875],[135.3909313262548,34.721125871034225],[135.39081594018188,34.722481604818],[135.3923116914469,34.7225006298842],[135.3923140285583,34.722530187805575],[135.39334758423982,34.72256475291866]]]},"properties":{"code":"28202088004","name":"大庄中通四丁目","jinko":207,"addr_key":"28202|大庄中通4","addr_key_town":"28202|大庄中通4","n":[4,null],"w":[false,true],"neighbors":["28202088003","28202088005","282020940","282020980","282021000","28202103003","28202103004"]}},{"type":"Feature","geometry":{"type":"Polygon","coordinates":[[[135.39207161549948,34.719029080437814],[135.39112453515176,34.71875555592028],[135.3909313262548,34.721125871034225],[135.3923365994903,34.72109483414298],[135.39207161549948,34.719029080437814]]]},"properties":{"code":"28202088005","name":"大庄中通五丁目","jinko":373,"addr_key":"28202|大庄中通5","addr_key_town":"28202|大庄中通5","n":[9,null],"w":[false,true],"neighbors":["28202088004","282021000","28202103003","28202103004"]}},{"type":"Feature","geometry":{"type":"Polygon","coordinates":[[[135.39127080790487,34.71688734408692],[135.39150095759712,34.715049395297484],[135.39050595688065,34.71485347204448],[135.38977100922042,34.71479868983608],[135.38899429563958,34.71481976475966],[135.38801307870673,34.714922887560704],[135.38812278735298,34.71560341712615],[135.388236997954,34.7156039820915],[135.3883574865313,34.71638090745143],[135.38825305857588,34.71639545502594],[135.3882895143113,34.716662501531204],[135.38862715059028,34.716640860061716],[135.38910926367055,34.71667163240154],[135.39127080790487,34.71688734408692]]]},"properties":{"code":"28202089001","name":"武庫川町一丁目","jinko":445,"addr_key":"28202|武庫川町1","addr_key_town":"28202|武庫川町1","n":[8,4],"w":[false,false],"neighbors":["28202085001","28202087005","28202087006","28202089002","282021000","28202103004"]}},{"type":"Feature","geometry":{"type":"Polygon","coordinates":[[[135.3879428166216,34.71443372584112],[135.38621909059162,34.714382655330915],[135.38629003655197,34.715662512029496],[135.38609777773766,34.71569228054794],[135.38620290398097,34.71715673178534],[135.38685382669573,34.71691307453198],[135.3874140018963,34.71675048603448],[135.3882895143113,34.716662501531204],[135.38825305857588,34.71639545502594],[135.3883574865313,34.71638090745143],[135.388236997954,34.7156039820915],[135.38812278735298,34.71560341712615],[135.3879428166216,34.71443372584112]]]},"properties":{"code":"28202089002","name":"武庫川町二丁目","jinko":657,"addr_key":"28202|武庫川町2","addr_key_town":"28202|武庫川町2","n":[15,7],"w":[false,false],"neighbors":["28202085001","28202085002","28202089001","28202089003","28202103001","28202103004"]}},{"type":"Feature","geometry":{"type":"Polygon","coordinates":[[[135.38621909059162,34.714382655330915],[135.38469570321317,34.71431110426452],[135.3846945144601,34.715066400977676],[135.38459359786972,34.715974823983686],[135.38463515402168,34.716225758475865],[135.38475540946772,34.71656222168737],[135.3849779103672,34.71765210648246],[135.38620290398097,34.71715673178534],[135.38609777773766,34.71569228054794],[135.38629003655197,34.715662512029496],[135.38621909059162,34.714382655330915]]]},"properties":{"code":"28202089003","name":"武庫川町三丁目","jinko":695,"addr_key":"28202|武庫川町3","addr_key_town":"28202|武庫川町3","n":[8,4],"w":[false,false],"neighbors":["28202085002","28202085003","28202089002","28202089004","28202103001"]}},{"type":"Feature","geometry":{"type":"Polygon","coordinates":[[[135.38469570321317,34.71431110426452],[135.38402990572607,34.714281622208304],[135.3814069969907,34.71486214529638],[135.3819008917453,34.716245616030804],[135.3828609050404,34.718438006989985],[135.3849779103672,34.71765210648246],[135.38475540946772,34.71656222168737],[135.38463515402168,34.716225758475865],[135.38459359786972,34.715974823983686],[135.3846945144601,34.715066400977676],[135.38469570321317,34.71431110426452]]]},"properties":{"code":"28202089004","name":"武庫川町四丁目","jinko":722,"addr_key":"28202|武庫川町4","addr_key_town":"28202|武庫川町4","n":[48,9],"w":[false,false],"neighbors":["28202085002","28202085003","28202089003","28202103001"]}},{"type":"Feature","geometry":{"type":"Polygon","coordinates":[[[135.4013015811919,34.724832100895085],[135.39735677996615,34.724683114297136],[135.39756275582562,34.72636055062127],[135.4013015811919,34.724832100895085]]]},"properties":{"code":"28202090001","name":"崇徳院一丁目","jinko":375,"addr_key":"28202|崇徳院1","addr_key_town":"28202|崇徳院1","n":[9,null],"w":[false,true],"neighbors":["28202090002","28202091004","28202091005","282020940","282021010"]}},{"type":"Feature","geometry":{"type":"Polygon","coordinates":[[[135.40030482803806,34.72281510635786],[135.3971126162576,34.722700360070654],[135.39735081272212,34.72468297883499],[135.4013015811919,34.724832100895085],[135.40182543919803,34.724663129454925],[135.40168441708965,34.724375760960804],[135.40165541527756,34.724024025766134],[135.40168517720662,34.72372501696707],[135.4018404133965,34.72318728901153],[135.40030119201862,34.72313656229902],[135.40030482803806,34.72281510635786]]]},"properties":{"code":"28202090002","name":"崇徳院二丁目","jinko":1263,"addr_key":"28202|崇徳院2","addr_key_town":"28202|崇徳院2","n":[20,16],"w":[false,false],"neighbors":["282020170","28202018009","28202019009","28202020009","28202090001","28202090003","28202091005","282020940","282020980","282021010"]}},{"type":"Feature","geometry":{"type":"Polygon","coordinates":[[[135.40196353384505,34.722102068674204],[135.40184393175022,34.72143083068359],[135.4013042871624,34.72153106440071],[135.40085613934963,34.72157006813355],[135.399911741872,34.721522006892194],[135.39972297232745,34.72147464443231],[135.3989859146813,34.721106433515445],[135.3985383260925,34.7209889377805],[135.39824936188558,34.72097653565374],[135.39691933922234,34.721114217011774],[135.3971126162576,34.722700360070654],[135.40030482803806,34.72281510635786],[135.40030119201862,34.72313656229902],[135.4018404133965,34.72318728901153],[135.4019796995635,34.72267632184306],[135.40196353384505,34.722102068674204]]]},"properties":{"code":"28202090003","name":"崇徳院三丁目","jinko":1295,"addr_key":"28202|崇徳院3","addr_key_town":"28202|崇徳院3","n":[23,10],"w":[false,false],"neighbors":["28202020009","28202021009","28202022006","28202037003","28202090002","282020930","282020940","282020980","282021000"]}},{"type":"Feature","geometry":{"type":"Polygon","coordinates":[[[135.39867623960973,34.731616274073765],[135.3986276866334,34.73156190762416],[135.39585527476112,34.731716120601185],[135.39596066097747,34.733012871433495],[135.39602237784754,34.73303599669077],[135.39877090080034,34.73247252858802],[135.39907111080055,34.732341021142446],[135.3994931968202,34.731948011620084],[135.39922442561056,34.73175063739141],[135.39867623960973,34.731616274073765]]]},"properties":{"code":"28202091001","name":"浜田町一丁目","jinko":406,"addr_key":"28202|浜田町1","addr_key_town":"28202|浜田町1","n":[12,4],"w":[false,false],"neighbors":["28202091002","28202102103","28202104001","28202114001"]}},{"type":"Feature","geometry":{"type":"Polygon","coordinates":[[[135.3994931968202,34.731948011620084],[135.40040436626495,34.73101336616173],[135.40072380219888,34.729895162112626],[135.39733826443717,34.73009973324949],[135.39573148701962,34.730147403709466],[135.39585527476112,34.731716120601185],[135.3986276866334,34.73156190762416],[135.39870576246182,34.73163686177875],[135.39922442561056,34.73175063739141],[135.3994931968202,34.731948011620084]]]},"properties":{"code":"28202091002","name":"浜田町二丁目","jinko":848,"addr_key":"28202|浜田町2","addr_key_town":"28202|浜田町2","n":[15,18],"w":[false,false],"neighbors":["28202091001","28202091003","28202104001","28202104005","28202114001","28202114002"]}},{"type":"Feature","geometry":{"type":"Polygon","coordinates":[[[135.39664169390144,34.730128205184236],[135.40072380219888,34.729895162112626],[135.4007876961352,34.72969600115643],[135.40078698766823,34.7295412114248],[135.40064881672086,34.72825419405254],[135.40068507580128,34.72817485766461],[135.40077998265085,34.72811247330949],[135.39982112357822,34.72809355100461],[135.3997450471756,34.72822746277625],[135.39575700844821,34.728086797200966],[135.39573148701962,34.730147403709466],[135.39664169390144,34.730128205184236]]]},"properties":{"code":"28202091003","name":"浜田町三丁目","jinko":1046,"addr_key":"28202|浜田町3","addr_key_town":"28202|浜田町3","n":[17,7],"w":[false,false],"neighbors":["28202091002","28202091004","28202104001","28202104005","28202114002"]}},{"type":"Feature","geometry":{"type":"Polygon","coordinates":[[[135.3997450471756,34.72822746277625],[135.39982112357822,34.72809355100461],[135.40077998265085,34.72811247330949],[135.40196651598555,34.727276108162826],[135.4020508616778,34.72700414262202],[135.4008791884399,34.72651884797609],[135.40050219288017,34.72682681616251],[135.4005188481976,34.726881602485946],[135.39759383709648,34.72678269314464],[135.39756275582562,34.72636055062127],[135.39576633203205,34.72714807610141],[135.39575700844821,34.728086797200966],[135.3997450471756,34.72822746277625]]]},"properties":{"code":"28202091004","name":"浜田町四丁目","jinko":879,"addr_key":"28202|浜田町4","addr_key_town":"28202|浜田町4","n":[15,9],"w":[false,false],"neighbors":["282020170","28202090001","28202091003","28202091005","282021010","28202104005","28202114002"]}},{"type":"Feature","geometry":{"type":"Polygon","coordinates":[[[135.4019257661596,34.7269329273435],[135.40191606855274,34.72613240857517],[135.4018311000183,34.72549467128835],[135.4017007528742,34.72512889526383],[135.40173130550144,34.72493777237653],[135.40162945701024,34.72472527509334],[135.39987898170304,34.725396994759556],[135.39756275582562,34.72636055062127],[135.39759383709648,34.72678269314464],[135.4005188481976,34.726881602485946],[135.40050219288017,34.72682681616251],[135.4008791884399,34.72651884797609],[135.4019257661596,34.7269329273435]]]},"properties":{"code":"28202091005","name":"浜田町五丁目","jinko":747,"addr_key":"28202|浜田町5","addr_key_town":"28202|浜田町5","n":[11,9],"w":[false,false],"neighbors":["282020170","28202090001","28202090002","28202091004","282021010"]}},{"type":"Feature","geometry":{"type":"Polygon","coordinates":[[[135.39921204619407,34.70530709911588],[135.39395998094955,34.704963295187945],[135.3918449725831,34.70478722266473],[135.39159363270056,34.70664606219952],[135.39154886467344,34.70690070024053],[135.39148983199235,34.70689937964335],[135.3914757075016,34.70699556722073],[135.3915380680807,34.70699714130483],[135.39135587436417,34.70829335383189],[135.39136712597607,34.70840678846261],[135.39146814654293,34.70853761855663],[135.39169494487814,34.70860045174942],[135.3945748872529,34.70871171130406],[135.39538233532048,34.70868484191599],[135.39542370985416,34.70909917061876],[135.39556753825616,34.70908256809495],[135.3955289874858,34.70870878226599],[135.39556609301016,34.708709446618364],[135.39556869548105,34.70874632843753],[135.39944022416552,34.708885717642765],[135.39998928751987,34.70879429233702],[135.40007105874386,34.70870709036437],[135.40010664152942,34.70858240243994],[135.3997835606737,34.70782248047141],[135.3994965795835,34.70740311728127],[135.39921204619407,34.70530709911588]]]},"properties":{"code":"282020920","name":"中浜町","jinko":0,"addr_key":"28202|中浜町","addr_key_town":"28202|中浜町","n":[3,null],"w":[false,true],"neighbors":["28202086001","28202087006","282020950"]}},{"type":"Feature","geometry":{"type":"Polygon","coordinates":[[[135.40179955236027,34.72099739518696],[135.40150060217928,34.719146795206456],[135.40131394038949,34.718639513755164],[135.40019730796752,34.71875903378262],[135.39922544041124,34.71874810830172],[135.39874430522937,34.71868780741269],[135.3978233753598,34.71851162017307],[135.39656794697427,34.71818422093913],[135.39691933922234,34.721114217011774],[135.39824936188558,34.72097653565374],[135.3985383260925,34.7209889377805],[135.3989859146813,34.72110643351549],[135.39981873344533,34.72150577880158],[135.40085613934963,34.72157006813355],[135.4013042871624,34.72153106440071],[135.40184393175022,34.72143083068359],[135.40179955236027,34.72099739518696]]]},"properties":{"code":"282020930","name":"蓬川町","jinko":2307,"addr_key":"28202|蓬川町","addr_key_town":"28202|蓬川町","n":[59,26],"w":[false,false],"neighbors":["28202022006","28202037003","28202038003","28202039003","28202040003","28202087001","28202087004","28202090003","282020980","282021000"]}},{"type":"Feature","geometry":{"type":"Polygon","coordinates":[[[135.3971126162576,34.722700360070654],[135.39334758423982,34.72256475291866],[135.39323874854875,34.72455806692457],[135.39735081272212,34.72468297883499],[135.3971126162576,34.722700360070654]]]},"properties":{"code":"282020940","name":"菜切山町","jinko":290,"addr_key":"28202|菜切山町","addr_key_town":"28202|菜切山町","n":[11,7],"w":[false,false],"neighbors":["28202088002","28202088003","28202088004","28202090001","28202090002","28202090003","282020980","282021010"]}},{"type":"Feature","geometry":{"type":"Polygon","coordinates":[[[135.3918449725831,34.70478722266473],[135.39395998094955,34.704963295187945],[135.39921204619407,34.70530709911588],[135.3990655995486,34.704188554531534],[135.39754150675068,34.70169753943727],[135.39725372802317,34.70129973115523],[135.39677563875878,34.70112992758797],[135.39656817290418,34.70112370145512],[135.39634981927483,34.70137251938007],[135.3962788213678,34.7013686284887],[135.39366564874717,34.702127833883075],[135.393473445832,34.70203484269586],[135.3922647108314,34.70234547229639],[135.3922002033937,34.70242265670127],[135.3918449725831,34.70478722266473]]]},"properties":{"code":"282020950","name":"鶴町","jinko":0,"addr_key":"28202|鶴町","addr_key_town":"28202|鶴町","n":[0,null],"w":[false,true],"neighbors":["282020920"]}},{"type":"Feature","geometry":{"type":"Polygon","coordinates":[[[135.38900783590807,34.70099348256082],[135.3895341239877,34.70048861687285],[135.3895581129132,34.70040361309754],[135.38930314516514,34.70026256097933],[135.38859243683368,34.699050692167596],[135.38864437318273,34.6990178478086],[135.38841809097232,34.69864384816959],[135.38836034995649,34.69864969885916],[135.38809490330786,34.69820673444506],[135.38811307796394,34.69817403974159],[135.38804830568026,34.69814304554906],[135.38786219787576,34.69784363538355],[135.38776556418551,34.697882358301094],[135.38781229728397,34.69795675135486],[135.38774068190463,34.69798441275811],[135.38686415701937,34.6965161885928],[135.38693365464394,34.696489391672436],[135.3869759805246,34.69655945647392],[135.3870693378985,34.69651808613349],[135.38695972428764,34.69630619239866],[135.38697249443752,34.696284531818925],[135.38693961725528,34.69627396861635],[135.3865715404063,34.69565059851798],[135.38511621877146,34.696219354061284],[135.38507612257195,34.69615025536754],[135.38503963295,34.69586786650007],[135.38469701570634,34.69543583820409],[135.38408600536823,34.69441254383739],[135.3838469642455,34.69438937969726],[135.3834579389355,34.69376619596175],[135.38331600925574,34.69368177280288],[135.3831135379516,34.69363744778955],[135.38165844733345,34.69110962234241],[135.3811459494267,34.69131415937584],[135.38101047406184,34.69123390617492],[135.3809347982938,34.691223566453495],[135.37895560551013,34.69169402061075],[135.3788729898856,34.6917488126706],[135.37883824870403,34.691813478777554],[135.3788528667276,34.691918006010305],[135.38008787100168,34.69475435805689],[135.37991226871472,34.69501559335033],[135.37989597672012,34.695313229512955],[135.37983019313532,34.695472540615164],[135.37968976807312,34.69562248766529],[135.37950862446553,34.69571460728774],[135.38105382833385,34.70012948097362],[135.382092569931,34.69986802441076],[135.3837148162459,34.70057685949762],[135.38404386582178,34.70093913961036],[135.38713460734576,34.702013656361615],[135.38805808148487,34.702379115928075],[135.38823524620256,34.70214785092577],[135.3882572812867,34.702023001443905],[135.38900783590807,34.70099348256082]]]},"properties":{"code":"282020960","name":"扇町","jinko":0,"addr_key":"28202|扇町","addr_key_town":"28202|扇町","n":[5,null],"w":[false,true],"neighbors":["28202086001","28202086002","28202106001","28202106002"]}},{"type":"Feature","geometry":{"type":"Polygon","coordinates":[[[135.3791957709435,34.69681260906749],[135.3783594220415,34.69601711655805],[135.37738638592367,34.696299664592516],[135.3783948129164,34.698866715156434],[135.37841061076278,34.700774683533005],[135.37589565097937,34.70139649015442],[135.37913889003215,34.70801645723149],[135.37970426276885,34.70957052314287],[135.38380328193765,34.70903894683674],[135.3836291695602,34.70885310061926],[135.38350619295716,34.70864399455838],[135.3828531127724,34.70663305100318],[135.3822391297821,34.70503448519138],[135.38214345881352,34.70489374140482],[135.37947846339964,34.69730884258981],[135.3791957709435,34.69681260906749]]]},"properties":{"code":"282020970","name":"丸島町","jinko":114,"addr_key":"28202|丸島町","addr_key_town":"28202|丸島町","n":[0,5],"w":[false,false],"neighbors":["28202085004","282020990"]}},{"type":"Feature","geometry":{"type":"Polygon","coordinates":[[[135.3971126162576,34.722700360070654],[135.39691933922234,34.721114217011774],[135.39622194768407,34.72115971970363],[135.3939072908894,34.72099290603711],[135.39341289296374,34.721064239225875],[135.39334758423982,34.72256475291866],[135.3971126162576,34.722700360070654]]]},"properties":{"code":"282020980","name":"琴浦町","jinko":606,"addr_key":"28202|琴浦町","addr_key_town":"28202|琴浦町","n":[12,6],"w":[false,false],"neighbors":["28202088003","28202088004","28202090002","28202090003","282020930","282020940","282021000"]}},{"type":"Feature","geometry":{"type":"Polygon","coordinates":[[[135.3783594220415,34.69601711655805],[135.37831127554747,34.69597188797124],[135.37816593562735,34.69560886030357],[135.37841689042222,34.69516864309629],[135.37858031503487,34.694976101905596],[135.3772855077031,34.69199081122198],[135.3771315919372,34.69155576709936],[135.37532648953172,34.68729831661344],[135.37535010447908,34.68727107224497],[135.37530077450523,34.6871651514963],[135.3767702916581,34.685731020347674],[135.3727335668051,34.68216332915421],[135.37129739251608,34.680850466007875],[135.3685486037185,34.68321764555368],[135.3724013066575,34.68988143408496],[135.37445536453916,34.69493906669372],[135.37559982150594,34.6976060129839],[135.3756299700941,34.697691541646236],[135.37405426872763,34.696861589296695],[135.37589565097943,34.701396490154394],[135.37841061076278,34.70077468353298],[135.37839481291638,34.69886671515642],[135.37738638592367,34.696299664592516],[135.3783594220415,34.69601711655805]]]},"properties":{"code":"282020990","name":"平左衛門町","jinko":0,"addr_key":"28202|平左衛門町","addr_key_town":"28202|平左衛門町","n":[null,5],"w":[true,false],"neighbors":["282020970"]}},{"type":"Feature","geometry":{"type":"Polygon","coordinates":[[[135.39691933922234,34.721114217011774],[135.39656794697427,34.71818422093913],[135.3955510959141,34.717804426164165],[135.39388554764872,34.71737968019516],[135.39320429005815,34.71724331839091],[135.39232590274202,34.717011325026775],[135.39193139829658,34.716941916012715],[135.39127080790487,34.71688734408692],[135.39112453515176,34.71875555592028],[135.39207161549948,34.719029080437814],[135.3923365994903,34.72109483414298],[135.39341289296374,34.721064239225875],[135.3939072908894,34.72099290603711],[135.39622194768407,34.72115971970363],[135.39691933922234,34.721114217011774]]]},"properties":{"code":"282021000","name":"水明町","jinko":189,"addr_key":"28202|水明町","addr_key_town":"28202|水明町","n":[51,11],"w":[false,false],"neighbors":["28202087001","28202087004","28202087005","28202088004","28202088005","28202089001","28202090003","282020930","282020980","28202103004"]}},{"type":"Feature","geometry":{"type":"Polygon","coordinates":[[[135.39735677996615,34.724683114297136],[135.39323874854875,34.72455806692457],[135.3931110322309,34.72728524941736],[135.3935705220761,34.728045246285035],[135.39504049779492,34.72746116794986],[135.39756275582562,34.72636055062127],[135.39735677996615,34.724683114297136]]]},"properties":{"code":"282021010","name":"大庄川田町","jinko":958,"addr_key":"28202|大庄川田町","addr_key_town":"28202|大庄川田町","n":[19,7],"w":[false,false],"neighbors":["28202088001","28202088002","28202088003","28202090001","28202090002","28202091004","28202091005","282020940","28202104005"]}},{"type":"Feature","geometry":{"type":"Polygon","coordinates":[[[135.39600299976956,34.73525613296058],[135.3932524689418,34.735049647188475],[135.39309614401876,34.73582259548749],[135.39300523782669,34.73598578876468],[135.39261637639981,34.736459335388496],[135.39253735116242,34.73717301553277],[135.394837330178,34.73728554445],[135.39518056383736,34.737287483314525],[135.396019902248,34.737171007015704],[135.39784405388392,34.737207053519064],[135.39840501885152,34.73739032396395],[135.3982522538193,34.73532255059281],[135.39713950977497,34.73537101333685],[135.39718072324564,34.735105148820324],[135.39631683985746,34.73516156104275],[135.39600299976956,34.73525613296058]]]},"properties":{"code":"28202102102","name":"西立花町二丁目","jinko":2161,"addr_key":"28202|西立花町2","addr_key_town":"28202|西立花町2","n":[40,12],"w":[false,false],"neighbors":["28202102103","28202102104","28202102105","28202102201","28202113001"]}},{"type":"Feature","geometry":{"type":"Polygon","coordinates":[[[135.3982522538193,34.73532255059281],[135.39804656088745,34.732611688600024],[135.39602237784754,34.73303599669077],[135.39596066097747,34.733012871433495],[135.39596589481948,34.73308198412117],[135.39374923164561,34.733546375535035],[135.39362499173734,34.73363098149394],[135.39350318831458,34.73365908435623],[135.3932524689418,34.735049647188475],[135.39600299976956,34.73525613296058],[135.39631683985746,34.73516156104275],[135.39718072324564,34.735105148820324],[135.39713950977497,34.73537101333685],[135.39769545598105,34.735356717324365],[135.3982522538193,34.73532255059281]]]},"properties":{"code":"28202102103","name":"西立花町三丁目","jinko":1656,"addr_key":"28202|西立花町3","addr_key_town":"28202|西立花町3","n":[32,14],"w":[false,false],"neighbors":["28202091001","28202102102","28202102104","28202104001","28202113001","28202114001"]}},{"type":"Feature","geometry":{"type":"Polygon","coordinates":[[[135.39311536213413,34.7357708769443],[135.39350318831458,34.73365908435623],[135.3933345126424,34.733683933018234],[135.39301852090279,34.73380330576056],[135.39190348939914,34.7337990472846],[135.39186738538805,34.73419924213763],[135.39076751391542,34.734106104887964],[135.3907372879424,34.735303616776896],[135.39077470680195,34.73601164184182],[135.39080756212175,34.73601234274212],[135.39075231629147,34.73613578663834],[135.39074414343324,34.73676039794192],[135.39044139902325,34.73686950887287],[135.39025950121595,34.73700236105128],[135.39104011585377,34.73710404491679],[135.39253735116242,34.73717301553277],[135.39261637639981,34.736459335388496],[135.39300523782669,34.73598578876468],[135.39311536213413,34.7357708769443]]]},"properties":{"code":"28202102104","name":"西立花町四丁目","jinko":1023,"addr_key":"28202|西立花町4","addr_key_town":"28202|西立花町4","n":[24,9],"w":[false,false],"neighbors":["28202084002","28202084003","28202102102","28202102103","28202102105","28202102201","28202104001","28202104002"]}},{"type":"Feature","geometry":{"type":"Polygon","coordinates":[[[135.39104011585377,34.73710404491679],[135.39015564101294,34.736986078369135],[135.39005181025814,34.73715318461696],[135.38954910206778,34.73820872467053],[135.38952801914115,34.73902599233752],[135.39163838998712,34.73901796133504],[135.3927792103085,34.73897874946577],[135.39277368419647,34.738465251440324],[135.39253749543727,34.73767923734662],[135.39253735116242,34.73717301553277],[135.39104011585377,34.73710404491679]]]},"properties":{"code":"28202102105","name":"西立花町五丁目","jinko":278,"addr_key":"28202|西立花町5","addr_key_town":"28202|西立花町5","n":[4,null],"w":[false,true],"neighbors":["28202084001","28202084002","28202102102","28202102104","28202102201","28202120101","28202120102"]}},{"type":"Feature","geometry":{"type":"Polygon","coordinates":[[[135.3927792103085,34.73897874946577],[135.3942762809893,34.738825152924974],[135.39848003523397,34.738064486980335],[135.39844125186042,34.737508322166846],[135.39840501885152,34.73739032396395],[135.39784405388392,34.737207053519064],[135.396019902248,34.737171007015704],[135.39518056383736,34.737287483314525],[135.394837330178,34.73728554445],[135.39253735116242,34.73717301553277],[135.39253749543727,34.73767923734662],[135.39277368419647,34.738465251440324],[135.3927792103085,34.73897874946577]]]},"properties":{"code":"28202102201","name":"西立花町一丁目","jinko":1281,"addr_key":"28202|西立花町1","addr_key_town":"28202|西立花町1","n":[57,null],"w":[false,true],"neighbors":["28202102102","28202102104","28202102105","28202113001","28202116001","28202116004","28202120101"]}},{"type":"Feature","geometry":{"type":"Polygon","coordinates":[[[135.38851717950726,34.7203914627705],[135.38791818175585,34.71669204999997],[135.3874140018963,34.71675048603448],[135.38685382669573,34.71691307453198],[135.3849779103672,34.71765210648246],[135.3828609050404,34.718438006989985],[135.38388525372284,34.720473329147204],[135.38406621852485,34.7209832203498],[135.38414860423762,34.72134662537981],[135.38852943064867,34.7211952173881],[135.38851717950726,34.7203914627705]]]},"properties":{"code":"28202103001","name":"大庄西町一丁目","jinko":1935,"addr_key":"28202|大庄西町1","addr_key_town":"28202|大庄西町1","n":[69,17],"w":[false,false],"neighbors":["28202089002","28202089003","28202089004","28202103002","28202103003","28202103004"]}},{"type":"Feature","geometry":{"type":"Polygon","coordinates":[[[135.3873130205086,34.72500711486496],[135.38757912998784,34.725065808030664],[135.3876096746788,34.72491173040931],[135.3880318670296,34.725090070366335],[135.38838933448724,34.72265652943172],[135.38852943064867,34.7211952173881],[135.38414860423762,34.72134662537981],[135.38423539972075,34.722213834674115],[135.38416677275904,34.72285757681944],[135.3841115718173,34.72307229492891],[135.38395763359142,34.72343843842465],[135.38329591117397,34.724668742799025],[135.3849759311737,34.725083320201605],[135.3850760156304,34.72479581662122],[135.38520835170547,34.724845807305755],[135.38557664760336,34.72476305147404],[135.38602316559047,34.72476131753872],[135.38643028162565,34.72485429389896],[135.38690907591658,34.72485509544731],[135.38707127482942,34.72513442068312],[135.38722686538432,34.72513476847136],[135.387226582975,34.72503180559966],[135.3873130205086,34.72500711486496]]]},"properties":{"code":"28202103002","name":"大庄西町二丁目","jinko":1601,"addr_key":"28202|大庄西町2","addr_key_town":"28202|大庄西町2","n":[32,10],"w":[false,false],"neighbors":["28202103001","28202103003","28202103004","28202105002","28202105003"]}},{"type":"Feature","geometry":{"type":"Polygon","coordinates":[[[135.39063634050285,34.72451568576966],[135.3909313262548,34.721125871034225],[135.38852943064867,34.7211952173881],[135.38838933448724,34.72265652943172],[135.38812457354513,34.72450443938596],[135.39063634050285,34.72451568576966]]]},"properties":{"code":"28202103003","name":"大庄西町三丁目","jinko":1136,"addr_key":"28202|大庄西町3","addr_key_town":"28202|大庄西町3","n":[22,10],"w":[false,false],"neighbors":["28202088002","28202088003","28202088004","28202088005","28202103001","28202103002","28202103004","28202105003"]}},{"type":"Feature","geometry":{"type":"Polygon","coordinates":[[[135.39127080790487,34.71688734408692],[135.38862715059028,34.716640860061716],[135.38791818175585,34.71669204999997],[135.38851717950726,34.7203914627705],[135.38852943064867,34.7211952173881],[135.3909313262548,34.721125871034225],[135.39127080790487,34.71688734408692]]]},"properties":{"code":"28202103004","name":"大庄西町四丁目","jinko":1649,"addr_key":"28202|大庄西町4","addr_key_town":"28202|大庄西町4","n":[29,13],"w":[false,false],"neighbors":["28202087005","28202088004","28202088005","28202089001","28202089002","282021000","28202103001","28202103002","28202103003"]}},{"type":"Feature","geometry":{"type":"Polygon","coordinates":[[[135.39596589481948,34.733081984121135],[135.39573148701962,34.730147403709466],[135.39447932122604,34.73009520111595],[135.39444209681795,34.731087969003084],[135.39191822567628,34.731052150779014],[135.3919407262534,34.732490061432514],[135.39190348939914,34.7337990472846],[135.39301852090279,34.73380330576056],[135.3933345126424,34.733683933018234],[135.39362499173734,34.73363098149394],[135.39374923164561,34.73354637553501],[135.39596589481948,34.733081984121135]]]},"properties":{"code":"28202104001","name":"大庄北一丁目","jinko":1084,"addr_key":"28202|大庄北1","addr_key_town":"28202|大庄北1","n":[15,10],"w":[false,false],"neighbors":["28202091001","28202091002","28202091003","28202102103","28202102104","28202104002","28202104004","28202104005"]}},{"type":"Feature","geometry":{"type":"Polygon","coordinates":[[[135.39191822567628,34.731052150779014],[135.3905553441047,34.73104847718455],[135.39010734260899,34.73109067158625],[135.39006871202506,34.731990212525176],[135.39010915871765,34.734056740505835],[135.39186738538805,34.73419924213763],[135.39193651094823,34.73282884882276],[135.39191822567628,34.731052150779014]]]},"properties":{"code":"28202104002","name":"大庄北二丁目","jinko":536,"addr_key":"28202|大庄北2","addr_key_town":"28202|大庄北2","n":[10,null],"w":[false,true],"neighbors":["28202084003","28202102104","28202104001","28202104003","28202104004","28202104005"]}},{"type":"Feature","geometry":{"type":"Polygon","coordinates":[[[135.39010915871765,34.734056740505835],[135.39006871202506,34.731990212525176],[135.39010734260899,34.73109067158625],[135.3886220322471,34.731065782810475],[135.3884081296107,34.73112284784537],[135.38798454883127,34.73116679585565],[135.38780810816226,34.731137614760286],[135.38779780680636,34.73102488011922],[135.38702060371764,34.7310327234973],[135.38673763401908,34.73395788259597],[135.3888671947691,34.733959042255705],[135.39010915871765,34.734056740505835]]]},"properties":{"code":"28202104003","name":"大庄北三丁目","jinko":1282,"addr_key":"28202|大庄北3","addr_key_town":"28202|大庄北3","n":[36,12],"w":[false,false],"neighbors":["28202083001","28202083002","28202084003","28202104002","28202104004"]}},{"type":"Feature","geometry":{"type":"Polygon","coordinates":[[[135.38790679768363,34.731163805391766],[135.3884081296107,34.73112284784537],[135.3886220322471,34.73106578281046],[135.38978800023492,34.73109386056199],[135.3905553441047,34.73104847718455],[135.39191822567628,34.731052150779014],[135.39189136520918,34.73010219051059],[135.39185022618165,34.73010043469303],[135.391797399376,34.72963664219867],[135.39170399163459,34.72951603742646],[135.39191154579333,34.72898787032302],[135.3916848652628,34.728871660714795],[135.39025521098745,34.729383236724416],[135.38906794595846,34.729698041202816],[135.38710010322188,34.730144518058225],[135.38702060371764,34.7310327234973],[135.38779780680636,34.73102488011922],[135.38780810816226,34.731137614760286],[135.38790679768363,34.731163805391766]]]},"properties":{"code":"28202104004","name":"大庄北四丁目","jinko":1142,"addr_key":"28202|大庄北4","addr_key_town":"28202|大庄北4","n":[44,13],"w":[false,false],"neighbors":["28202083001","28202088001","28202104001","28202104002","28202104003","28202104005","28202105001","28202105003"]}},{"type":"Feature","geometry":{"type":"Polygon","coordinates":[[[135.39444209681795,34.731087969003084],[135.39447932122604,34.73009520111595],[135.39573148701962,34.730147403709466],[135.39576633203205,34.72714807610141],[135.3935705220761,34.728045246285035],[135.3916848652628,34.728871660714795],[135.39191154579333,34.72898787032302],[135.39170399163459,34.72951603742646],[135.391797399376,34.72963664219867],[135.39185022618165,34.73010043469303],[135.39189136520918,34.73010219051059],[135.39191822567628,34.731052150779014],[135.39444209681795,34.731087969003084]]]},"properties":{"code":"28202104005","name":"大庄北五丁目","jinko":1028,"addr_key":"28202|大庄北5","addr_key_town":"28202|大庄北5","n":[21,15],"w":[false,false],"neighbors":["28202088001","28202091002","28202091003","28202091004","282021010","28202104001","28202104002","28202104004"]}},{"type":"Feature","geometry":{"type":"Polygon","coordinates":[[[135.38707993648845,34.72812414336862],[135.38370998045437,34.728050660779964],[135.383022682609,34.727941640754594],[135.3824442256482,34.727933519566804],[135.38119547813568,34.72718306799079],[135.38070893920803,34.7276991218982],[135.3803442716064,34.72822032439074],[135.37992796431809,34.72897634584549],[135.3797483214677,34.7294508777428],[135.3795664245066,34.73037644652481],[135.37952259891472,34.73078445704218],[135.3795531590675,34.73140226562698],[135.37964668895358,34.73189248200062],[135.3866399134409,34.73023413151417],[135.38720365044315,34.73013010159805],[135.3875695225169,34.728200906458746],[135.38707534207947,34.728145311352364],[135.38707993648845,34.72812414336862]]]},"properties":{"code":"28202105001","name":"大島一丁目","jinko":1804,"addr_key":"28202|大島1","addr_key_town":"28202|大島1","n":[59,17],"w":[false,false],"neighbors":["28202083001","28202104004","28202105002","28202105003"]}},{"type":"Feature","geometry":{"type":"Polygon","coordinates":[[[135.3875695225169,34.728200906458746],[135.3880318670296,34.725090070366335],[135.3876096746788,34.72491173040931],[135.38757912998784,34.725065808030664],[135.38733386716902,34.72499637026769],[135.387226582975,34.72503180559966],[135.38722686538432,34.72513476847136],[135.38707127482942,34.72513442068312],[135.38690907591658,34.72485509544731],[135.38643028162565,34.72485429389896],[135.38602316559047,34.72476131753872],[135.38557664760336,34.72476305147404],[135.38520835170547,34.724845807305755],[135.3850760156304,34.72479581662122],[135.3849759311737,34.725083320201605],[135.38329591117397,34.724668742799025],[135.3828011931777,34.72543996377903],[135.381875595611,34.72660210471146],[135.38119547813568,34.72718306799079],[135.3824442256482,34.727933519566804],[135.383022682609,34.727941640754594],[135.38370998045437,34.728050660779964],[135.38707993648845,34.72812414336862],[135.38707534207947,34.728145311352364],[135.3875695225169,34.728200906458746]]]},"properties":{"code":"28202105002","name":"大島二丁目","jinko":1332,"addr_key":"28202|大島2","addr_key_town":"28202|大島2","n":[18,7],"w":[false,false],"neighbors":["28202103002","28202105001","28202105003"]}},{"type":"Feature","geometry":{"type":"Polygon","coordinates":[[[135.39063634050285,34.72451568576966],[135.38812457354513,34.72450443938596],[135.3875695225169,34.728200906458746],[135.38720365044315,34.73013010159805],[135.38906794595846,34.729698041202816],[135.39025521098745,34.729383236724416],[135.39063634050285,34.72451568576966]]]},"properties":{"code":"28202105003","name":"大島三丁目","jinko":1288,"addr_key":"28202|大島3","addr_key_town":"28202|大島3","n":[27,17],"w":[false,false],"neighbors":["28202088001","28202088002","28202103002","28202103003","28202104004","28202105001","28202105002"]}},{"type":"Feature","geometry":{"type":"Polygon","coordinates":[[[135.39308509194112,34.696071914789734],[135.39262236811044,34.69632819422344],[135.39119054047794,34.69723952304957],[135.38882643050843,34.69714512485767],[135.3875356909793,34.69764163897993],[135.38774068190463,34.69798441275811],[135.38781229728397,34.69795675135486],[135.38776556418551,34.697882358301094],[135.38786219787576,34.69784363538355],[135.38804830568026,34.69814304554906],[135.38811307796394,34.69817403974159],[135.38809490330786,34.69820673444506],[135.38836034995649,34.69864969885916],[135.38841809097232,34.69864384816959],[135.38864437318273,34.6990178478086],[135.38859243683368,34.699050692167596],[135.38930314516514,34.70026256097933],[135.3895581129132,34.70040361309754],[135.3895341239877,34.70048861687285],[135.38936257183863,34.70065095563707],[135.38975266563756,34.70084958024439],[135.3899647686796,34.70069083387054],[135.39018742213767,34.700637499462374],[135.3919304942945,34.70150744565693],[135.3922850264584,34.70158452697726],[135.39268819135725,34.70158343261275],[135.39289565455735,34.701556001552675],[135.39623775404968,34.700611738376296],[135.3948906244586,34.698905253631395],[135.39484630250794,34.698853379931734],[135.39471792439912,34.698803080056585],[135.39311019449005,34.70111396503114],[135.3925324771648,34.701262358377384],[135.39230643996387,34.701250791692054],[135.39215937692566,34.701193467180005],[135.3922793622329,34.701012976564975],[135.39205757780965,34.70048569394253],[135.39329980339346,34.6986918329839],[135.39337006898668,34.69872545297081],[135.39338069495508,34.69870282381565],[135.39330711362064,34.698670078232716],[135.39366358062085,34.69811807113812],[135.3936968835001,34.69799495524453],[135.39369510010954,34.6978552403251],[135.39364426577995,34.69772059844825],[135.3933450236247,34.69730413840177],[135.3937921614762,34.69699545185615],[135.39308509194112,34.696071914789734]]]},"properties":{"code":"28202106001","name":"末広町一丁目","jinko":0,"addr_key":"28202|末広町1","addr_key_town":"28202|末広町1","n":[null,4],"w":[true,false],"neighbors":["28202086001","282020960","28202106002"]}},{"type":"Feature","geometry":{"type":"Polygon","coordinates":[[[135.39308509194112,34.696071914789734],[135.39202738106337,34.694690383136496],[135.391782624713,34.69466714477697],[135.38975979676232,34.69201626535126],[135.38919917513056,34.69185475138328],[135.38884728828566,34.69170692992683],[135.38870786618386,34.6916855948744],[135.3863675872963,34.69238902446018],[135.3851870486904,34.692782573799725],[135.3860462294496,34.694266414091935],[135.386093033395,34.69472998448499],[135.38612117285422,34.69479735255704],[135.38622619975945,34.69483588889082],[135.38623366799666,34.6950819013495],[135.38693961725528,34.69627396861635],[135.38697249443752,34.696284531818925],[135.38695972428764,34.69630619239866],[135.3870693378985,34.69651808613349],[135.3869759805246,34.69655945647392],[135.38693365464394,34.696489391672436],[135.38686415701937,34.6965161885928],[135.3875356909793,34.69764163897993],[135.38882643050843,34.69714512485767],[135.39119054047794,34.69723952304957],[135.39262236811044,34.69632819422344],[135.39308509194112,34.696071914789734]]]},"properties":{"code":"28202106002","name":"末広町二丁目","jinko":0,"addr_key":"28202|末広町2","addr_key_town":"28202|末広町2","n":[4,null],"w":[false,true],"neighbors":["282020960","28202106001"]}},{"type":"Feature","geometry":{"type":"Polygon","coordinates":[[[135.4118317448051,34.7527451767214],[135.41179359708863,34.75652212525613],[135.4157412276459,34.756559433904734],[135.4157104722604,34.755122338930214],[135.41573038830902,34.75336323303603],[135.415755602176,34.75335314967699],[135.41576650728192,34.75316206062427],[135.41582135291696,34.753160445600095],[135.41583411242024,34.752908774128336],[135.4118317448051,34.7527451767214]]]},"properties":{"code":"28202108001","name":"塚口町一丁目","jinko":2534,"addr_key":"28202|塚口町1","addr_key_town":"28202|塚口町1","n":[151,21],"w":[false,false],"neighbors":["28202108002","28202108003","28202108004","28202115108","28202115201","28202115202","28202125101","28202125102"]}},{"type":"Feature","geometry":{"type":"Polygon","coordinates":[[[135.4157412276459,34.756559433904734],[135.41179359708863,34.75652212525613],[135.4118122237889,34.75975531076306],[135.41248952557504,34.75979014362327],[135.41275923369685,34.75947294944481],[135.41300645406838,34.75938244043483],[135.41304017930182,34.75925269933757],[135.41336970746562,34.75922498156641],[135.41389908471695,34.75911872357565],[135.41413730589102,34.758808707373426],[135.41423665954676,34.758640353576695],[135.41430999359946,34.75842701898984],[135.4144776820876,34.75825087391115],[135.4146427724198,34.75793460645532],[135.4148519080557,34.757691611250934],[135.41492342658145,34.75751561717695],[135.41561560093092,34.75680013796582],[135.41573063289826,34.75675488642966],[135.4157412276459,34.756559433904734]]]},"properties":{"code":"28202108002","name":"塚口町二丁目","jinko":1498,"addr_key":"28202|塚口町2","addr_key_town":"28202|塚口町2","n":[16,4],"w":[false,false],"neighbors":["28202108001","28202108003","28202108004","28202125102"]}},{"type":"Feature","geometry":{"type":"Polygon","coordinates":[[[135.41179359708863,34.75652212525613],[135.41182858694822,34.752745063328845],[135.40790665915898,34.75256526858589],[135.40786625062984,34.7531948026753],[135.40794032758095,34.75351866724991],[135.40804020170197,34.753561589097906],[135.40803605476907,34.755066189313915],[135.40813681317488,34.755065298743894],[135.40813833357092,34.7557822134951],[135.40924982922073,34.75579604636944],[135.40923468928727,34.756543250112315],[135.4096821684577,34.75649844369762],[135.41179359708863,34.75652212525613]]]},"properties":{"code":"28202108003","name":"塚口町三丁目","jinko":1813,"addr_key":"28202|塚口町3","addr_key_town":"28202|塚口町3","n":[11,6],"w":[false,false],"neighbors":["28202108001","28202108002","28202108004","28202108005","28202115108","28202115201"]}},{"type":"Feature","geometry":{"type":"Polygon","coordinates":[[[135.4084111163608,34.76071392781054],[135.40848879240096,34.76037322793538],[135.40902111254303,34.760341475766225],[135.40951750593084,34.76036863298394],[135.40954731778154,34.76026568931573],[135.40985795679043,34.760360125021066],[135.4106451028778,34.76067879397174],[135.41070452699074,34.76058291134907],[135.41078582863062,34.76027894038369],[135.41122169756915,34.76036381041195],[135.41161440151475,34.76033807160301],[135.41180871500072,34.760260147869786],[135.41179359708863,34.75652212525613],[135.4096821684577,34.75649844369762],[135.40923468928727,34.756543250112315],[135.40898177546012,34.756477598512376],[135.40878511260397,34.75647933813683],[135.408530344888,34.75656680569244],[135.4083181057801,34.756545019456304],[135.40812931284802,34.75791842944273],[135.4081550144354,34.75791975103978],[135.40791317397316,34.76044198157655],[135.4078165367019,34.76051128949626],[135.4074849660208,34.760606194263005],[135.4076402292636,34.760576511954355],[135.40778559508345,34.760658891762176],[135.40814891909952,34.76065032833207],[135.4084111163608,34.76071392781054]]]},"properties":{"code":"28202108004","name":"塚口町四丁目","jinko":2094,"addr_key":"28202|塚口町4","addr_key_town":"28202|塚口町4","n":[41,6],"w":[false,false],"neighbors":["28202108001","28202108002","28202108003","28202108005","28202108006"]}},{"type":"Feature","geometry":{"type":"Polygon","coordinates":[[[135.408530344888,34.75656680569244],[135.40878511260397,34.75647933813683],[135.40898177546012,34.756477598512376],[135.40923468928727,34.756543250112315],[135.40924982922073,34.75579604636944],[135.40813833357092,34.7557822134951],[135.40813681317488,34.755065298743894],[135.40803605476907,34.755066189313915],[135.40804020170197,34.753561589097906],[135.40794032758095,34.75351866724991],[135.40786625062984,34.7531948026753],[135.40790665915898,34.75256526858589],[135.40490751890079,34.75242961473489],[135.40493483253698,34.75291305308125],[135.4052835714941,34.75477033220207],[135.40550653763907,34.75570854331401],[135.40562988569548,34.75601591808827],[135.40569254567978,34.75631523661982],[135.4073561572056,34.75640393672139],[135.40812583626246,34.75648389939086],[135.40835265300777,34.75655738999235],[135.408530344888,34.75656680569244]]]},"properties":{"code":"28202108005","name":"塚口町五丁目","jinko":1130,"addr_key":"28202|塚口町5","addr_key_town":"28202|塚口町5","n":[15,3],"w":[false,false],"neighbors":["28202108003","28202108004","28202108006","28202115108","28202124001","28202124002"]}},{"type":"Feature","geometry":{"type":"Polygon","coordinates":[[[135.40586816893165,34.76215038887387],[135.40615035424003,34.76199113127958],[135.40655293743552,34.762035185985226],[135.40663644240664,34.76197317794146],[135.40666224943192,34.76187055130821],[135.40662872878056,34.7611599741305],[135.406590167021,34.7609363626282],[135.40666144391628,34.760595157344916],[135.40705969002394,34.76068713708472],[135.40742791295122,34.76072092845806],[135.4074508792112,34.76062283406862],[135.4078165367019,34.76051128949626],[135.40791317397318,34.76044198157658],[135.4081550144354,34.75791975103978],[135.40812931284802,34.75791842944273],[135.4083181057801,34.756545019456304],[135.40812583626246,34.75648389939086],[135.4073561572056,34.75640393672139],[135.40569254567978,34.75631523661982],[135.40564736866943,34.75647085167887],[135.40558779800475,34.75651616801552],[135.4049490858615,34.75673898979887],[135.40460957459808,34.756911847836335],[135.40442871032187,34.75711288554202],[135.40434923541014,34.7572754222955],[135.40420137008064,34.757772095870564],[135.4041827382385,34.75903906961283],[135.4046271136842,34.76018632463412],[135.40516847323173,34.760926792770185],[135.40577108376453,34.76211955362234],[135.4058445831995,34.76221383939928],[135.40586816893165,34.76215038887387]]]},"properties":{"code":"28202108006","name":"塚口町六丁目","jinko":2288,"addr_key":"28202|塚口町6","addr_key_town":"28202|塚口町6","n":[19,null],"w":[false,true],"neighbors":["28202108004","28202108005","28202124002","28202124003","28202124004"]}},{"type":"Feature","geometry":{"type":"Polygon","coordinates":[[[135.40423382269492,34.74921557040061],[135.40210733280887,34.74918821735456],[135.40188500500392,34.74914354874084],[135.40121881187522,34.749223065023],[135.40048253035172,34.749147129178425],[135.3999425773454,34.74918426107586],[135.39886896608195,34.749190290883924],[135.39886660363365,34.75219127495412],[135.40419384416742,34.7524150553858],[135.40423382269492,34.74921557040061]]]},"properties":{"code":"28202110001","name":"上ノ島町一丁目","jinko":2690,"addr_key":"28202|上ノ島町1","addr_key_town":"28202|上ノ島町1","n":[39,6],"w":[false,false],"neighbors":["28202110002","28202111002","28202115108","28202121102","28202123102","28202124001"]}},{"type":"Feature","geometry":{"type":"Polygon","coordinates":[[[135.40423382269492,34.74921557040061],[135.40427592708204,34.74714695390288],[135.40089991579225,34.747068597701315],[135.40089010558518,34.74724136603227],[135.39887365532573,34.747188621179724],[135.39886896608195,34.749190290883924],[135.3999425773454,34.74918426107586],[135.40048253035172,34.749147129178425],[135.40121881187522,34.749223065023],[135.40188500500392,34.74914354874084],[135.40210733280887,34.74918821735456],[135.40299909262512,34.749179673214066],[135.40423382269492,34.74921557040061]]]},"properties":{"code":"28202110002","name":"上ノ島町二丁目","jinko":2124,"addr_key":"28202|上ノ島町2","addr_key_town":"28202|上ノ島町2","n":[24,9],"w":[false,false],"neighbors":["28202110001","28202110003","28202111002","28202121102"]}},{"type":"Feature","geometry":{"type":"Polygon","coordinates":[[[135.40089010558518,34.74724136603227],[135.40089991579225,34.747068597701315],[135.40427592708204,34.74714695390288],[135.40428973528228,34.746047494645076],[135.40449248063203,34.74434226399422],[135.39892256325052,34.74446357498067],[135.39887365532573,34.747188621179724],[135.40089010558518,34.74724136603227]]]},"properties":{"code":"28202110003","name":"上ノ島町三丁目","jinko":2034,"addr_key":"28202|上ノ島町3","addr_key_town":"28202|上ノ島町3","n":[45,26],"w":[false,false],"neighbors":["28202110002","28202111002","28202116003","28202120103","28202121102"]}},{"type":"Feature","geometry":{"type":"Polygon","coordinates":[[[135.41066352222794,34.74548401257532],[135.41117971123802,34.74412277122753],[135.4101450408577,34.744232783380546],[135.40740835604134,34.74429500570535],[135.4073960716244,34.74548980640095],[135.40741634124552,34.74567202900734],[135.40747939282997,34.74582387165503],[135.4074041232228,34.74611285661701],[135.40743616537472,34.74616933687801],[135.40747335450357,34.74665691355029],[135.4075256606684,34.74810932108628],[135.40821528691197,34.747962237367105],[135.4087912033872,34.74771206758397],[135.4092452079371,34.747429874356705],[135.40983146962344,34.7468060739648],[135.4101655447267,34.74637507357216],[135.41066352222794,34.74548401257532]]]},"properties":{"code":"28202111001","name":"栗山町一丁目","jinko":1723,"addr_key":"28202|栗山町1","addr_key_town":"28202|栗山町1","n":[22,10],"w":[false,false],"neighbors":["28202111002","28202115107","28202117001","28202117002","28202117003"]}},{"type":"Feature","geometry":{"type":"Polygon","coordinates":[[[135.40740835604134,34.74429500570535],[135.4044971803247,34.74430968553551],[135.40428973528228,34.746047494645076],[135.4042332578134,34.74925106965347],[135.40569554578894,34.74928072265917],[135.40573774395526,34.749006819460234],[135.40589045757835,34.748708419772385],[135.4060326824811,34.74852293344937],[135.4061893485622,34.74841197076714],[135.40658779918934,34.74826661892399],[135.4075256606684,34.74810932108628],[135.40747335450357,34.74665691355029],[135.40743616537472,34.74616933687801],[135.4074041232228,34.74611285661701],[135.40747939282997,34.74582387165503],[135.40741634124552,34.74567202900734],[135.4073960716244,34.74548980640095],[135.40740835604134,34.74429500570535]]]},"properties":{"code":"28202111002","name":"栗山町二丁目","jinko":1477,"addr_key":"28202|栗山町2","addr_key_town":"28202|栗山町2","n":[18,9],"w":[false,false],"neighbors":["28202110001","28202110002","28202110003","28202111001","28202115107","28202115108","28202116003","28202117001","28202117002"]}},{"type":"Feature","geometry":{"type":"Polygon","coordinates":[[[135.40947129521777,34.736029136448465],[135.40847288397936,34.73260372351405],[135.40580736718002,34.732712027049296],[135.4059413926063,34.735079260932196],[135.4056247817453,34.73674296823766],[135.40947129521777,34.736029136448465]]]},"properties":{"code":"28202112001","name":"東七松町一丁目","jinko":1022,"addr_key":"28202|東7松町1","addr_key_town":"28202|東7松町1","n":[43,11],"w":[false,false],"neighbors":["28202050001","28202050006","28202051002","28202112002","28202113003","28202116001","28202118001","28202118002"]}},{"type":"Feature","geometry":{"type":"Polygon","coordinates":[[[135.4119657443308,34.73550998654775],[135.41197908856856,34.732337480546505],[135.41045124725747,34.73250749778678],[135.40847288397936,34.73260372351405],[135.40947129521777,34.736029136448465],[135.4119022676657,34.73557519983848],[135.4119657443308,34.73550998654775]]]},"properties":{"code":"28202112002","name":"東七松町二丁目","jinko":50,"addr_key":"28202|東7松町2","addr_key_town":"28202|東7松町2","n":[20,9],"w":[false,false],"neighbors":["28202050006","28202051001","28202051002","28202112001","28202118002","28202118003","28202119001"]}},{"type":"Feature","geometry":{"type":"Polygon","coordinates":[[[135.3990470137495,34.737785286206446],[135.3990352430548,34.73767214471718],[135.39937533995734,34.737695786893575],[135.40009617979007,34.7375666490744],[135.40013106303954,34.73718745380656],[135.40096787525724,34.734843814271294],[135.40095982792377,34.733912011200616],[135.40084592696866,34.73348566592343],[135.39815233584167,34.733976038563284],[135.3983607501264,34.736905195627315],[135.39846727502166,34.737880928321886],[135.3990470137495,34.737785286206446]]]},"properties":{"code":"28202113001","name":"七松町一丁目","jinko":2411,"addr_key":"28202|7松町1","addr_key_town":"28202|7松町1","n":[167,28],"w":[false,false],"neighbors":["28202102102","28202102103","28202102201","28202113002","28202114001","28202116001"]}},{"type":"Feature","geometry":{"type":"Polygon","coordinates":[[[135.40102683810568,34.73757341989965],[135.4034563322076,34.7371437576048],[135.40328402428258,34.7355221022394],[135.403266956299,34.73499828501576],[135.4033138039824,34.734051915101894],[135.40320563226103,34.73308408898433],[135.40201157044658,34.73325444306519],[135.40084592696866,34.73348566592343],[135.40095982792377,34.733912011200616],[135.40096787525724,34.734843814271294],[135.40013106303954,34.73718745380656],[135.40009617979007,34.7375666490744],[135.4009844350844,34.73741406596991],[135.40102683810568,34.73757341989965]]]},"properties":{"code":"28202113002","name":"七松町二丁目","jinko":1577,"addr_key":"28202|7松町2","addr_key_town":"28202|7松町2","n":[71,14],"w":[false,false],"neighbors":["28202050001","28202113001","28202113003","28202114001","28202116001"]}},{"type":"Feature","geometry":{"type":"Polygon","coordinates":[[[135.4059413926063,34.735079260932196],[135.40580736718002,34.732712027049296],[135.40320563226103,34.73308408898433],[135.4033138039824,34.734051915101894],[135.403266956299,34.73499828501576],[135.40328402428258,34.7355221022394],[135.4034563322076,34.7371437576048],[135.4056247817453,34.73674296823766],[135.4059413926063,34.735079260932196]]]},"properties":{"code":"28202113003","name":"七松町三丁目","jinko":1756,"addr_key":"28202|7松町3","addr_key_town":"28202|7松町3","n":[39,12],"w":[false,false],"neighbors":["28202050001","28202050006","28202112001","28202113002","28202114001","28202116001","28202118001"]}},{"type":"Feature","geometry":{"type":"Polygon","coordinates":[[[135.40320563226103,34.73308408898433],[135.40274132105358,34.73114272758371],[135.401563288727,34.731336880662475],[135.40052492763536,34.73159332231214],[135.40012556713253,34.731303850940044],[135.39917218629643,34.73226689344593],[135.39901128935858,34.732379152736456],[135.3985804149733,34.732519267998825],[135.39804656088745,34.732611688600024],[135.39815233584167,34.733976038563284],[135.40201157044658,34.73325444306519],[135.40320563226103,34.73308408898433]]]},"properties":{"code":"28202114001","name":"南七松町一丁目","jinko":1106,"addr_key":"28202|南7松町1","addr_key_town":"28202|南7松町1","n":[26,4],"w":[false,false],"neighbors":["28202050001","28202091001","28202091002","28202102103","28202113001","28202113002","28202113003","28202114002"]}},{"type":"Feature","geometry":{"type":"Polygon","coordinates":[[[135.4029889976006,34.729958948377906],[135.40287053177818,34.72987435135241],[135.4025080733926,34.72992035366951],[135.40247773121817,34.72989583023959],[135.40235048559921,34.729201563881915],[135.4022077489111,34.727873176388094],[135.40212298542843,34.72758996247146],[135.40196651598555,34.727276108162826],[135.40150375488534,34.72758088830647],[135.4006563699449,34.72821792832695],[135.4007876961352,34.72969600115643],[135.40040436626495,34.73101336616173],[135.40012556713253,34.731303850940044],[135.40052492763536,34.73159332231214],[135.401563288727,34.731336880662475],[135.40274132105358,34.73114272758371],[135.4025991287229,34.73052676560697],[135.4029956143796,34.730049035229854],[135.4029889976006,34.729958948377906]]]},"properties":{"code":"28202114002","name":"南七松町二丁目","jinko":581,"addr_key":"28202|南7松町2","addr_key_town":"28202|南7松町2","n":[17,7],"w":[false,false],"neighbors":["282020170","28202050001","28202050002","28202091002","28202091003","28202091004","28202114001"]}},{"type":"Feature","geometry":{"type":"Polygon","coordinates":[[[135.41837860592128,34.74343494840111],[135.41610610581637,34.743644358338614],[135.416173525942,34.746095673026424],[135.41619087599534,34.74814826131182],[135.4184004164994,34.74813321741381],[135.41837860592128,34.74343494840111]]]},"properties":{"code":"28202115105","name":"南塚口町五丁目","jinko":1752,"addr_key":"28202|南塚口町5","addr_key_town":"28202|南塚口町5","n":[28,8],"w":[false,false],"neighbors":["28202064202","28202115106","28202115202","28202115203","28202115204"]}},{"type":"Feature","geometry":{"type":"Polygon","coordinates":[[[135.41610610581637,34.743644358338614],[135.4134056440137,34.743912739344104],[135.41353453764052,34.74563785279091],[135.41353822778373,34.74649968027064],[135.4135790868261,34.74672214184989],[135.4136912247014,34.74691467354714],[135.4137046620398,34.74699652934162],[135.41361181236317,34.747297082451894],[135.4130805610608,34.74814732072889],[135.41619087599534,34.74814826131182],[135.416173525942,34.746095673026424],[135.41610610581637,34.743644358338614]]]},"properties":{"code":"28202115106","name":"南塚口町六丁目","jinko":1958,"addr_key":"28202|南塚口町6","addr_key_town":"28202|南塚口町6","n":[18,6],"w":[false,false],"neighbors":["28202064201","28202064202","28202115105","28202115107","28202115201","28202115202"]}},{"type":"Feature","geometry":{"type":"Polygon","coordinates":[[[135.4066064803724,34.74929001293198],[135.41107053133365,34.74913194235233],[135.4118492990911,34.74888446722039],[135.4118469585632,34.74811234942063],[135.4130805610608,34.74814732072889],[135.41361181236317,34.747297082451894],[135.4137046620398,34.74699652934162],[135.4136912247014,34.74691467354714],[135.4135790868261,34.74672214184989],[135.41353822778373,34.74649968027064],[135.41353453764052,34.74563785279091],[135.4134056440137,34.743912739344104],[135.41117971123802,34.74412277122753],[135.41089531276097,34.74494954638285],[135.41066352222794,34.74548401257532],[135.4101655447267,34.74637507357216],[135.40983146962344,34.7468060739648],[135.4092452079371,34.747429874356705],[135.4087912033872,34.74771206758397],[135.40821528691197,34.747962237367105],[135.40658779918934,34.74826661892399],[135.4061893485622,34.74841197076714],[135.4060326824811,34.74852293344937],[135.40577153546846,34.748927927089525],[135.40569554578894,34.74928072265917],[135.4066064803724,34.74929001293198]]]},"properties":{"code":"28202115107","name":"南塚口町七丁目","jinko":2220,"addr_key":"28202|南塚口町7","addr_key_town":"28202|南塚口町7","n":[43,13],"w":[false,false],"neighbors":["28202064201","28202111001","28202111002","28202115106","28202115108","28202115201","28202117003"]}},{"type":"Feature","geometry":{"type":"Polygon","coordinates":[[[135.4118317448051,34.7527451767214],[135.4118492990911,34.74888446722039],[135.41107053133365,34.74913194235233],[135.4066064803724,34.74929001293198],[135.4042332578134,34.74925106965347],[135.40419384416742,34.7524150553858],[135.4118317448051,34.7527451767214]]]},"properties":{"code":"28202115108","name":"南塚口町八丁目","jinko":4392,"addr_key":"28202|南塚口町8","addr_key_town":"28202|南塚口町8","n":[53,26],"w":[false,false],"neighbors":["28202108001","28202108003","28202108005","28202110001","28202111002","28202115107","28202115201","28202124001"]}},{"type":"Feature","geometry":{"type":"Polygon","coordinates":[[[135.41248310866175,34.74814487702702],[135.4118469585632,34.74811234942063],[135.4118317448051,34.7527451767214],[135.4150092095607,34.752877944440804],[135.41493412850244,34.752484938123324],[135.4149441948608,34.75148833735743],[135.41491203182528,34.751442565030246],[135.41491288142285,34.74815061841809],[135.41248310866175,34.74814487702702]]]},"properties":{"code":"28202115201","name":"南塚口町一丁目","jinko":1804,"addr_key":"28202|南塚口町1","addr_key_town":"28202|南塚口町1","n":[74,7],"w":[false,false],"neighbors":["28202108001","28202108003","28202115106","28202115107","28202115108","28202115202"]}},{"type":"Feature","geometry":{"type":"Polygon","coordinates":[[[135.4184004164994,34.74813321741381],[135.41491288142285,34.74815061841809],[135.41491203182528,34.751442565030246],[135.4149441948608,34.75148833735743],[135.41493412850244,34.752484938123324],[135.4150092095607,34.752877944440804],[135.41864322853993,34.75304740178407],[135.41862540459815,34.75148582287605],[135.41852125602804,34.750540807266596],[135.4184004164994,34.74813321741381]]]},"properties":{"code":"28202115202","name":"南塚口町二丁目","jinko":3135,"addr_key":"28202|南塚口町2","addr_key_town":"28202|南塚口町2","n":[202,31],"w":[false,false],"neighbors":["28202108001","28202115105","28202115106","28202115201","28202115203","28202115204","28202125101"]}},{"type":"Feature","geometry":{"type":"Polygon","coordinates":[[[135.4222414131462,34.74960626046299],[135.4222204566905,34.748090345866096],[135.4184004164994,34.74813321741381],[135.41852125602804,34.750540807266596],[135.41862540459815,34.75148582287605],[135.41864322853993,34.75304740178407],[135.41939704296462,34.75311616731891],[135.42165462911137,34.75322936663384],[135.42179979302213,34.75281411195159],[135.42205892523927,34.75148428745034],[135.4221832205839,34.75055075246349],[135.4222414131462,34.74960626046299]]]},"properties":{"code":"28202115203","name":"南塚口町三丁目","jinko":3766,"addr_key":"28202|南塚口町3","addr_key_town":"28202|南塚口町3","n":[59,13],"w":[false,false],"neighbors":["28202115105","28202115202","28202115204","28202125101","28202125107","28202144001","28202144002"]}},{"type":"Feature","geometry":{"type":"Polygon","coordinates":[[[135.4184004164994,34.74813321741381],[135.4222204566905,34.748090345866096],[135.42205187035967,34.743124936961735],[135.4192701972598,34.743339383400794],[135.41837860592128,34.74343494840111],[135.4184004164994,34.74813321741381]]]},"properties":{"code":"28202115204","name":"南塚口町四丁目","jinko":509,"addr_key":"28202|南塚口町4","addr_key_town":"28202|南塚口町4","n":[8,9],"w":[false,false],"neighbors":["282020641","28202064202","28202115105","28202115202","28202115203","28202144002"]}},{"type":"Feature","geometry":{"type":"Polygon","coordinates":[[[135.40514665134359,34.739331793437415],[135.4056247817453,34.73674296823766],[135.40196964615785,34.73742401274606],[135.40102683810568,34.73757341989965],[135.4009844350844,34.73741406596991],[135.39937533995734,34.737695786893575],[135.3990352430548,34.73767214471716],[135.3990470137495,34.737785286206446],[135.39846727502166,34.73788092832187],[135.39865431140797,34.740331655188434],[135.40514665134359,34.739331793437415]]]},"properties":{"code":"28202116001","name":"立花町一丁目","jinko":3044,"addr_key":"28202|立花町1","addr_key_town":"28202|立花町1","n":[248,47],"w":[false,false],"neighbors":["28202102201","28202112001","28202113001","28202113002","28202113003","28202116002","28202116004","28202118001"]}},{"type":"Feature","geometry":{"type":"Polygon","coordinates":[[[135.40487420273593,34.7415051252279],[135.40514665134359,34.739331793437415],[135.39865431140797,34.740331655188434],[135.39880135995665,34.74223834104689],[135.40487420273593,34.7415051252279]]]},"properties":{"code":"28202116002","name":"立花町二丁目","jinko":2342,"addr_key":"28202|立花町2","addr_key_town":"28202|立花町2","n":[59,16],"w":[false,false],"neighbors":["28202116001","28202116003","28202116004","28202117001","28202118001"]}},{"type":"Feature","geometry":{"type":"Polygon","coordinates":[[[135.39892256325052,34.74446357498067],[135.40449248063203,34.74434226399422],[135.40487420273593,34.7415051252279],[135.39880135995665,34.74223834104689],[135.39892256325052,34.74446357498067]]]},"properties":{"code":"28202116003","name":"立花町三丁目","jinko":2299,"addr_key":"28202|立花町3","addr_key_town":"28202|立花町3","n":[42,18],"w":[false,false],"neighbors":["28202110003","28202111002","28202116002","28202116004","28202117001","28202118001","28202120103","28202121102"]}},{"type":"Feature","geometry":{"type":"Polygon","coordinates":[[[135.39876413311273,34.741524268915356],[135.39848003523397,34.738064486980335],[135.39669582332303,34.73838404033732],[135.39663636931175,34.73983730344956],[135.39660514598017,34.742936169376215],[135.39883395374775,34.74273709193557],[135.39876413311273,34.741524268915356]]]},"properties":{"code":"28202116004","name":"立花町四丁目","jinko":1995,"addr_key":"28202|立花町4","addr_key_town":"28202|立花町4","n":[84,18],"w":[false,false],"neighbors":["28202102201","28202116001","28202116002","28202116003","28202120101","28202120103"]}},{"type":"Feature","geometry":{"type":"Polygon","coordinates":[[[135.40742422552876,34.74429514675028],[135.4073892851152,34.743347531781076],[135.40730645178328,34.74334826298782],[135.40724505067107,34.74112533735513],[135.40487420273593,34.7415051252279],[135.4044971803247,34.74430968553551],[135.40742422552876,34.74429514675028]]]},"properties":{"code":"28202117001","name":"大西町一丁目","jinko":1026,"addr_key":"28202|大西町1","addr_key_town":"28202|大西町1","n":[19,9],"w":[false,false],"neighbors":["28202111001","28202111002","28202116002","28202116003","28202117002","28202118001","28202118002"]}},{"type":"Feature","geometry":{"type":"Polygon","coordinates":[[[135.4090585046201,34.74427746768636],[135.40898525824596,34.740852774463846],[135.40724505067107,34.74112533735513],[135.40730645178328,34.74334826298782],[135.4073892851152,34.74334753178109],[135.40742422552876,34.74429514675028],[135.4090585046201,34.74427746768636]]]},"properties":{"code":"28202117002","name":"大西町二丁目","jinko":763,"addr_key":"28202|大西町2","addr_key_town":"28202|大西町2","n":[9,4],"w":[false,false],"neighbors":["28202111001","28202111002","28202117001","28202117003","28202118001","28202118002"]}},{"type":"Feature","geometry":{"type":"Polygon","coordinates":[[[135.41188259339287,34.74406668085275],[135.41190511295554,34.74038409216474],[135.40898525824596,34.740852774463846],[135.4090585046201,34.74427746768636],[135.4101450408577,34.744232783380546],[135.41188259339287,34.74406668085275]]]},"properties":{"code":"28202117003","name":"大西町三丁目","jinko":1032,"addr_key":"28202|大西町3","addr_key_town":"28202|大西町3","n":[23,11],"w":[false,false],"neighbors":["28202064201","28202111001","28202115107","28202117002","28202118002","28202118003","28202119001"]}},{"type":"Feature","geometry":{"type":"Polygon","coordinates":[[[135.40705725147234,34.737577135648166],[135.40695656054538,34.73649234622821],[135.4056247817453,34.73674296823766],[135.40514665134359,34.739331793437415],[135.40487420273593,34.7415051252279],[135.40724505067107,34.74112533735513],[135.40724014871356,34.74065353166185],[135.40717642088717,34.740191540612024],[135.40719266830504,34.738920078886935],[135.4070595789284,34.738193336850266],[135.40705725147234,34.737577135648166]]]},"properties":{"code":"28202118001","name":"三反田町一丁目","jinko":1547,"addr_key":"28202|3反田町1","addr_key_town":"28202|3反田町1","n":[28,4],"w":[false,false],"neighbors":["28202112001","28202113003","28202116001","28202116002","28202116003","28202117001","28202117002","28202118002"]}},{"type":"Feature","geometry":{"type":"Polygon","coordinates":[[[135.4104963146666,34.7376308355943],[135.41050610919118,34.73583250800075],[135.40695656054538,34.73649234622821],[135.40705725147234,34.737577135648166],[135.4070595789284,34.738193336850266],[135.40719266830504,34.738920078886935],[135.40717642088717,34.740191540612024],[135.40724014871356,34.74065353166185],[135.40724505067107,34.74112533735513],[135.41056232370192,34.74059205289069],[135.4104963146666,34.7376308355943]]]},"properties":{"code":"28202118002","name":"三反田町二丁目","jinko":3248,"addr_key":"28202|3反田町2","addr_key_town":"28202|3反田町2","n":[47,23],"w":[false,false],"neighbors":["28202112001","28202112002","28202117001","28202117002","28202117003","28202118001","28202118003"]}},{"type":"Feature","geometry":{"type":"Polygon","coordinates":[[[135.41190511295554,34.74038409216474],[135.4119022676657,34.73557519983848],[135.41050610919118,34.73583250800075],[135.4104963146666,34.7376308355943],[135.41056232370192,34.74059205289069],[135.41190511295554,34.74038409216474]]]},"properties":{"code":"28202118003","name":"三反田町三丁目","jinko":678,"addr_key":"28202|3反田町3","addr_key_town":"28202|3反田町3","n":[17,8],"w":[false,false],"neighbors":["28202064201","28202112002","28202117003","28202118002","28202119001"]}},{"type":"Feature","geometry":{"type":"Polygon","coordinates":[[[135.4149252322936,34.73548653325983],[135.41479368675814,34.7349948658614],[135.4119657443308,34.73550998654775],[135.4119022676657,34.73557519983848],[135.41190511295554,34.74038409216474],[135.41448042778066,34.739960373374444],[135.41517960673033,34.739366531165864],[135.4153463399297,34.73910672921216],[135.41577813346495,34.73767368206863],[135.41583526053225,34.73724512950402],[135.415790057781,34.73704975041269],[135.41559930651857,34.736623825979436],[135.4149252322936,34.73548653325983]]]},"properties":{"code":"28202119001","name":"尾浜町一丁目","jinko":2267,"addr_key":"28202|尾浜町1","addr_key_town":"28202|尾浜町1","n":[42,19],"w":[false,false],"neighbors":["282020160","28202051001","28202064201","28202112002","28202117003","28202118003","28202119002"]}},{"type":"Feature","geometry":{"type":"Polygon","coordinates":[[[135.41897612380322,34.736120203051165],[135.41866649461755,34.734274301232624],[135.41479368675814,34.7349948658614],[135.4149252322936,34.73548653325983],[135.41559930651857,34.736623825979436],[135.415790057781,34.73704975041269],[135.41583526053225,34.73724512950402],[135.41577813346495,34.73767368206863],[135.41538427950695,34.73903934710737],[135.41517960673033,34.739366531165864],[135.41448042778066,34.739960373374444],[135.41680663528072,34.73955868033121],[135.4192110012618,34.73919230284889],[135.4190793393121,34.73701452688391],[135.41897612380322,34.736120203051165]]]},"properties":{"code":"28202119002","name":"尾浜町二丁目","jinko":3430,"addr_key":"28202|尾浜町2","addr_key_town":"28202|尾浜町2","n":[37,20],"w":[false,false],"neighbors":["282020160","282020641","28202064201","28202064202","28202119001","28202119003"]}},{"type":"Feature","geometry":{"type":"Polygon","coordinates":[[[135.42166383134435,34.738860657331266],[135.4212078144428,34.73379891460626],[135.41866649461755,34.734274301232624],[135.41881787721465,34.735081573917086],[135.41902022328816,34.736452921219254],[135.41919137218025,34.73857738591852],[135.4192110012618,34.73919230284889],[135.42166383134435,34.738860657331266]]]},"properties":{"code":"28202119003","name":"尾浜町三丁目","jinko":2078,"addr_key":"28202|尾浜町3","addr_key_town":"28202|尾浜町3","n":[59,14],"w":[false,false],"neighbors":["282020160","28202060001","28202060002","282020641","28202064202","28202119002"]}},{"type":"Feature","geometry":{"type":"Polygon","coordinates":[[[135.39664267497463,34.74003710089513],[135.39669582332303,34.73838404033732],[135.3942762809893,34.738825152924974],[135.39320407264248,34.7389523777308],[135.3926060539276,34.73898772017637],[135.3926049519682,34.739249292609145],[135.3921496227957,34.739783558713555],[135.39207324603728,34.73992239784975],[135.3921728799293,34.74029619853658],[135.39242729107,34.74081147808066],[135.39245872808257,34.74117587071721],[135.39244323286232,34.74171363712755],[135.39236081642306,34.742168320366474],[135.39183778906218,34.74256035080197],[135.39186613441012,34.74335155169461],[135.39660514598017,34.742936169376215],[135.39664267497463,34.74003710089513]]]},"properties":{"code":"28202120101","name":"水堂町一丁目","jinko":2992,"addr_key":"28202|水堂町1","addr_key_town":"28202|水堂町1","n":[52,24],"w":[false,false],"neighbors":["28202102105","28202102201","28202116004","28202120102","28202120103"]}},{"type":"Feature","geometry":{"type":"Polygon","coordinates":[[[135.38854560813962,34.743601927837474],[135.39025143139867,34.74345304478388],[135.3902545628431,34.743484568509466],[135.39186613441012,34.74335155169461],[135.39183778906218,34.74256035080197],[135.39236081642306,34.742168320366474],[135.39244323286232,34.74171363712755],[135.39245872808257,34.74117587071721],[135.39242729107,34.74081147808066],[135.3921728799293,34.74029619853658],[135.39207324603728,34.73992239784975],[135.3921496227957,34.739783558713555],[135.3926049519682,34.739249292609145],[135.3926060539276,34.73898772017637],[135.39140501532523,34.739021255902465],[135.38889287801817,34.739027129623004],[135.38827953329326,34.740757463380184],[135.38822575817707,34.74184981769822],[135.38823253678933,34.742490778665506],[135.38839948470977,34.74288569090181],[135.38854560813962,34.743601927837474]]]},"properties":{"code":"28202120102","name":"水堂町二丁目","jinko":2792,"addr_key":"28202|水堂町2","addr_key_town":"28202|水堂町2","n":[29,16],"w":[false,false],"neighbors":["28202084001","28202102105","28202120101","28202120103","28202120104","282021202"]}},{"type":"Feature","geometry":{"type":"Polygon","coordinates":[[[135.39892272358998,34.74446963018173],[135.39883395374775,34.74273709193557],[135.3902545628431,34.743484568509466],[135.39032941285382,34.744753279067105],[135.39892272358998,34.74446963018173]]]},"properties":{"code":"28202120103","name":"水堂町三丁目","jinko":1268,"addr_key":"28202|水堂町3","addr_key_town":"28202|水堂町3","n":[34,19],"w":[false,false],"neighbors":["28202110003","28202116003","28202116004","28202120101","28202120102","282021202","28202121102","28202121103","28202121204"]}},{"type":"Feature","geometry":{"type":"Polygon","coordinates":[[[135.38788836207834,34.74365241119717],[135.38854560813962,34.743601927837474],[135.38846350521212,34.7431566998147],[135.38789096319488,34.74317884312703],[135.38788836207834,34.74365241119717]]]},"properties":{"code":"28202120104","name":"水堂町四丁目","jinko":58,"addr_key":"28202|水堂町4","addr_key_town":"28202|水堂町4","n":[51,25],"w":[false,false],"neighbors":["28202120102","282021202"]}},{"type":"Feature","geometry":{"type":"Polygon","coordinates":[[[135.39032941285382,34.744753279067105],[135.39025143139867,34.74345304478388],[135.38788836207834,34.74365241119719],[135.38789096319488,34.74317884312703],[135.3884635052121,34.74315669981469],[135.38839948470977,34.74288569090181],[135.38823253678933,34.742490778665506],[135.38822575817707,34.74184981769822],[135.38827953329326,34.740757463380184],[135.38889287801817,34.739027129623004],[135.3865268528347,34.73903802697096],[135.3864735220829,34.7405974460214],[135.38623799612188,34.74482449935996],[135.388250091614,34.744819340226755],[135.39032941285382,34.744753279067105]]]},"properties":{"code":"282021202","name":"水堂町","jinko":1540,"addr_key":"28202|水堂町","addr_key_town":"28202|水堂町","n":[0,0],"w":[false,false],"neighbors":["28202083004","28202084001","28202120102","28202120103","28202120104","28202121204","28202121207","28202121211","28202121212"]}},{"type":"Feature","geometry":{"type":"Polygon","coordinates":[[[135.39887365532573,34.747188621179724],[135.39892272358998,34.74446963018173],[135.39650879721697,34.74454046440009],[135.396305858858,34.75056149927887],[135.39545430150298,34.75138037527967],[135.39504671643513,34.75183493681598],[135.3962290472541,34.75200645463396],[135.39886660363365,34.75219127495412],[135.39887365532573,34.747188621179724]]]},"properties":{"code":"28202121102","name":"南武庫之荘二丁目","jinko":4226,"addr_key":"28202|南武庫之荘2","addr_key_town":"28202|南武庫之荘2","n":[68,35],"w":[false,false],"neighbors":["28202110001","28202110002","28202110003","28202116003","28202120103","28202121103","28202121201","28202123101","28202123102","28202124001","28202126001"]}},{"type":"Feature","geometry":{"type":"Polygon","coordinates":[[[135.39649894198732,34.74513001364754],[135.39650879721697,34.74454046440009],[135.3915287868937,34.7447237068922],[135.39151581449832,34.74746112658248],[135.39094948934743,34.747470837090695],[135.39096468269855,34.7488709093213],[135.39136652755522,34.748996154933096],[135.39213213655182,34.74911034906559],[135.39635393716185,34.749171867865236],[135.39642241566855,34.74651665451441],[135.39647484587263,34.74518050779341],[135.39649894198732,34.74513001364754]]]},"properties":{"code":"28202121103","name":"南武庫之荘三丁目","jinko":3372,"addr_key":"28202|南武庫之荘3","addr_key_town":"28202|南武庫之荘3","n":[124,37],"w":[false,false],"neighbors":["28202120103","28202121102","28202121201","28202121204","28202121205"]}},{"type":"Feature","geometry":{"type":"Polygon","coordinates":[[[135.39545430150298,34.75138037527967],[135.396305858858,34.7505614992789],[135.39635393716185,34.749171867865236],[135.39213213655182,34.74911034906559],[135.39136652755522,34.748996154933096],[135.39101497764216,34.74888737505549],[135.38990840814114,34.74922784386413],[135.3882544384626,34.75079353015659],[135.39263783385493,34.75144971360393],[135.39310484615947,34.75140480043332],[135.39321229427256,34.75142696432859],[135.39329917730726,34.7514819846959],[135.39334167698837,34.75155598392141],[135.39339698013953,34.751570573291076],[135.39504671643513,34.75183493681598],[135.39545430150298,34.75138037527967]]]},"properties":{"code":"28202121201","name":"南武庫之荘一丁目","jinko":2763,"addr_key":"28202|南武庫之荘1","addr_key_town":"28202|南武庫之荘1","n":[369,41],"w":[false,false],"neighbors":["28202121102","28202121103","28202121205","28202126001","28202126002","282021270"]}},{"type":"Feature","geometry":{"type":"Polygon","coordinates":[[[135.39151581449832,34.74746112658248],[135.3915287868937,34.7447237068922],[135.388250091614,34.744819340226755],[135.38623799612188,34.74482449935996],[135.3861226749039,34.74617880321895],[135.38610888003578,34.74747208484717],[135.39151581449832,34.74746112658248]]]},"properties":{"code":"28202121204","name":"南武庫之荘四丁目","jinko":2001,"addr_key":"28202|南武庫之荘4","addr_key_town":"28202|南武庫之荘4","n":[47,29],"w":[false,false],"neighbors":["28202120103","282021202","28202121103","28202121205","28202121207"]}},{"type":"Feature","geometry":{"type":"Polygon","coordinates":[[[135.39096468269855,34.7488709093213],[135.39094948934743,34.747470837090695],[135.38610888003578,34.74747208484717],[135.3859494413234,34.750434172196776],[135.3882544384626,34.75079353015659],[135.38990840814114,34.74922784386413],[135.39101497764216,34.74888737505549],[135.39096468269855,34.7488709093213]]]},"properties":{"code":"28202121205","name":"南武庫之荘五丁目","jinko":2272,"addr_key":"28202|南武庫之荘5","addr_key_town":"28202|南武庫之荘5","n":[31,7],"w":[false,false],"neighbors":["28202121103","28202121201","28202121204","28202121206","28202121207","282021270","28202128001"]}},{"type":"Feature","geometry":{"type":"Polygon","coordinates":[[[135.3803365957542,34.748635726811585],[135.37598289632803,34.74782896508138],[135.37566858755332,34.74885593824392],[135.3859494413234,34.750434172196776],[135.38601118473446,34.74945612562433],[135.3847949460431,34.74937240763199],[135.3803365957542,34.748635726811585]]]},"properties":{"code":"28202121206","name":"南武庫之荘六丁目","jinko":1292,"addr_key":"28202|南武庫之荘6","addr_key_town":"28202|南武庫之荘6","n":[11,13],"w":[false,false],"neighbors":["28202121205","28202121207","28202121208","28202121209","282021270","28202128001","28202128004"]}},{"type":"Feature","geometry":{"type":"Polygon","coordinates":[[[135.3861226749039,34.74617880321895],[135.38630632959863,34.74377441539339],[135.38272792294282,34.7440992652154],[135.3831832811024,34.74439718834901],[135.38355569529622,34.744592437925675],[135.38403670039605,34.74471181604842],[135.38448582291,34.74473878628804],[135.3844746789299,34.745185948220985],[135.38438033981143,34.745948914025085],[135.38412837795994,34.7468108509091],[135.38353843403178,34.74916113166383],[135.3847949460431,34.74937240763199],[135.38601118473446,34.74945612562433],[135.38610888003578,34.74747208484717],[135.3861226749039,34.74617880321895]]]},"properties":{"code":"28202121207","name":"南武庫之荘七丁目","jinko":2138,"addr_key":"28202|南武庫之荘7","addr_key_town":"28202|南武庫之荘7","n":[39,24],"w":[false,false],"neighbors":["282021202","28202121204","28202121205","28202121206","28202121208","28202121210","28202121211"]}},{"type":"Feature","geometry":{"type":"Polygon","coordinates":[[[135.3831832811024,34.74439718834901],[135.38272792294282,34.7440992652154],[135.38219222431698,34.74414134836001],[135.38185694439323,34.74468356239894],[135.38027774489447,34.74760308070154],[135.3803012968501,34.747609920223354],[135.3799571337781,34.74809896215288],[135.3797131489582,34.748521503792354],[135.38238230242024,34.748992922771684],[135.38353843403178,34.74916113166383],[135.38412837795994,34.7468108509091],[135.38438033981143,34.745948914025085],[135.3844746789299,34.745185948220985],[135.38448582291,34.74473878628804],[135.3837937528041,34.74466785360956],[135.38355569529622,34.744592437925675],[135.3831832811024,34.74439718834901]]]},"properties":{"code":"28202121208","name":"南武庫之荘八丁目","jinko":2098,"addr_key":"28202|南武庫之荘8","addr_key_town":"28202|南武庫之荘8","n":[30,19],"w":[false,false],"neighbors":["28202121206","28202121207","28202121209","28202121210"]}},{"type":"Feature","geometry":{"type":"Polygon","coordinates":[[[135.38185694439323,34.74468356239894],[135.38219222431698,34.744141348359996],[135.37706119035616,34.74459278688691],[135.37670049241515,34.74547057572811],[135.37598289632803,34.74782896508138],[135.37970840346233,34.74853788347396],[135.3799571337781,34.74809896215288],[135.3803012968501,34.747609920223354],[135.38027774489447,34.74760308070154],[135.38185694439323,34.74468356239894]]]},"properties":{"code":"28202121209","name":"南武庫之荘九丁目","jinko":1603,"addr_key":"28202|南武庫之荘9","addr_key_town":"28202|南武庫之荘9","n":[13,7],"w":[false,false],"neighbors":["28202121206","28202121208","28202121210"]}},{"type":"Feature","geometry":{"type":"Polygon","coordinates":[[[135.3846216227806,34.742573691485156],[135.38523252134138,34.74127679712403],[135.38538933691825,34.740455819703584],[135.3853289780997,34.740438875191906],[135.38461001164484,34.74079439709783],[135.3844501861983,34.74091352963262],[135.3821150976027,34.742122321037904],[135.38116369349865,34.742511799975965],[135.37868336966025,34.74192406691927],[135.37799249920423,34.742990198580806],[135.37706119035616,34.74459278688691],[135.38373833695974,34.744010267269736],[135.38404882222076,34.74362038327243],[135.38413688983056,34.74343285292217],[135.38419559290108,34.74315711922062],[135.3846216227806,34.742573691485156]]]},"properties":{"code":"28202121210","name":"南武庫之荘十丁目","jinko":1712,"addr_key":"28202|南武庫之荘10","addr_key_town":"28202|南武庫之荘10","n":[52,30],"w":[false,false],"neighbors":["28202121207","28202121208","28202121209","28202121211","28202121212"]}},{"type":"Feature","geometry":{"type":"Polygon","coordinates":[[[135.38630632959863,34.74377441539339],[135.38651486341476,34.73942449023248],[135.3855641167986,34.73955820503241],[135.38523252134138,34.74127679712403],[135.3846216227806,34.742573691485156],[135.38419559290108,34.74315711922063],[135.38413688983053,34.7434328529222],[135.38404882222076,34.74362038327245],[135.38373833695974,34.744010267269736],[135.38630632959863,34.74377441539339]]]},"properties":{"code":"28202121211","name":"南武庫之荘十一丁目","jinko":633,"addr_key":"28202|南武庫之荘11","addr_key_town":"28202|南武庫之荘11","n":[29,18],"w":[false,false],"neighbors":["282021202","28202121207","28202121210","28202121212"]}},{"type":"Feature","geometry":{"type":"Polygon","coordinates":[[[135.38461001164484,34.74079439709783],[135.3853289780997,34.740438875191906],[135.3854070268775,34.74045144189769],[135.3855641167986,34.73955820503241],[135.38651486341476,34.73942449023248],[135.3865268528347,34.73903802697096],[135.38260203294547,34.73909443213375],[135.38013304719829,34.73906032107939],[135.379988548255,34.739454684499286],[135.37960228215394,34.74030354527983],[135.37906864017464,34.74128579222333],[135.37868336966025,34.74192406691927],[135.38116369349865,34.742511799975965],[135.3821150976027,34.742122321037904],[135.3844501861983,34.74091352963262],[135.38461001164484,34.74079439709783]]]},"properties":{"code":"28202121212","name":"南武庫之荘十二丁目","jinko":786,"addr_key":"28202|南武庫之荘12","addr_key_town":"28202|南武庫之荘12","n":[11,8],"w":[false,false],"neighbors":["28202083004","28202084001","282021202","28202121210","28202121211"]}},{"type":"Feature","geometry":{"type":"Polygon","coordinates":[[[135.39882237250066,34.75755751284493],[135.39662811873526,34.756999935032155],[135.3964847910317,34.75738810502882],[135.39710080659884,34.75756864324495],[135.39709163839353,34.75998079366079],[135.39698557546137,34.76103908744878],[135.39699180678218,34.761584829700524],[135.39745039014048,34.761391513866315],[135.39876925916374,34.76113502258467],[135.39882237250066,34.75755751284493]]]},"properties":{"code":"282021221","name":"武庫之荘本町","jinko":1256,"addr_key":"28202|武庫之荘本町","addr_key_town":"28202|武庫之荘本町","n":[0,0],"w":[false,false],"neighbors":["28202122203","28202123102","28202124002","28202124003","28202126007"]}},{"type":"Feature","geometry":{"type":"Polygon","coordinates":[[[135.39556893489348,34.75671551286235],[135.3938449716493,34.75625912481554],[135.39381961463417,34.75695205090215],[135.391442214208,34.75778137861891],[135.3913366584905,34.75830950219525],[135.39133327486454,34.75871307085806],[135.39128309355047,34.758853231675204],[135.39129811953032,34.7592284694141],[135.39543070098935,34.75950092026795],[135.39540406797488,34.757087953680255],[135.39556893489348,34.75671551286235]]]},"properties":{"code":"28202122201","name":"武庫之荘本町一丁目","jinko":1373,"addr_key":"28202|武庫之荘本町1","addr_key_town":"28202|武庫之荘本町1","n":[15,3],"w":[false,false],"neighbors":["28202122202","28202122203","28202123101","28202126001","28202126004","28202126005"]}},{"type":"Feature","geometry":{"type":"Polygon","coordinates":[[[135.39086048654156,34.76115179486978],[135.39541023088603,34.76109412314872],[135.39541050652957,34.75950306905295],[135.39129811953032,34.7592284694141],[135.39032514618074,34.75920763119069],[135.39031761499606,34.7615892085727],[135.39086594000074,34.7615793715951],[135.39086048654156,34.76115179486978]]]},"properties":{"code":"28202122202","name":"武庫之荘本町二丁目","jinko":1678,"addr_key":"28202|武庫之荘本町2","addr_key_town":"28202|武庫之荘本町2","n":[24,8],"w":[false,false],"neighbors":["28202122201","28202122203","28202126005","28202126006","28202126007"]}},{"type":"Feature","geometry":{"type":"Polygon","coordinates":[[[135.39662811873526,34.756999935032155],[135.39556893489348,34.75671551286235],[135.39540406797488,34.757087953680255],[135.39541818763803,34.76157534054213],[135.39699180678218,34.761584829700524],[135.39698557546137,34.76103908744878],[135.39709163839353,34.75998079366079],[135.39710080659884,34.75756864324495],[135.3964847910317,34.75738810502882],[135.39662811873526,34.756999935032155]]]},"properties":{"code":"28202122203","name":"武庫之荘本町三丁目","jinko":1102,"addr_key":"28202|武庫之荘本町3","addr_key_town":"28202|武庫之荘本町3","n":[29,13],"w":[false,false],"neighbors":["282021221","28202122201","28202122202","28202123101","28202123102","28202126007"]}},{"type":"Feature","geometry":{"type":"Polygon","coordinates":[[[135.39624497792028,34.752007658529145],[135.3954270477621,34.751884578090795],[135.39496188476738,34.75220076243881],[135.3948474602501,34.75251388623011],[135.394650917956,34.75281828862323],[135.39447440487362,34.75302716057722],[135.39430766025504,34.75315284563736],[135.39422447223455,34.753313577711054],[135.3940762387427,34.7538724990715],[135.3939763735847,34.75395675348053],[135.393867003377,34.754759009396594],[135.39383327465777,34.75553792832156],[135.3938449716493,34.75625912481554],[135.39622594394334,34.7568859791509],[135.3962532238328,34.756371212403074],[135.39622985940304,34.75604619227726],[135.39628048560775,34.75582165559731],[135.3963862237481,34.75567650040933],[135.3964348147688,34.75535324550331],[135.39634787320094,34.75511413597556],[135.39639591487762,34.753922399384805],[135.3962317102412,34.75389974780305],[135.39629885122076,34.75359252925291],[135.39630775921654,34.753362441773675],[135.39624497792028,34.752007658529145]]]},"properties":{"code":"28202123101","name":"武庫之荘東一丁目","jinko":1577,"addr_key":"28202|武庫之荘東1","addr_key_town":"28202|武庫之荘東1","n":[28,10],"w":[false,false],"neighbors":["28202121102","28202122201","28202122203","28202123102","28202126001","28202126004"]}},{"type":"Feature","geometry":{"type":"Polygon","coordinates":[[[135.39886660363365,34.75219127495412],[135.39624497792028,34.752007658529145],[135.39630775921654,34.753362441773675],[135.39629885122076,34.75359252925291],[135.3962317102412,34.75389974780305],[135.39639591487762,34.753922399384805],[135.39634787320094,34.75511413597556],[135.3964348147688,34.75535324550331],[135.3963862237481,34.75567650040933],[135.39628048560775,34.75582165559731],[135.39622985940304,34.75604619227726],[135.3962532238328,34.756371212403074],[135.39622594394334,34.7568859791509],[135.3987892524906,34.757556534879726],[135.39886660363365,34.75219127495412]]]},"properties":{"code":"28202123102","name":"武庫之荘東二丁目","jinko":2165,"addr_key":"28202|武庫之荘東2","addr_key_town":"28202|武庫之荘東2","n":[24,3],"w":[false,false],"neighbors":["28202110001","28202121102","282021221","28202122203","28202123101","28202124001","28202124002"]}},{"type":"Feature","geometry":{"type":"Polygon","coordinates":[[[135.40539251868188,34.755224882729216],[135.40493483253698,34.75291305308125],[135.40490751890079,34.75242961473489],[135.39886660363365,34.75219127495412],[135.3988234074413,34.75516698429935],[135.39992449071255,34.755167894196795],[135.40000517472674,34.75513859428455],[135.4009979831724,34.7551666430349],[135.4010663649364,34.755202240669014],[135.40539251868188,34.755224882729216]]]},"properties":{"code":"28202124001","name":"富松町一丁目","jinko":3164,"addr_key":"28202|富松町1","addr_key_town":"28202|富松町1","n":[55,10],"w":[false,false],"neighbors":["28202108005","28202110001","28202115108","28202121102","28202123102","28202124002"]}},{"type":"Feature","geometry":{"type":"Polygon","coordinates":[[[135.40539251868188,34.755224882729216],[135.4010663649364,34.755202240669014],[135.4009979831724,34.7551666430349],[135.40000517472674,34.75513859428455],[135.39992449071255,34.755167894196795],[135.3988234074413,34.75516698429935],[135.3987892524906,34.757556534879726],[135.40421886608604,34.757772505171154],[135.40423057048278,34.757628171189204],[135.40434923541014,34.7572754222955],[135.40442871032187,34.75711288554202],[135.40460957459808,34.756911847836335],[135.4049490858615,34.75673898979887],[135.40551063353118,34.75655375074391],[135.40564736866943,34.75647085167887],[135.40567951718458,34.75640324219519],[135.40566945167615,34.756152617186665],[135.40550653763907,34.75570854331401],[135.40539251868188,34.755224882729216]]]},"properties":{"code":"28202124002","name":"富松町二丁目","jinko":2116,"addr_key":"28202|富松町2","addr_key_town":"28202|富松町2","n":[14,17],"w":[false,false],"neighbors":["28202108005","28202108006","282021221","28202123102","28202124001","28202124003"]}},{"type":"Feature","geometry":{"type":"Polygon","coordinates":[[[135.40420137008064,34.757772095870564],[135.39882237250066,34.75755751284493],[135.39877232724461,34.76103513256326],[135.39929807801758,34.761082356629835],[135.39930086031208,34.76111951680508],[135.40062087244115,34.761290618102166],[135.4006500453568,34.761727421938566],[135.4006909287718,34.761847068169295],[135.40080768890155,34.761921821399675],[135.40287857649125,34.76105457056706],[135.403264157288,34.76085947958252],[135.40379665231498,34.760477030991744],[135.4045006475017,34.759822777827864],[135.4041827382385,34.75903906961283],[135.40420137008064,34.757772095870564]]]},"properties":{"code":"28202124003","name":"富松町三丁目","jinko":3121,"addr_key":"28202|富松町3","addr_key_town":"28202|富松町3","n":[38,16],"w":[false,false],"neighbors":["28202108006","282021221","28202124002","28202124004"]}},{"type":"Feature","geometry":{"type":"Polygon","coordinates":[[[135.40266199363847,34.765840340746486],[135.4028426484747,34.76554902053889],[135.40322443436537,34.765468333441554],[135.40354210081716,34.765273135158786],[135.40434329376168,34.76448435491113],[135.40459645855879,34.76454790162589],[135.40490389273225,34.7645385719825],[135.4048740953627,34.76439882921187],[135.40480916007024,34.7642872841147],[135.40519537515755,34.76420655179732],[135.40529455306023,34.764227650037874],[135.4054184442755,34.76439755042416],[135.405456770674,34.76439848006903],[135.40552302092905,34.764156758690554],[135.4055000611398,34.76369496959792],[135.405741354127,34.763303247579195],[135.40577102059595,34.76320199506622],[135.40577554192265,34.762523053058636],[135.4058445831995,34.76221383939928],[135.40577108376453,34.76211955362231],[135.40516847323173,34.76092679277018],[135.4046271136842,34.76018632463412],[135.4045006475017,34.759822777827864],[135.40379665231498,34.760477030991744],[135.403264157288,34.76085947958252],[135.40287857649125,34.76105457056706],[135.40080768890155,34.761921821399675],[135.40083946957606,34.761951120514695],[135.40085414534988,34.7620833917276],[135.4007037720611,34.762188378611626],[135.40069612212193,34.762263519721756],[135.40212169163198,34.76230029199262],[135.40212109017298,34.76250509521244],[135.40239284089708,34.76250848073769],[135.40228832840248,34.76261588326987],[135.40222811804088,34.762744727823666],[135.40234105696925,34.76295937751536],[135.4023516772933,34.763114502616354],[135.40265850730563,34.763223921467805],[135.4025549479468,34.76360344019677],[135.40236051730955,34.76387192164884],[135.4024691399011,34.76477677979387],[135.4023230672098,34.765201885334186],[135.40221221652362,34.76579739274855],[135.4022437259914,34.76583852562342],[135.40237956170233,34.76579042826525],[135.40266199363847,34.765840340746486]]]},"properties":{"code":"28202124004","name":"富松町四丁目","jinko":1813,"addr_key":"28202|富松町4","addr_key_town":"28202|富松町4","n":[12,9],"w":[false,false],"neighbors":["28202108006","28202124003"]}},{"type":"Feature","geometry":{"type":"Polygon","coordinates":[[[135.41934804540344,34.7548521465554],[135.42061894663516,34.75475684166468],[135.4212618111944,34.7549596879569],[135.42162579451855,34.75372541238832],[135.4215513229272,34.753707205715905],[135.42155381975252,34.753565488963],[135.42165462911137,34.75322936663384],[135.41939704296462,34.75311616731891],[135.4183015178672,34.75301622582991],[135.41583411242024,34.752908774128336],[135.41582135291696,34.753160445600095],[135.41576650728192,34.75316206062427],[135.415755602176,34.75335314967699],[135.41573038830902,34.75336323303603],[135.4157104722604,34.755122338930214],[135.41664698624984,34.75510596977247],[135.41779948456193,34.75503231220021],[135.41934804540344,34.7548521465554]]]},"properties":{"code":"28202125101","name":"塚口本町一丁目","jinko":1793,"addr_key":"28202|塚口本町1","addr_key_town":"28202|塚口本町1","n":[58,8],"w":[false,false],"neighbors":["28202108001","28202115202","28202115203","28202125102","28202125107","28202144001"]}},{"type":"Feature","geometry":{"type":"Polygon","coordinates":[[[135.42058003539086,34.75809150394446],[135.4205654998676,34.757469364525264],[135.4206288147222,34.757071181442505],[135.42089887372373,34.756268180975226],[135.4212618111944,34.7549596879569],[135.42061894663516,34.75475684166468],[135.41934804540344,34.7548521465554],[135.41779948456193,34.75503231220021],[135.41664698624984,34.75510596977247],[135.4157104722604,34.755122338930214],[135.4157327007097,34.756717120365074],[135.41580798611525,34.756725605172704],[135.41581148777314,34.75682402774497],[135.41592848106632,34.756824676022404],[135.4159305328317,34.756982127396974],[135.41629927837766,34.757030816605706],[135.41629352909632,34.75726411437666],[135.41632663235816,34.7572701571046],[135.4163284166506,34.757393948340905],[135.41635826103018,34.75744481018612],[135.41621750385218,34.7576701556406],[135.41627978134844,34.75769537620155],[135.41629319815826,34.757768921419114],[135.41691742952676,34.757778850720996],[135.4169551482899,34.7578378119837],[135.41685336551086,34.75810745981147],[135.42058003539086,34.75809150394446]]]},"properties":{"code":"28202125102","name":"塚口本町二丁目","jinko":2054,"addr_key":"28202|塚口本町2","addr_key_town":"28202|塚口本町2","n":[29,13],"w":[false,false],"neighbors":["28202108001","28202108002","28202125101","28202125103","28202125106","28202125107"]}},{"type":"Feature","geometry":{"type":"Polygon","coordinates":[[[135.4162747068582,34.76054394107115],[135.41626804363403,34.76030992653494],[135.4167635939016,34.76030550907249],[135.41682718814602,34.76043156493356],[135.4204627003609,34.760453320467235],[135.42053020660487,34.75919465537099],[135.4205594478657,34.75918594284339],[135.42058003539086,34.75809150394446],[135.41685336551086,34.75810745981147],[135.41676078540917,34.758310403847496],[135.4164384179702,34.75871047221759],[135.4158741411559,34.759202697838425],[135.41576732467405,34.75944647364877],[135.41531764310645,34.759826192465816],[135.4152326590928,34.759948572728234],[135.41529991688205,34.75995210049545],[135.4152939514898,34.76006358796756],[135.41554315569473,34.76006773210717],[135.41554251327335,34.76019162539241],[135.41572784167585,34.760155720252264],[135.41601463425724,34.76018119428444],[135.41601279086723,34.76039333035167],[135.41608166443103,34.76044652054425],[135.41607665786898,34.76055043768577],[135.4162747068582,34.76054394107115]]]},"properties":{"code":"28202125103","name":"塚口本町三丁目","jinko":1481,"addr_key":"28202|塚口本町3","addr_key_town":"28202|塚口本町3","n":[17,10],"w":[false,false],"neighbors":["28202125102","28202125104","28202125105","28202125106"]}},{"type":"Feature","geometry":{"type":"Polygon","coordinates":[[[135.4188543139092,34.76367882139292],[135.42044408658953,34.76362488957642],[135.42042207916217,34.76211402263408],[135.4204627003609,34.760453320467235],[135.41682718814602,34.76043156493356],[135.4167635939016,34.76030550907249],[135.41626804363403,34.76030992653494],[135.4162747068582,34.76054394107115],[135.41607665786898,34.76055043768577],[135.41602217319374,34.76070072027679],[135.41600840425545,34.76088817311105],[135.41593814094557,34.76096415357017],[135.41600851051788,34.761433258451476],[135.41611232937728,34.76167262442819],[135.416186181197,34.76204719560407],[135.41636580530084,34.76204686168928],[135.41637321540742,34.76219567607798],[135.4165507243831,34.76238579308705],[135.41695827747472,34.76238553997643],[135.41701669466119,34.7624347397039],[135.41705862172748,34.76256085025436],[135.41740656228583,34.7625763388502],[135.4174657056808,34.76242045194469],[135.41783030214572,34.76241142272384],[135.41795626053317,34.76250945823887],[135.41810140736536,34.76247618960275],[135.41808142892523,34.76236509427773],[135.41820177923924,34.76233472251726],[135.41828725203325,34.762351707229286],[135.41829611600207,34.762318527834225],[135.41869332308954,34.76223229951331],[135.4189121778542,34.76223034429461],[135.41903858719564,34.762336685559994],[135.41932395383836,34.76283725937382],[135.41937998769782,34.76323776478953],[135.41901431801554,34.76365922257605],[135.41886050339664,34.76365622975967],[135.4188543139092,34.76367882139292]]]},"properties":{"code":"28202125104","name":"塚口本町四丁目","jinko":252,"addr_key":"28202|塚口本町4","addr_key_town":"28202|塚口本町4","n":[209,30],"w":[false,false],"neighbors":["28202125103","28202125105","28202139203"]}},{"type":"Feature","geometry":{"type":"Polygon","coordinates":[[[135.42276066168162,34.76316652842151],[135.42331469937707,34.76012370792612],[135.42192867624516,34.76012539932902],[135.42187384443082,34.76021293439958],[135.42116980796146,34.76016332231215],[135.42085237587264,34.76019630582916],[135.42047983595987,34.760190906227],[135.42042207916217,34.76211402263408],[135.42045387734746,34.763181962278],[135.42176981981845,34.76330441426141],[135.42276066168162,34.76316652842151]]]},"properties":{"code":"28202125105","name":"塚口本町五丁目","jinko":1381,"addr_key":"28202|塚口本町5","addr_key_town":"28202|塚口本町5","n":[4,0],"w":[false,false],"neighbors":["28202125103","28202125104","28202125106","282021252","28202139202","28202139203","282021412"]}},{"type":"Feature","geometry":{"type":"Polygon","coordinates":[[[135.42187384443082,34.76021293439958],[135.42192867624516,34.76012539932902],[135.42331469937707,34.76012370792612],[135.424018920385,34.7563453338636],[135.42329671135025,34.756304050761166],[135.42089887372373,34.756268180975226],[135.4206288147222,34.757071181442505],[135.4205654998676,34.757469364525264],[135.4205594478657,34.75918594284339],[135.42053020660487,34.75919465537099],[135.42047983595987,34.760190906227],[135.42085237587264,34.76019630582916],[135.42116980796146,34.76016332231215],[135.42187384443082,34.76021293439958]]]},"properties":{"code":"28202125106","name":"塚口本町六丁目","jinko":1488,"addr_key":"28202|塚口本町6","addr_key_town":"28202|塚口本町6","n":[17,4],"w":[false,false],"neighbors":["28202125102","28202125103","28202125105","28202125107","282021252"]}},{"type":"Feature","geometry":{"type":"Polygon","coordinates":[[[135.424018920385,34.7563453338636],[135.4245875881382,34.753323254564464],[135.42271536641303,34.753283538316914],[135.42165462911137,34.75322936663384],[135.42155381975252,34.753565488963],[135.4215513229272,34.753707205715905],[135.42162579451855,34.753725412388306],[135.42089887372373,34.756268180975226],[135.42329671135025,34.756304050761166],[135.424018920385,34.7563453338636]]]},"properties":{"code":"28202125107","name":"塚口本町七丁目","jinko":1845,"addr_key":"28202|塚口本町7","addr_key_town":"28202|塚口本町7","n":[29,10],"w":[false,false],"neighbors":["28202115203","28202125101","28202125102","28202125106","282021252","28202144001"]}},{"type":"Feature","geometry":{"type":"Polygon","coordinates":[[[135.42839789544715,34.76138775381089],[135.42837298545714,34.76123318461832],[135.42839710968235,34.76115338737221],[135.4286610096476,34.76052155949952],[135.42881941836401,34.76029026919351],[135.4287465989417,34.75981611997851],[135.42876584000442,34.759709183606105],[135.42865107226646,34.75939302211124],[135.42868703239733,34.7592077634071],[135.42862765755953,34.758827721123865],[135.42865875344683,34.758150800300406],[135.42853999010617,34.7577253755198],[135.42850698035966,34.757066637171576],[135.42853494853782,34.757058639549555],[135.42854033567286,34.75689760005124],[135.4284406817716,34.75652341302975],[135.42831520756445,34.756391438744814],[135.42826774925894,34.75626721350978],[135.4282537213999,34.755844227552885],[135.42844758507482,34.75575896029548],[135.42857882787663,34.755765526918005],[135.4286788884978,34.755038125250294],[135.42856616954,34.75501265925415],[135.42869054109835,34.75463434481114],[135.42905618456498,34.75471838231483],[135.42915039796304,34.7534127026752],[135.42459649293485,34.75328007439689],[135.4231027761473,34.76124788539503],[135.42358657170178,34.761254826557774],[135.4239758132147,34.761326979301025],[135.42419022700267,34.76125181906342],[135.42457959636187,34.76126861571963],[135.42481951494753,34.761231819102036],[135.42540574947245,34.76128670966115],[135.42561866154313,34.761227335328826],[135.42643655543338,34.761272821013286],[135.42647675054855,34.76132471609837],[135.42684988203877,34.76130052322755],[135.4275332432699,34.761336785225815],[135.42753295071253,34.761430875200695],[135.42804897183282,34.761448354848106],[135.42803142286365,34.76156076998781],[135.42827564750507,34.761597872986336],[135.42839789544715,34.76138775381089]]]},"properties":{"code":"282021252","name":"塚口本町","jinko":0,"addr_key":"28202|塚口本町","addr_key_town":"28202|塚口本町","n":[0,0],"w":[false,false],"neighbors":["28202125105","28202125106","28202125107","282021412","28202142201","28202142202","28202144001","28202146001"]}},{"type":"Feature","geometry":{"type":"Polygon","coordinates":[[[135.39310484615947,34.75140480043332],[135.39263783385493,34.75144971360393],[135.39262626363643,34.75202054329559],[135.38861480871591,34.754875664273555],[135.3915427283015,34.75568111627272],[135.3938449716493,34.75625912481554],[135.39385109558728,34.754943099059844],[135.3939763735847,34.75395675348053],[135.3940762387427,34.7538724990715],[135.39422447223455,34.753313577711054],[135.39430766025504,34.75315284563736],[135.39447440487362,34.75302716057722],[135.394650917956,34.75281828862323],[135.3948781398537,34.752451080801755],[135.3949327333444,34.75223637032332],[135.3954270477621,34.751884578090795],[135.39339698013953,34.751570573291076],[135.39334167698837,34.75155598392141],[135.39329917730726,34.7514819846959],[135.39321229427256,34.75142696432859],[135.39310484615947,34.75140480043332]]]},"properties":{"code":"28202126001","name":"武庫之荘一丁目","jinko":2849,"addr_key":"28202|武庫之荘1","addr_key_town":"28202|武庫之荘1","n":[246,22],"w":[false,false],"neighbors":["28202121102","28202121201","28202122201","28202123101","28202126002","28202126003","28202126004"]}},{"type":"Feature","geometry":{"type":"Polygon","coordinates":[[[135.38861480871591,34.754875664273555],[135.39262626363643,34.75202054329559],[135.39263783385493,34.75144971360393],[135.38914595373075,34.750931017081925],[135.38903809028608,34.752070174957204],[135.3890892127368,34.75217184884499],[135.38910045952161,34.752619940381464],[135.38900312628468,34.75307784810819],[135.38765605408088,34.75311009153333],[135.3858386016376,34.75298314280514],[135.38578541975522,34.75396322604941],[135.386568440983,34.7543099883011],[135.38861480871591,34.754875664273555]]]},"properties":{"code":"28202126002","name":"武庫之荘二丁目","jinko":1910,"addr_key":"28202|武庫之荘2","addr_key_town":"28202|武庫之荘2","n":[123,13],"w":[false,false],"neighbors":["28202121201","28202126001","28202126003","28202126004","282021270","28202128001"]}},{"type":"Feature","geometry":{"type":"Polygon","coordinates":[[[135.38856608485725,34.75795340881098],[135.38856612910698,34.75573725224111],[135.38861480871591,34.754875664273555],[135.386568440983,34.7543099883011],[135.38578541975522,34.75396322604941],[135.38560231348782,34.75791062724933],[135.38856608485725,34.75795340881098]]]},"properties":{"code":"28202126003","name":"武庫之荘三丁目","jinko":1198,"addr_key":"28202|武庫之荘3","addr_key_town":"28202|武庫之荘3","n":[16,8],"w":[false,false],"neighbors":["28202126001","28202126002","28202126004","28202126005","28202128001","28202129001"]}},{"type":"Feature","geometry":{"type":"Polygon","coordinates":[[[135.3915427283015,34.75568111627272],[135.38861480871591,34.754875664273555],[135.38856612910698,34.75573725224111],[135.38856608485725,34.75795340881098],[135.39090100488676,34.75799257208602],[135.39093738836462,34.75794140903823],[135.39381961463417,34.75695205090215],[135.3938449716493,34.75625912481554],[135.3915427283015,34.75568111627272]]]},"properties":{"code":"28202126004","name":"武庫之荘四丁目","jinko":1298,"addr_key":"28202|武庫之荘4","addr_key_town":"28202|武庫之荘4","n":[10,8],"w":[false,false],"neighbors":["28202122201","28202123101","28202126001","28202126002","28202126003","28202126005"]}},{"type":"Feature","geometry":{"type":"Polygon","coordinates":[[[135.3903082415758,34.76114856623835],[135.39032514618074,34.75920763119069],[135.39129811953032,34.7592284694141],[135.39128309355047,34.758853231675204],[135.39133327486454,34.75871307085806],[135.3913366584905,34.75830950219525],[135.391442214208,34.75778137861891],[135.39093738836462,34.75794140903823],[135.39090100488676,34.75799257208602],[135.38560231348782,34.75791062724933],[135.38546779537762,34.759925545659364],[135.38544289043995,34.76093510376044],[135.3877352809095,34.76093173223636],[135.3886035654871,34.76100575566179],[135.38862794130395,34.7610168122823],[135.38860425173164,34.76112012097966],[135.38958666362248,34.76111610087485],[135.3903082415758,34.76114856623835]]]},"properties":{"code":"28202126005","name":"武庫之荘五丁目","jinko":2831,"addr_key":"28202|武庫之荘5","addr_key_town":"28202|武庫之荘5","n":[26,3],"w":[false,false],"neighbors":["28202122201","28202122202","28202126003","28202126004","28202126006","28202129001","28202134001"]}},{"type":"Feature","geometry":{"type":"Polygon","coordinates":[[[135.38958666362248,34.76111610087485],[135.38860425173164,34.76112012097966],[135.38862794130395,34.7610168122823],[135.3886035654871,34.76100575566179],[135.3877352809095,34.76093173223636],[135.38544289043995,34.76093510376044],[135.3854253620091,34.76176613848579],[135.3853443730521,34.762888157750645],[135.39024434653376,34.76401347385913],[135.3903247898046,34.7620111369188],[135.3903082415758,34.76114856623835],[135.38958666362248,34.76111610087485]]]},"properties":{"code":"28202126006","name":"武庫之荘六丁目","jinko":1832,"addr_key":"28202|武庫之荘6","addr_key_town":"28202|武庫之荘6","n":[15,8],"w":[false,false],"neighbors":["28202122202","28202126005","28202126007","28202126008","28202134001"]}},{"type":"Feature","geometry":{"type":"Polygon","coordinates":[[[135.39028305936742,34.7653020677249],[135.39064465648806,34.76518286319739],[135.3909435788688,34.765181250061794],[135.3915108198484,34.765240684976604],[135.3918601072082,34.76521355983943],[135.39217423323893,34.76504617029023],[135.39265977398702,34.76497630598683],[135.3935711424478,34.76473905863263],[135.39351828528967,34.76446978877745],[135.393635405148,34.76445256988288],[135.39353484601622,34.76409005036485],[135.39382457031525,34.76401681767672],[135.3940582257944,34.764063654903005],[135.39417008049682,34.764021692160505],[135.39413407621828,34.76343592427138],[135.39474689842936,34.76345719858356],[135.3947765732413,34.76361497411115],[135.39484838011734,34.76361138953494],[135.3948445462675,34.76338549766209],[135.39518066167807,34.762943953547826],[135.39554541385104,34.76257962605359],[135.39569554736795,34.76264831783091],[135.39585778334023,34.76257591164358],[135.39612622357708,34.76225453830387],[135.39592869492682,34.76215668237061],[135.3958952566011,34.76213105787704],[135.3958983229853,34.76208398623486],[135.39626119277838,34.761859538899465],[135.39699180678218,34.761584829700524],[135.39541818763803,34.76157534054213],[135.39541023088603,34.76109412314872],[135.39236924988646,34.76110838402047],[135.39086048654156,34.76115179486978],[135.39086594000074,34.7615793715951],[135.39031761499606,34.7615892085727],[135.39029344042447,34.76303877856723],[135.39021753648578,34.76449400982601],[135.39028305936742,34.7653020677249]]]},"properties":{"code":"28202126007","name":"武庫之荘七丁目","jinko":2184,"addr_key":"28202|武庫之荘7","addr_key_town":"28202|武庫之荘7","n":[31,14],"w":[false,false],"neighbors":["282021221","28202122202","28202122203","28202126006","28202126008"]}},{"type":"Feature","geometry":{"type":"Polygon","coordinates":[[[135.39010926129808,34.76751930936633],[135.3899477828784,34.767331126673504],[135.38991161189875,34.766014059004135],[135.38986560913557,34.765833042198736],[135.38969010631314,34.76548821338795],[135.3901342560146,34.76554506165707],[135.390164217604,34.76540521767289],[135.39024047830335,34.76540934390647],[135.3902211966764,34.765322887925684],[135.39028305936742,34.7653020677249],[135.39021753648578,34.76449400982601],[135.39023304883645,34.764011036713356],[135.3853443730521,34.762888157750645],[135.38530927121275,34.763840194196135],[135.38516573116738,34.7659102616206],[135.38514318946036,34.76703853547867],[135.39010926129808,34.76751930936633]]]},"properties":{"code":"28202126008","name":"武庫之荘八丁目","jinko":1823,"addr_key":"28202|武庫之荘8","addr_key_town":"28202|武庫之荘8","n":[32,9],"w":[false,false],"neighbors":["28202126006","28202126007","28202126009","28202134001","28202134002"]}},{"type":"Feature","geometry":{"type":"Polygon","coordinates":[[[135.3897610543503,34.770796420910884],[135.38978253228763,34.77001859520911],[135.39012872114597,34.76977374629595],[135.39016381715044,34.769360324180155],[135.39027754310027,34.76894297962919],[135.39027417099922,34.76867187035306],[135.39043190631918,34.76853978940311],[135.39042957035858,34.768410508842656],[135.39024464350453,34.7683978896569],[135.39019034278058,34.768269060146736],[135.39027642619038,34.76822676089563],[135.3902701113869,34.76790581582732],[135.3901112408588,34.7678952241284],[135.39003362926658,34.767611238170964],[135.39010926129808,34.76751930936633],[135.38514318946036,34.76703853547867],[135.38508436384643,34.76894546756463],[135.38559022032436,34.768920949772415],[135.3864464719102,34.76893452514146],[135.3863092076004,34.76915361019259],[135.38632882300053,34.769414156119616],[135.3864053929402,34.76950279335232],[135.38639560027406,34.76990078307178],[135.38738509073008,34.770048977221045],[135.38743996379998,34.77027682132149],[135.38740813539644,34.77064556384962],[135.38747093820146,34.77065826001577],[135.38744368796992,34.770897520088795],[135.38845472869755,34.7709007241914],[135.388709805287,34.77029693548507],[135.38920450824955,34.77047447992698],[135.38941744994824,34.770481645288704],[135.3891419522891,34.77090954900627],[135.3896759817488,34.77105857962479],[135.38982623149744,34.77087459045376],[135.3897610543503,34.770796420910884]]]},"properties":{"code":"28202126009","name":"武庫之荘九丁目","jinko":1817,"addr_key":"28202|武庫之荘9","addr_key_town":"28202|武庫之荘9","n":[29,12],"w":[false,false],"neighbors":["28202126008","28202132001","28202134002"]}},{"type":"Feature","geometry":{"type":"Polygon","coordinates":[[[135.38914595373075,34.750931017081925],[135.3859494413234,34.750434172196776],[135.3858386016376,34.75298314280514],[135.38765605408088,34.75311009153333],[135.38900312628468,34.75307784810819],[135.38910045952161,34.752619940381464],[135.3890892127368,34.75217184884499],[135.38903809028608,34.752070174957204],[135.38914595373075,34.750931017081925]]]},"properties":{"code":"282021270","name":"武庫之荘西","jinko":1458,"addr_key":"28202|武庫之荘西","addr_key_town":"28202|武庫之荘西","n":[15,5],"w":[false,false],"neighbors":["28202121201","28202121205","28202121206","28202126002","28202128001"]}},{"type":"Feature","geometry":{"type":"Polygon","coordinates":[[[135.38284343913068,34.7549920642802],[135.3830253559647,34.75493781603744],[135.38401173160076,34.75494183917376],[135.38420378948624,34.75488651622395],[135.38517199451212,34.75491125126452],[135.38572955430323,34.754892908165495],[135.3859494413234,34.750434172196776],[135.38210218985083,34.74984383076358],[135.38179301441693,34.75289876270329],[135.38179047302395,34.75458745878233],[135.38173860353453,34.75463565446159],[135.38158000097377,34.75468491044278],[135.3817614235816,34.75499632034835],[135.38284343913068,34.7549920642802]]]},"properties":{"code":"28202128001","name":"武庫町一丁目","jinko":2866,"addr_key":"28202|武庫町1","addr_key_town":"28202|武庫町1","n":[33,14],"w":[false,false],"neighbors":["28202121205","28202121206","28202126002","28202126003","282021270","28202128002","28202128004","28202129001"]}},{"type":"Feature","geometry":{"type":"Polygon","coordinates":[[[135.3817613448908,34.7550237871405],[135.38158000097377,34.75468491044278],[135.38173860353453,34.75463565446159],[135.38179047302395,34.75458745878233],[135.38179301441693,34.75289876270329],[135.38194521554894,34.75145906814592],[135.38068567741817,34.75136821814439],[135.37844742943477,34.751099415185394],[135.37861967468976,34.75165247235631],[135.37895988039273,34.75218802901195],[135.37911941860878,34.75237554135452],[135.37918999907217,34.7525594515375],[135.379205612357,34.752789470248835],[135.3790500574605,34.75489372918284],[135.37988653099939,34.755021052223945],[135.38059427558093,34.75499552512448],[135.3810218273704,34.755033396065144],[135.3817613448908,34.7550237871405]]]},"properties":{"code":"28202128002","name":"武庫町二丁目","jinko":1501,"addr_key":"28202|武庫町2","addr_key_town":"28202|武庫町2","n":[21,3],"w":[false,false],"neighbors":["28202128001","28202128003","28202128004","28202129001","28202129002"]}},{"type":"Feature","geometry":{"type":"Polygon","coordinates":[[[135.3759145913067,34.755807579722386],[135.37615828830678,34.75573900923355],[135.3768274117761,34.7557156664177],[135.3768578019145,34.75560145698798],[135.37717640020716,34.75558562508912],[135.37749556794938,34.75562232530093],[135.3782757633379,34.75556294869251],[135.3785735823646,34.75559109711877],[135.37881926858617,34.75569420235551],[135.37896329804465,34.75570057133501],[135.37914916229593,34.753638167645654],[135.379205612357,34.752789470248835],[135.37918999907217,34.7525594515375],[135.37911941860878,34.75237554135452],[135.37895988039273,34.75218802901195],[135.37861967468976,34.75165247235631],[135.37844742943477,34.751099415185394],[135.3781373524207,34.75106531486925],[135.37804139541083,34.7515694047397],[135.3769408388505,34.751418697274794],[135.37499961005295,34.75108122333768],[135.37448504090997,34.75267430497619],[135.3742349235549,34.753596916316134],[135.3739936569817,34.75425295757432],[135.3737749034815,34.75504416442492],[135.37369792062032,34.7556004843752],[135.3759145913067,34.755807579722386]]]},"properties":{"code":"28202128003","name":"武庫町三丁目","jinko":1816,"addr_key":"28202|武庫町3","addr_key_town":"28202|武庫町3","n":[16,13],"w":[false,false],"neighbors":["28202128002","28202128004","28202129002","28202129003"]}},{"type":"Feature","geometry":{"type":"Polygon","coordinates":[[[135.37804139541083,34.7515694047397],[135.3781373524207,34.75106531486925],[135.38068567741817,34.75136821814439],[135.38194521554894,34.75145906814592],[135.38210218985083,34.74984383076358],[135.37566858755332,34.74885593824392],[135.37499961005295,34.75108122333768],[135.3769408388505,34.751418697274794],[135.37804139541083,34.7515694047397]]]},"properties":{"code":"28202128004","name":"武庫町四丁目","jinko":974,"addr_key":"28202|武庫町4","addr_key_town":"28202|武庫町4","n":[10,9],"w":[false,false],"neighbors":["28202121206","28202128001","28202128002","28202128003"]}},{"type":"Feature","geometry":{"type":"Polygon","coordinates":[[[135.38296667327828,34.75989405016203],[135.38296176114724,34.75889953920416],[135.38553117907804,34.75890847171044],[135.38565246236215,34.757088324422156],[135.38572955430323,34.754892908165495],[135.38517199451212,34.75491125126452],[135.38420378948624,34.75488651622395],[135.38401173160076,34.75494183917376],[135.3830253559647,34.75493781603743],[135.38284343913068,34.7549920642802],[135.3817614235816,34.75499632034835],[135.38182572970805,34.7554660706371],[135.3818055708735,34.7574887357949],[135.38172974341674,34.75990049062595],[135.38296667327828,34.75989405016203]]]},"properties":{"code":"28202129001","name":"武庫元町一丁目","jinko":2623,"addr_key":"28202|武庫元町1","addr_key_town":"28202|武庫元町1","n":[42,19],"w":[false,false],"neighbors":["28202126003","28202126005","28202128001","28202128002","28202129002","28202131201","28202134001"]}},{"type":"Feature","geometry":{"type":"Polygon","coordinates":[[[135.38171348691233,34.76038980886081],[135.3818132277335,34.75706864970501],[135.38182572970805,34.7554660706371],[135.3817613448908,34.7550237871405],[135.3810218273704,34.755033396065144],[135.38059427558093,34.75499552512448],[135.37988653099939,34.755021052223945],[135.3790500574605,34.75489372918284],[135.37892302407474,34.756336722775195],[135.37892639832245,34.75789662938058],[135.37832781108565,34.75837883818313],[135.37828931750573,34.76036842098188],[135.38171348691233,34.76038980886081]]]},"properties":{"code":"28202129002","name":"武庫元町二丁目","jinko":1890,"addr_key":"28202|武庫元町2","addr_key_town":"28202|武庫元町2","n":[27,15],"w":[false,false],"neighbors":["28202128002","28202128003","28202129001","28202129003","28202130002","28202131201","28202131202"]}},{"type":"Feature","geometry":{"type":"Polygon","coordinates":[[[135.37828931750573,34.76036842098188],[135.37832781108565,34.75837883818313],[135.37892639832245,34.75789662938058],[135.37892302407474,34.756336722775195],[135.37896329804465,34.75570057133501],[135.37881926858617,34.75569420235551],[135.3785735823646,34.75559109711877],[135.3782757633379,34.75556294869251],[135.37749556794938,34.75562232530093],[135.37717640020716,34.75558562508912],[135.3768578019145,34.75560145698798],[135.3768274117761,34.7557156664177],[135.37615828830678,34.75573900923355],[135.37580858418485,34.755812150666465],[135.37369792062032,34.7556004843752],[135.37350082106198,34.757485505739346],[135.37333966692108,34.76025674196353],[135.3753054447436,34.76034485610491],[135.37670047107684,34.76032881520317],[135.37693498274572,34.76055329375778],[135.3782392834918,34.760846901639276],[135.37828931750573,34.76036842098188]]]},"properties":{"code":"28202129003","name":"武庫元町三丁目","jinko":1999,"addr_key":"28202|武庫元町3","addr_key_town":"28202|武庫元町3","n":[19,14],"w":[false,false],"neighbors":["28202128003","28202129002","28202130002","28202130003"]}},{"type":"Feature","geometry":{"type":"Polygon","coordinates":[[[135.3803522989177,34.76038237545202],[135.37828931750573,34.76036842098188],[135.37823670892894,34.76086622046646],[135.37812091036335,34.76137428195722],[135.37787316036136,34.761704453952845],[135.37775949372266,34.7619754425652],[135.37767702685144,34.76382224266016],[135.3781552240837,34.76409517386377],[135.37988543234812,34.764173330300196],[135.38010738248875,34.76407733172777],[135.38023220436327,34.7639331523489],[135.38026101491008,34.7638226181611],[135.3803522989177,34.76038237545202]]]},"properties":{"code":"28202130002","name":"武庫豊町二丁目","jinko":2214,"addr_key":"28202|武庫豊町2","addr_key_town":"28202|武庫豊町2","n":[12,6],"w":[false,false],"neighbors":["28202129002","28202129003","28202130003","28202131202","28202133001"]}},{"type":"Feature","geometry":{"type":"Polygon","coordinates":[[[135.37367325823547,34.76454043501177],[135.37717757756607,34.76417645559936],[135.37792751070114,34.76426241669408],[135.3779603642899,34.763983958655366],[135.37767702685144,34.76382224266016],[135.37766843645937,34.76378983084948],[135.37773494109302,34.76220735381958],[135.37779207027273,34.76186515771162],[135.37787316036136,34.761704453952845],[135.37812091036335,34.76137428195722],[135.3782392834918,34.760846901639276],[135.37693498274572,34.76055329375778],[135.37670047107684,34.76032881520317],[135.3753054447436,34.76034485610491],[135.37333966692108,34.76025674196353],[135.37328084496662,34.76132236964313],[135.37329292867923,34.76174130057534],[135.37345194095732,34.763266774272964],[135.37367325823547,34.76454043501177]]]},"properties":{"code":"28202130003","name":"武庫豊町三丁目","jinko":2121,"addr_key":"28202|武庫豊町3","addr_key_town":"28202|武庫豊町3","n":[14,10],"w":[false,false],"neighbors":["28202129003","28202130002","28202133001"]}},{"type":"Feature","geometry":{"type":"Polygon","coordinates":[[[135.38246199867004,34.764625523815944],[135.38252185203166,34.76456063844985],[135.38281874018242,34.76456681074676],[135.38289742901645,34.76286957471435],[135.38389091137537,34.762881423025895],[135.38394003847193,34.76145248192159],[135.38391997170854,34.761451528407605],[135.383981611553,34.76082744598646],[135.38394685056824,34.760852114068165],[135.38390939563877,34.76081229426163],[135.3838350095819,34.76064602743543],[135.38385865828056,34.76029679343073],[135.38288644890525,34.76028433861436],[135.3828929896262,34.75989764373913],[135.38172974341674,34.75990049062595],[135.38167593218512,34.76383606704482],[135.38165312183568,34.76383415084939],[135.3815994728006,34.76461873369712],[135.38246199867004,34.764625523815944]]]},"properties":{"code":"28202131201","name":"常吉一丁目","jinko":1188,"addr_key":"28202|常吉1","addr_key_town":"28202|常吉1","n":[23,8],"w":[false,false],"neighbors":["28202129001","28202129002","28202131202","28202133001","28202134001","28202134002"]}},{"type":"Feature","geometry":{"type":"Polygon","coordinates":[[[135.3815994728006,34.76461873369712],[135.38165312183568,34.76383415084939],[135.38167593218512,34.76383606704482],[135.38173103384912,34.76110912834126],[135.38171348691233,34.76038980886081],[135.3803522989177,34.76038237545202],[135.38025108042174,34.7639008757371],[135.38053216983184,34.76387239872676],[135.38045758037632,34.764520394618586],[135.38102478550746,34.76453030014178],[135.38102774873386,34.764616053761436],[135.3815994728006,34.76461873369712]]]},"properties":{"code":"28202131202","name":"常吉二丁目","jinko":794,"addr_key":"28202|常吉2","addr_key_town":"28202|常吉2","n":[13,6],"w":[false,false],"neighbors":["28202129002","28202130002","28202131201","28202133001"]}},{"type":"Feature","geometry":{"type":"Polygon","coordinates":[[[135.3832796162855,34.77314673627053],[135.38339730294734,34.77276908486416],[135.38372836909036,34.77285665208335],[135.3838540819457,34.772405828618986],[135.38367076009956,34.77234571959204],[135.38376122950626,34.77215056369798],[135.38388531715728,34.77205568454902],[135.38391963188647,34.77188833922328],[135.3839094389651,34.77177757739461],[135.38371736872014,34.7714851395444],[135.3839787854528,34.7713845664717],[135.38392244087527,34.77112757720393],[135.3837698382977,34.77114748757861],[135.3837345543463,34.771198498723656],[135.38357765619193,34.77113548460513],[135.3835095770746,34.77123861209607],[135.38327057337315,34.77114151622242],[135.38351128615275,34.77070054577986],[135.38268721229673,34.770682304946234],[135.38269620379558,34.769883319231134],[135.3830544937848,34.76987741056876],[135.3830411829398,34.769480465392874],[135.38372063145607,34.769475304005596],[135.38372548260483,34.76952808137684],[135.38390133956688,34.76952501322135],[135.38393791262433,34.769077775923414],[135.38383672165062,34.769079917576605],[135.38384686726363,34.76896475437481],[135.38378220212164,34.768966721914616],[135.38377954019245,34.76888462799647],[135.38508436384643,34.76894546756463],[135.38513735705646,34.76707661634793],[135.380106751349,34.76659421350219],[135.38016782675464,34.76992806558233],[135.38019814427705,34.77033458305938],[135.38045194823175,34.77117032177135],[135.38116146139856,34.771806492986045],[135.3832796162855,34.77314673627053]]]},"properties":{"code":"28202132001","name":"西昆陽一丁目","jinko":1658,"addr_key":"28202|西昆陽1","addr_key_town":"28202|西昆陽1","n":[25,9],"w":[false,false],"neighbors":["28202126009","28202132002","28202132003","28202133001","28202133002","28202134002"]}},{"type":"Feature","geometry":{"type":"Polygon","coordinates":[[[135.37679887263295,34.77578304360869],[135.37778874203386,34.77569905087918],[135.37784177657255,34.774267265297986],[135.37937942921093,34.77426672706228],[135.3794759226489,34.7741423706595],[135.3796881721375,34.77397236911467],[135.3802090885358,34.77362364630182],[135.3802742427075,34.77182413406335],[135.38045194823175,34.77117032177135],[135.38019814427705,34.77033458305938],[135.38014982904386,34.76878070311739],[135.3793622540604,34.768772266706456],[135.37899362039337,34.769161792530255],[135.3788842523801,34.76923273534315],[135.3783749906327,34.769441487952086],[135.37806717615308,34.76952469930888],[135.37774301840372,34.76972622464487],[135.37766766983748,34.770079000113434],[135.37723724030863,34.76978507553114],[135.37692181453139,34.77004328726699],[135.3766187597262,34.77023350100544],[135.3744398514566,34.76955129419962],[135.37432449018877,34.77032048480203],[135.37427723470654,34.77096091757576],[135.37433913570348,34.77230692607256],[135.37432372464113,34.77325357843412],[135.3742777466124,34.77394132600246],[135.37606619673056,34.773971924391404],[135.3761596411821,34.77594951848857],[135.3765424703957,34.77590426235061],[135.37679887263295,34.77578304360869]]]},"properties":{"code":"28202132002","name":"西昆陽二丁目","jinko":3119,"addr_key":"28202|西昆陽2","addr_key_town":"28202|西昆陽2","n":[23,17],"w":[false,false],"neighbors":["28202132001","28202132003","28202132004","28202133002"]}},{"type":"Feature","geometry":{"type":"Polygon","coordinates":[[[135.37536524925588,34.78057326845039],[135.37548579218966,34.780172150983354],[135.3762901934885,34.7803583618365],[135.37632055755287,34.7798064737254],[135.3761991777984,34.77905060095397],[135.37646184408663,34.77913866676441],[135.37653329904424,34.77910784628545],[135.37654426382633,34.7786881689867],[135.376894384173,34.778660938942146],[135.37759425617656,34.77871239901002],[135.37762095153082,34.77879865291216],[135.37767047774707,34.77880033986924],[135.37770765690456,34.77876382188757],[135.3778562206629,34.77876057470717],[135.37792757574366,34.77841586266406],[135.3782414019078,34.778400489699344],[135.37827654612232,34.77877738751852],[135.3785507812424,34.77876333986596],[135.37882800895306,34.77833741783059],[135.37895406911414,34.77800561576014],[135.3789514506215,34.77779830546539],[135.3789968310112,34.77766086719514],[135.37901382230098,34.777438458625994],[135.37895846078362,34.77723836262494],[135.37895574361556,34.77698274122211],[135.37909230829598,34.77658408467259],[135.37923995588702,34.77656295505563],[135.3795336104555,34.77610717105925],[135.37962020038634,34.77590768525178],[135.37982802902758,34.77569842349707],[135.37994146716622,34.77550293142744],[135.380086323158,34.77535590445321],[135.38034726279892,34.77479081727815],[135.3811035581417,34.77485177152041],[135.38123003093273,34.774736169957414],[135.38148277474588,34.77459624026387],[135.38148724588763,34.77375616550098],[135.38268606082084,34.773794703291344],[135.38266134758078,34.77359479509169],[135.38299241181744,34.77371600296406],[135.38297878537702,34.77382865786885],[135.3833955628707,34.77404521122026],[135.38346058479053,34.77396323733709],[135.3837189364518,34.77397664093126],[135.38365247933456,34.77362241085108],[135.3832040052283,34.77337627261741],[135.38290512487563,34.77342434650706],[135.38308257063667,34.77303434821345],[135.38116146139856,34.771806492986045],[135.38045194823175,34.77117032177135],[135.3802742427075,34.77182413406335],[135.3802090885358,34.77362364630182],[135.3796881721375,34.77397236911467],[135.3794759226489,34.7741423706595],[135.37937942921093,34.77426672706228],[135.37784177657255,34.774267265297986],[135.37778874203386,34.77569905087918],[135.37679887263295,34.77578304360869],[135.3765424703957,34.77590426235061],[135.3761596411821,34.77594951848857],[135.37615098835303,34.77638059723612],[135.37601018266759,34.77706042583899],[135.3759952012094,34.77820891299859],[135.37595346415614,34.77853449596554],[135.37588247172204,34.778874696485225],[135.37526132250144,34.78076474732681],[135.37551618134094,34.78075664851738],[135.37555336357585,34.7806185033112],[135.37536524925588,34.78057326845039]]]},"properties":{"code":"28202132003","name":"西昆陽三丁目","jinko":2192,"addr_key":"28202|西昆陽3","addr_key_town":"28202|西昆陽3","n":[21,14],"w":[false,false],"neighbors":["28202132001","28202132002","28202132004"]}},{"type":"Feature","geometry":{"type":"Polygon","coordinates":[[[135.37606619673056,34.773971924391404],[135.3742777466124,34.77394132600246],[135.3741328704633,34.775452490905096],[135.37396774557405,34.77663677268895],[135.37371138494285,34.77759083754425],[135.37362039433754,34.77822896787477],[135.37360270969617,34.778621389391624],[135.37348772496543,34.77919112888821],[135.37302452751666,34.780952910382545],[135.37526132250144,34.78076474732681],[135.37588247172204,34.778874696485225],[135.3759952012094,34.77820891299859],[135.37601018266759,34.77706042583899],[135.37615098835303,34.77638059723612],[135.3761596411821,34.77594951848857],[135.37606619673056,34.773971924391404]]]},"properties":{"code":"28202132004","name":"西昆陽四丁目","jinko":138,"addr_key":"28202|西昆陽4","addr_key_town":"28202|西昆陽4","n":[null,0],"w":[true,false],"neighbors":["28202132002","28202132003"]}},{"type":"Feature","geometry":{"type":"Polygon","coordinates":[[[135.38274573459057,34.76684740293633],[135.38281874018242,34.76456681074676],[135.38252185203166,34.76456063844985],[135.38246199867004,34.764625523815944],[135.3815990202843,34.76463028797242],[135.38102774873386,34.764616053761436],[135.38102478550746,34.76453030014178],[135.38045758037632,34.764520394618586],[135.38053216983184,34.76387239872676],[135.38025108042174,34.7639008757371],[135.38010738248875,34.76407733172777],[135.37988543234812,34.764173330300196],[135.3781552240837,34.76409517386377],[135.3779603642899,34.763983958655366],[135.37792751070114,34.76426241669408],[135.37717757756607,34.76417645559936],[135.37367325823547,34.76454043501177],[135.37375592375815,34.765177082526996],[135.37391916863706,34.766005161748666],[135.38274573459057,34.76684740293633]]]},"properties":{"code":"28202133001","name":"常松一丁目","jinko":2432,"addr_key":"28202|常松1","addr_key_town":"28202|常松1","n":[48,18],"w":[false,false],"neighbors":["28202130002","28202130003","28202131201","28202131202","28202132001","28202133002","28202134002"]}},{"type":"Feature","geometry":{"type":"Polygon","coordinates":[[[135.37692181453139,34.77004328726699],[135.37723724030863,34.76978507553114],[135.37766766983748,34.770079000113434],[135.37774301840372,34.76972622464487],[135.37806717615308,34.76952469930888],[135.3783749906327,34.769441487952086],[135.3788842523801,34.76923273534315],[135.37899362039337,34.769161792530255],[135.3793622540604,34.768772266706456],[135.38014982904386,34.76878070311739],[135.380106751349,34.76659421350219],[135.37391916863706,34.766005161748666],[135.37396794172685,34.76668097282134],[135.37395316342446,34.76764466540473],[135.37403692150937,34.767987485949],[135.37435970340866,34.76896646011603],[135.3744398514566,34.76955129419962],[135.3766187597262,34.77023350100544],[135.37692181453139,34.77004328726699]]]},"properties":{"code":"28202133002","name":"常松二丁目","jinko":618,"addr_key":"28202|常松2","addr_key_town":"28202|常松2","n":[6,4],"w":[false,false],"neighbors":["28202132001","28202132002","28202133001"]}},{"type":"Feature","geometry":{"type":"Polygon","coordinates":[[[135.3853433158993,34.76291915422005],[135.3854253620091,34.76176613848579],[135.38546233441983,34.76003968319921],[135.38553117907804,34.75890847171044],[135.38296176114724,34.75889953920416],[135.38296667327828,34.75989405016203],[135.3828929896262,34.75989764373913],[135.38288644890525,34.76028433861436],[135.38385865828056,34.76029679343073],[135.3838350095819,34.76064602743543],[135.38390939563877,34.76081229426163],[135.38394685056824,34.760852114068165],[135.383981611553,34.76082744598646],[135.38391997170854,34.761451528407605],[135.38394003847193,34.76145248192159],[135.38389091137537,34.762881423025895],[135.3846437493171,34.76287407349154],[135.3853433158993,34.76291915422005]]]},"properties":{"code":"28202134001","name":"武庫の里一丁目","jinko":888,"addr_key":"28202|武庫の里1","addr_key_town":"28202|武庫の里1","n":[15,3],"w":[false,false],"neighbors":["28202126005","28202126006","28202126008","28202129001","28202131201","28202134002"]}},{"type":"Feature","geometry":{"type":"Polygon","coordinates":[[[135.38478837611507,34.76288592254553],[135.38289742901645,34.76286957471435],[135.38274573459057,34.76684740293633],[135.38513735705646,34.76707661634796],[135.38516573116738,34.7659102616206],[135.38530927121275,34.763840194196135],[135.38534331589923,34.76291915422009],[135.38478837611507,34.76288592254553]]]},"properties":{"code":"28202134002","name":"武庫の里二丁目","jinko":939,"addr_key":"28202|武庫の里2","addr_key_town":"28202|武庫の里2","n":[10,4],"w":[false,false],"neighbors":["28202126008","28202126009","28202131201","28202132001","28202133001","28202134001"]}},{"type":"Feature","geometry":{"type":"Polygon","coordinates":[[[135.4314932338722,34.76548332094798],[135.43070162206283,34.76486141261474],[135.42962488831373,34.765959042321974],[135.4300354765447,34.766229302613255],[135.43011271733857,34.76639058571114],[135.43002086185862,34.76657550542345],[135.4304051568783,34.7662465376621],[135.4314932338722,34.76548332094798]]]},"properties":{"code":"282021350","name":"上食満","jinko":0,"addr_key":"28202|上食満","addr_key_town":"28202|上食満","n":[0,0],"w":[false,false],"neighbors":["28202136002","28202136003","282021391","28202139201","28202149004","28202149005"]}},{"type":"Feature","geometry":{"type":"Polygon","coordinates":[[[135.43416698227264,34.75932627158708],[135.43177420375284,34.7583778312272],[135.4308368106184,34.75937335490366],[135.4303754083889,34.75994936003359],[135.4304605585034,34.76022564499075],[135.43026845075772,34.76049597432493],[135.4298859937987,34.76089886599108],[135.42955416106767,34.76112890082133],[135.42957163035487,34.76114001166352],[135.42914689189942,34.76166314487083],[135.42951946390139,34.761745150576786],[135.42947904565668,34.762372444261075],[135.43047066197707,34.76180927108454],[135.43154846170432,34.761148553609665],[135.43342741469883,34.759870716645835],[135.43416698227264,34.75932627158708]]]},"properties":{"code":"28202136001","name":"食満一丁目","jinko":645,"addr_key":"28202|食満1","addr_key_town":"28202|食満1","n":[17,6],"w":[false,false],"neighbors":["28202136002","28202136005","28202136007","282021412","28202142201"]}},{"type":"Feature","geometry":{"type":"Polygon","coordinates":[[[135.4289993773482,34.76654286572887],[135.42962488831373,34.765959042321974],[135.43087820340773,34.764675588580076],[135.4307212060903,34.76460080162296],[135.43123898411014,34.76431175894786],[135.43124000072626,34.76424033821117],[135.43139793064506,34.76403158261993],[135.43153703723542,34.76392877468493],[135.43185258059233,34.76341041510355],[135.4319743212487,34.76329818546099],[135.43207874233528,34.76304469788681],[135.43220632935524,34.76287128652286],[135.4322435708339,34.76263587017018],[135.43255271075125,34.76243293388083],[135.43338684775483,34.761984684172326],[135.43373628318912,34.761706025228015],[135.4340944956551,34.761098260448385],[135.43403809775856,34.76106073967791],[135.4342237389685,34.76036847361154],[135.4347399818298,34.75955476377654],[135.43416698227264,34.75932627158708],[135.43342741469883,34.759870716645835],[135.43154846170432,34.761148553609665],[135.43047066197707,34.76180927108454],[135.42947904565668,34.762372444261075],[135.42949729014143,34.762995689520004],[135.42943331598394,34.7632493745782],[135.42943059094148,34.76343644989474],[135.429464320295,34.76370827159341],[135.42954409507473,34.76390023878056],[135.42997300956645,34.764317525636145],[135.42893732723203,34.766362146831334],[135.4288072569887,34.76643275639799],[135.42852509251574,34.76643149109247],[135.42847331636008,34.766523650401616],[135.4289993773482,34.76654286572887]]]},"properties":{"code":"28202136002","name":"食満二丁目","jinko":1350,"addr_key":"28202|食満2","addr_key_town":"28202|食満2","n":[13,6],"w":[false,false],"neighbors":["282021350","28202136001","28202136003","28202136005","28202136007","282021391","28202139201","28202139202","282021412"]}},{"type":"Feature","geometry":{"type":"Polygon","coordinates":[[[135.43700668551824,34.76358356322517],[135.43758631193504,34.763044909730326],[135.43801312795978,34.76355894658453],[135.43879095832793,34.76313891736856],[135.43903940024785,34.763127225701034],[135.43779459273912,34.76171099884344],[135.43641032637248,34.760205733218186],[135.4347399818298,34.75955476377654],[135.4342237389685,34.76036847361154],[135.43403809775856,34.76106073967791],[135.4340944956551,34.761098260448385],[135.43373628318912,34.761706025228015],[135.43338684775483,34.761984684172326],[135.43255271075125,34.76243293388083],[135.4322435708339,34.76263587017018],[135.43220632935524,34.76287128652286],[135.43207874233528,34.76304469788681],[135.43194972060303,34.76333502855195],[135.43185258059233,34.76341041510355],[135.43153703723542,34.76392877468493],[135.43139793064506,34.76403158261993],[135.43124000072626,34.76424033821117],[135.43123898411014,34.76431175894786],[135.4307212060903,34.76460080162296],[135.43087820340773,34.764675588580076],[135.4307016220628,34.76486141261475],[135.4314932338722,34.76548332094798],[135.43211941687062,34.765099067229926],[135.4328525113256,34.764797370629864],[135.43321316530992,34.76470059037286],[135.43503135955018,34.76457021440914],[135.435400782431,34.76449137662298],[135.43657808998157,34.76386449805619],[135.43700668551824,34.76358356322517]]]},"properties":{"code":"28202136003","name":"食満三丁目","jinko":1646,"addr_key":"28202|食満3","addr_key_town":"28202|食満3","n":[10,10],"w":[false,false],"neighbors":["282021350","28202136002","28202136005","28202149001","28202149004"]}},{"type":"Feature","geometry":{"type":"Polygon","coordinates":[[[135.44124969246363,34.75866949990924],[135.441374939605,34.75778677235736],[135.4410273577961,34.75779852585361],[135.44100808121752,34.75740981103814],[135.44042091062195,34.75741106557938],[135.44042765153281,34.757538756276794],[135.44033762866692,34.757813952493585],[135.4381131829741,34.75789598263871],[135.43811357245244,34.75791865664541],[135.43585666171387,34.75797896699824],[135.43416698227264,34.75932627158708],[135.43641032637248,34.760205733218186],[135.43863733122834,34.76267099795366],[135.4395256301827,34.76220390441232],[135.4407075617056,34.76133341623583],[135.44111060784007,34.7609048044084],[135.44145911976887,34.76038710620875],[135.4415825724932,34.76017428332971],[135.4416168561303,34.75978339161427],[135.44143799892478,34.75910118560204],[135.44124969246363,34.75866949990924]]]},"properties":{"code":"28202136005","name":"食満五丁目","jinko":1769,"addr_key":"28202|食満5","addr_key_town":"28202|食満5","n":[34,20],"w":[false,false],"neighbors":["28202136001","28202136002","28202136003","28202136006","28202136007","28202143003","28202143004","28202149001"]}},{"type":"Feature","geometry":{"type":"Polygon","coordinates":[[[135.4381131829741,34.75789598263871],[135.44033762866692,34.757813952493585],[135.44042765153281,34.757538756276794],[135.44042091062195,34.75741106557938],[135.44100808121752,34.75740981103814],[135.44107115315632,34.75567366871821],[135.441118089517,34.755450555937955],[135.43938871377122,34.75544162744042],[135.4393340638131,34.754716036588505],[135.43748940492142,34.756558063632255],[135.43585666171387,34.75797896699824],[135.43811357245244,34.75791865664541],[135.4381131829741,34.75789598263871]]]},"properties":{"code":"28202136006","name":"食満六丁目","jinko":1210,"addr_key":"28202|食満6","addr_key_town":"28202|食満6","n":[9,5],"w":[false,false],"neighbors":["28202136005","28202136007","28202138201","28202143004"]}},{"type":"Feature","geometry":{"type":"Polygon","coordinates":[[[135.43748940492142,34.756558063632255],[135.4384477445769,34.75561397956302],[135.43841864983546,34.75433362663598],[135.4381983222348,34.754314358120254],[135.43814944004694,34.75427677135636],[135.4380887749539,34.75411069512043],[135.4380869755361,34.753975635938104],[135.43761118938525,34.75397065522494],[135.43736416095325,34.75456686345419],[135.4372266012145,34.75464346581052],[135.4366209820789,34.75467374437596],[135.43647932277247,34.75501321048357],[135.43642042527327,34.755473622251905],[135.4363458873361,34.755695009957776],[135.43619786536453,34.75592833170079],[135.4359516953861,34.756019155891686],[135.4351273024711,34.75603915349602],[135.43486579115824,34.75610631044579],[135.4341604340346,34.756434530927436],[135.43389852848392,34.75647196881525],[135.43385982670182,34.756654860604364],[135.43217754671082,34.75799460253534],[135.43227558781933,34.75803231169837],[135.43226865097776,34.75810153112898],[135.43200706079958,34.758466156816915],[135.43416698227264,34.75932627158708],[135.435488195273,34.75828822917904],[135.43634092306743,34.75756724243413],[135.43748940492142,34.756558063632255]]]},"properties":{"code":"28202136007","name":"食満七丁目","jinko":1660,"addr_key":"28202|食満7","addr_key_town":"28202|食満7","n":[33,15],"w":[false,false],"neighbors":["28202136001","28202136002","28202136005","28202136006","28202138201","28202140201","28202142201"]}},{"type":"Feature","geometry":{"type":"Polygon","coordinates":[[[135.43736416095325,34.75456686345419],[135.43761118938525,34.75397065522494],[135.4380869755361,34.753975635938104],[135.4380887749539,34.75411069512043],[135.43814944004694,34.75427677135636],[135.4381983222348,34.754314358120254],[135.43841864983546,34.75433362663598],[135.4384477445769,34.75561397956302],[135.4393340638131,34.754716036588505],[135.43938871377122,34.75544162744042],[135.441118089517,34.755450555937955],[135.44122752846218,34.754751501447295],[135.4415158814046,34.75378263751004],[135.4402451343167,34.75370546099261],[135.43565688706482,34.753581023555306],[135.43575365527695,34.7544669433926],[135.43580176181817,34.75451707378928],[135.4359674396859,34.75457853388738],[135.4358849151123,34.754763795008714],[135.43586940508862,34.75509916007917],[135.4360794855114,34.755111625120115],[135.436036199445,34.75551428669528],[135.43567944579306,34.755566954676496],[135.43572082476277,34.75584912705925],[135.4358471359652,34.75595939645505],[135.43587925141006,34.75602600921547],[135.43613834985783,34.7559639424939],[135.43627778731747,34.75583577322133],[135.43642042527327,34.755473622251905],[135.43647932277247,34.75501321048357],[135.4366209820789,34.75467374437596],[135.4372266012145,34.75464346581052],[135.43736416095325,34.75456686345419]]]},"properties":{"code":"28202138201","name":"瓦宮一丁目","jinko":1001,"addr_key":"28202|瓦宮1","addr_key_town":"28202|瓦宮1","n":[17,5],"w":[false,false],"neighbors":["28202136006","28202136007","28202138202","28202140201","28202143004"]}},{"type":"Feature","geometry":{"type":"Polygon","coordinates":[[[135.44164672252327,34.751671499181604],[135.44160931190234,34.75065954521382],[135.440404480573,34.75064543645324],[135.44007697345845,34.75072053008318],[135.43924168982974,34.75071276919566],[135.43928416274187,34.750563785326264],[135.43879359968702,34.75060077828661],[135.43808859314873,34.750501962648215],[135.437925380674,34.75057358789672],[135.43795060436324,34.750603360178815],[135.43801582463735,34.75151604327209],[135.43734197442953,34.75159173568876],[135.43686832467557,34.75156011383554],[135.43682966197565,34.751610465652256],[135.4359700314336,34.75158867667597],[135.4356785794538,34.75210457471092],[135.4356402869095,34.75336567283231],[135.43542811123237,34.753573939836045],[135.4402451343167,34.75370546099261],[135.4419104546922,34.753795806935884],[135.44203745773996,34.753332517676164],[135.44231718189428,34.75281022951512],[135.44279658269892,34.752180202511006],[135.44304626427598,34.751919605653526],[135.44164672252327,34.751671499181604]]]},"properties":{"code":"28202138202","name":"瓦宮二丁目","jinko":2241,"addr_key":"28202|瓦宮2","addr_key_town":"28202|瓦宮2","n":[19,12],"w":[false,false],"neighbors":["28202138201","28202140201","28202140202","28202143004","28202143009","28202147001","28202148001"]}},{"type":"Feature","geometry":{"type":"Polygon","coordinates":[[[135.43002086185862,34.76657550542345],[135.43011271733857,34.76639058571114],[135.4300354765447,34.766229302613255],[135.42962488831373,34.765959042321974],[135.4289993773482,34.76654286572887],[135.43002086185862,34.76657550542345]]]},"properties":{"code":"282021391","name":"猪名寺","jinko":0,"addr_key":"28202|猪名寺","addr_key_town":"28202|猪名寺","n":[0,0],"w":[false,false],"neighbors":["282021350","28202136002","28202139201","28202149004","28202149005"]}},{"type":"Feature","geometry":{"type":"Polygon","coordinates":[[[135.42308985569898,34.770589738953355],[135.4230912741615,34.770464367760496],[135.42328880645985,34.7704672478594],[135.42355560998197,34.77015090112698],[135.4246551774372,34.77014767198562],[135.4253739530302,34.76979755000944],[135.42642046049963,34.769848162733894],[135.42677238840827,34.76992866952556],[135.42718044634785,34.770104167543344],[135.42798347067645,34.76913014648227],[135.42892783722945,34.768068225482686],[135.42936692166444,34.76746805140975],[135.42979522824209,34.7667955745268],[135.43002086185862,34.76657550542345],[135.42847331636008,34.766523650401616],[135.42214459694,34.76619740582179],[135.42182695401283,34.767899494798606],[135.42193046747198,34.76789927214505],[135.42170742445913,34.76933993465445],[135.4216738846108,34.77003942526007],[135.42171318296212,34.771882681519365],[135.42218428417527,34.77132519840902],[135.4230190802881,34.77085334179046],[135.42313182823932,34.7706789449356],[135.4231371175633,34.77062058447444],[135.42308985569898,34.770589738953355]],[[135.42322253930848,34.769697109900854],[135.42325177837088,34.77016817057454],[135.42309522751367,34.77016920144493],[135.42308785485645,34.76980418969234],[135.42315300302232,34.769702229617074],[135.42322253930848,34.769697109900854]]]},"properties":{"code":"28202139201","name":"猪名寺一丁目","jinko":2190,"addr_key":"28202|猪名寺1","addr_key_town":"28202|猪名寺1","n":[14,9],"w":[false,false],"neighbors":["282021350","28202136002","282021391","28202139202","28202139203","28202149004","28202149005"]}},{"type":"Feature","geometry":{"type":"Polygon","coordinates":[[[135.42852509251574,34.76643149109247],[135.4288072569887,34.76643275639799],[135.42893732723203,34.766362146831334],[135.42997300956645,34.764317525636145],[135.42954409507473,34.76390023878056],[135.429464320295,34.76370827159341],[135.42943059094148,34.76343644989474],[135.42925097889812,34.763503420481165],[135.42905857571876,34.763513038409634],[135.42911940727004,34.76341502212337],[135.42911558614279,34.763358293308464],[135.42898241888759,34.763233570511936],[135.4289238073575,34.76313183812937],[135.42835369578535,34.7629811810041],[135.42677883044126,34.76378930359874],[135.4247313033376,34.764712917358345],[135.4247850924878,34.76370661037023],[135.42448594018376,34.7636785832197],[135.42382596823856,34.763709140948905],[135.4237150843291,34.76366168003457],[135.42402225547877,34.7632822914785],[135.42411309523465,34.763291619750966],[135.42422272837644,34.762959495274465],[135.4235018992662,34.76288565944993],[135.42295758203306,34.762904049410544],[135.42282307087712,34.762883561318475],[135.42276066168162,34.76316652842151],[135.4226213017381,34.76318608448713],[135.42232186744306,34.76458672228268],[135.42237341084396,34.764592881103916],[135.42234004996115,34.76483305104969],[135.42240804969526,34.76483807733536],[135.42214459694,34.76619740582179],[135.42847331636008,34.766523650401616],[135.42852509251574,34.76643149109247]]]},"properties":{"code":"28202139202","name":"猪名寺二丁目","jinko":1001,"addr_key":"28202|猪名寺2","addr_key_town":"28202|猪名寺2","n":[31,14],"w":[false,false],"neighbors":["28202125105","28202136002","28202139201","28202139203","282021412"]}},{"type":"Feature","geometry":{"type":"Polygon","coordinates":[[[135.42182695401283,34.76789949479865],[135.42240804969526,34.76483807733536],[135.42234004996115,34.76483305104969],[135.42237341084396,34.764592881103916],[135.42232186744306,34.76458672228268],[135.4226213017381,34.76318608448713],[135.42176981981845,34.76330441426141],[135.42045387734746,34.763181962278],[135.42044408658953,34.76362488957642],[135.4188543139092,34.76367882139292],[135.41879736472313,34.76389751005566],[135.4184970449257,34.76421429297993],[135.41841147860455,34.764580285896265],[135.41816580421747,34.76471755685917],[135.41765497970266,34.76472436934169],[135.41765920052808,34.7651892834821],[135.41785890898782,34.76518426191413],[135.41787829685674,34.76571890443229],[135.41794867557346,34.765716727021434],[135.41796614648393,34.76596235727312],[135.41829907982105,34.76595149802646],[135.418667348023,34.765732988097454],[135.41891052765902,34.76563278322623],[135.41894851905738,34.76562765546072],[135.41907368822652,34.76573654285063],[135.42012983234926,34.76544441248395],[135.4204842305937,34.765839291969414],[135.4207836714926,34.766344244323115],[135.420881646176,34.76658464827245],[135.42060288788232,34.76667235719091],[135.42081236518436,34.76687091658519],[135.421018354421,34.76716753899688],[135.42121902296043,34.76720250624445],[135.4213768101595,34.76743533144274],[135.4217058801085,34.76814101328489],[135.4215227738421,34.77030755141103],[135.4215138027789,34.77188826845796],[135.42171318296212,34.771882681519365],[135.4216836935609,34.76974749202429],[135.42170742445913,34.76933993465445],[135.42193046747198,34.76789927214505],[135.42182695401283,34.76789949479865]]]},"properties":{"code":"28202139203","name":"猪名寺三丁目","jinko":364,"addr_key":"28202|猪名寺3","addr_key_town":"28202|猪名寺3","n":[24,null],"w":[false,true],"neighbors":["28202125104","28202125105","28202139201","28202139202"]}},{"type":"Feature","geometry":{"type":"Polygon","coordinates":[[[135.4351273024711,34.75603915349602],[135.43587925141006,34.75602600921547],[135.4358471359652,34.75595939645505],[135.43572082476277,34.75584912705925],[135.43567944579306,34.755566954676496],[135.436036199445,34.75551428669528],[135.4360794855114,34.755111625120115],[135.43586940508862,34.75509916007917],[135.4358849151123,34.754763795008714],[135.4359674396859,34.75457853388738],[135.43580176181817,34.75451707378928],[135.43575365527695,34.7544669433926],[135.43565688706482,34.753581023555306],[135.43268383542693,34.753478883683236],[135.43257754066852,34.754318324920426],[135.43226891231765,34.7560783573366],[135.43208915343175,34.75657774395984],[135.43193306672867,34.75671859285766],[135.43125397960765,34.758028282123675],[135.43182834249086,34.75803240134155],[135.43183421248744,34.75799854385077],[135.43217754671082,34.75799460253534],[135.43385982670182,34.756654860604364],[135.43389852848392,34.75647196881525],[135.4341604340346,34.756434530927436],[135.43486579115824,34.75610631044579],[135.4351273024711,34.75603915349602]]]},"properties":{"code":"28202140201","name":"口田中一丁目","jinko":2297,"addr_key":"28202|口田中1","addr_key_town":"28202|口田中1","n":[39,23],"w":[false,false],"neighbors":["28202136007","28202138201","28202138202","28202140202","28202142201","28202142202","28202142203"]}},{"type":"Feature","geometry":{"type":"Polygon","coordinates":[[[135.4356402869095,34.75336567283231],[135.4356785794538,34.75210457471092],[135.43579385640578,34.751918171822524],[135.43451190351547,34.75196470485173],[135.43452438140105,34.75253883777951],[135.43361032432162,34.75244737946708],[135.43282985757105,34.752288509082504],[135.43268383542693,34.753478883683236],[135.43542811123237,34.753573939836045],[135.4356402869095,34.75336567283231]]]},"properties":{"code":"28202140202","name":"口田中二丁目","jinko":288,"addr_key":"28202|口田中2","addr_key_town":"28202|口田中2","n":[null,null],"w":[true,true],"neighbors":["28202138202","28202140201","28202142203","28202147001"]}},{"type":"Feature","geometry":{"type":"Polygon","coordinates":[[[135.42704451741963,34.76366142016176],[135.42835369578535,34.7629811810041],[135.4289238073575,34.76313183812937],[135.42898241888759,34.763233570511936],[135.42911558614279,34.763358293308464],[135.42911940727004,34.76341502212337],[135.42905857571876,34.763513038409634],[135.42925097889812,34.763503420481165],[135.42943059094148,34.76343644989474],[135.42943331598394,34.7632493745782],[135.42949729014143,34.762995689520004],[135.42947904565668,34.762372444261075],[135.42951946390139,34.761745150576786],[135.42914689189942,34.76166314487083],[135.42957163035487,34.76114001166352],[135.42955416106767,34.76112890082134],[135.4298859937987,34.76089886599108],[135.43026845075772,34.76049597432493],[135.4304605585034,34.76022564499075],[135.4303754083889,34.75994936003361],[135.4297836710281,34.76068555423277],[135.4288049287768,34.76015588813077],[135.42881941836401,34.76029026919351],[135.4286610096476,34.76052155949952],[135.42839710968235,34.76115338737221],[135.42837298545712,34.761233184618305],[135.42839789544715,34.76138775381089],[135.42827564750507,34.761597872986336],[135.42803142286365,34.76156076998781],[135.42804897183282,34.761448354848106],[135.42753295071253,34.761430875200695],[135.4275332432699,34.761336785225815],[135.42684988203877,34.76130052322755],[135.42647675054855,34.76132471609837],[135.42643655543338,34.761272821013286],[135.42561866154313,34.761227335328826],[135.42540574947245,34.76128670966115],[135.42481951494753,34.76123181910203],[135.42457959636187,34.76126861571963],[135.42419022700267,34.761251819063396],[135.4239758132147,34.761326979301025],[135.42358657170178,34.761254826557774],[135.42310277614732,34.76124788539501],[135.42282307087712,34.762883561318475],[135.42295758203306,34.762904049410544],[135.4235018992662,34.76288565944993],[135.42422272837644,34.762959495274465],[135.42411309523465,34.763291619750966],[135.42402225547877,34.7632822914785],[135.4237150843291,34.76366168003457],[135.42382596823856,34.763709140948905],[135.42448594018376,34.7636785832197],[135.4247850924878,34.76370661037023],[135.4247313033376,34.764712917358345],[135.42704451741963,34.76366142016176]]]},"properties":{"code":"282021412","name":"南清水","jinko":2222,"addr_key":"28202|南清水","addr_key_town":"28202|南清水","n":[37,21],"w":[false,false],"neighbors":["28202125105","282021252","28202136001","28202136002","28202139202","28202142201"]}},{"type":"Feature","geometry":{"type":"Polygon","coordinates":[[[135.4308368106184,34.75937335490366],[135.43177420375284,34.7583778312272],[135.43200706079958,34.758466156816915],[135.43226865097776,34.75810153112898],[135.43227558781933,34.75803231169837],[135.43217754671082,34.75799460253534],[135.43183421248744,34.75799854385077],[135.43182834249086,34.75803240134155],[135.43125397960765,34.758028282123675],[135.43193306672867,34.75671859285766],[135.43208915343175,34.75657774395984],[135.43226891231765,34.7560783573366],[135.43042438865115,34.75582934287883],[135.42974150665418,34.755864084469366],[135.42896795520613,34.75584400219795],[135.42844758507482,34.75575896029548],[135.4282608821729,34.75582416199306],[135.42826774925894,34.75626721350978],[135.42831520756445,34.756391438744814],[135.4284406817716,34.75652341302975],[135.42854033567286,34.75689760005124],[135.42853494853782,34.757058639549555],[135.42850698035966,34.757066637171576],[135.42853999010617,34.7577253755198],[135.42865875344683,34.75815080030037],[135.42862765755953,34.75882772112384],[135.42868703239733,34.75920776340708],[135.42865107226646,34.75939302211124],[135.4287537620056,34.75964731838037],[135.42874659894167,34.75981611997849],[135.4288049287768,34.76015588813077],[135.42978367102813,34.76068555423276],[135.4308368106184,34.75937335490366]]]},"properties":{"code":"28202142201","name":"御園一丁目","jinko":1820,"addr_key":"28202|御園1","addr_key_town":"28202|御園1","n":[10,11],"w":[false,false],"neighbors":["282021252","28202136001","28202136007","28202140201","282021412","28202142202"]}},{"type":"Feature","geometry":{"type":"Polygon","coordinates":[[[135.43226891231765,34.7560783573366],[135.43257754066852,34.754318324920426],[135.43267899523275,34.753512872301556],[135.42915039796304,34.7534127026752],[135.42905618456498,34.75471838231483],[135.42869054109835,34.75463434481114],[135.42856616954,34.75501265925415],[135.4286788884978,34.755038125250294],[135.42857882787663,34.755765526918005],[135.42896795520613,34.75584400219795],[135.42974150665418,34.755864084469366],[135.43050134546291,34.755834847067746],[135.43226891231765,34.7560783573366]]]},"properties":{"code":"28202142202","name":"御園二丁目","jinko":1299,"addr_key":"28202|御園2","addr_key_town":"28202|御園2","n":[12,8],"w":[false,false],"neighbors":["282021252","28202140201","28202142201","28202142203","28202146001"]}},{"type":"Feature","geometry":{"type":"Polygon","coordinates":[[[135.43287757782707,34.75197440498502],[135.43310817356542,34.75054734149872],[135.43071334123093,34.75054205000432],[135.4307965061287,34.75066257158186],[135.43067175387614,34.75128878871074],[135.430717687516,34.75145880255714],[135.43035224964848,34.751402235271875],[135.42950716413216,34.75144689062224],[135.42956278285962,34.75243529649801],[135.42963279896864,34.75308539224143],[135.42961630969882,34.75342639725778],[135.43267899523275,34.753512872301556],[135.43287757782707,34.75197440498502]]]},"properties":{"code":"28202142203","name":"御園三丁目","jinko":1592,"addr_key":"28202|御園3","addr_key_town":"28202|御園3","n":[13,15],"w":[false,false],"neighbors":["28202140201","28202140202","28202142202","28202146001","28202146003","28202147001"]}},{"type":"Feature","geometry":{"type":"Polygon","coordinates":[[[135.45680760657032,34.75867795077171],[135.45664990235744,34.75786542979872],[135.45616085022107,34.75668116417151],[135.4560754617776,34.756255033424154],[135.45593084824503,34.75585353440042],[135.45584049886585,34.755243918914935],[135.45583539553877,34.75468450499584],[135.45596177529606,34.754218952308506],[135.4524962770928,34.75416117590601],[135.45249196846876,34.753930641093966],[135.4517138646911,34.75393146185094],[135.4517133103555,34.75528758575376],[135.4516217001824,34.75661116569752],[135.4515383276172,34.75685771791261],[135.451583587616,34.75691688235822],[135.45156307038957,34.75730624381215],[135.45147870681419,34.75793437185101],[135.45214144709635,34.758000672465755],[135.45252381972125,34.757975038546014],[135.4528326755024,34.75799656253251],[135.45309884893877,34.758035803058505],[135.45338732751068,34.758146953370535],[135.45355875458156,34.758291576913145],[135.45405373291496,34.7590832468989],[135.45434341316758,34.75945946674811],[135.4548984655516,34.760016764348784],[135.45520591628144,34.76021125954462],[135.45560795205458,34.76038910528205],[135.45611458553384,34.76054612343607],[135.45623810900238,34.760517938933994],[135.4564399749003,34.760294797404235],[135.45660102152533,34.759949913851955],[135.45674911040157,34.759398521960264],[135.4568113994212,34.75895764645796],[135.45680760657032,34.75867795077171]]]},"properties":{"code":"28202143001","name":"東園田町一丁目","jinko":2682,"addr_key":"28202|東園田町1","addr_key_town":"28202|東園田町1","n":[28,19],"w":[false,false],"neighbors":["28202143002","28202143005","28202143006"]}},{"type":"Feature","geometry":{"type":"Polygon","coordinates":[[[135.44918128088187,34.761658892770555],[135.4503695708144,34.76148599962095],[135.44984097628202,34.760503486622106],[135.4498110493643,34.76027107470645],[135.44991465274248,34.76001208291895],[135.45091393271161,34.75881692948191],[135.4518843047602,34.75808036621337],[135.45214144709635,34.758000672465755],[135.45147870681419,34.75793437185101],[135.45156307038957,34.75730624381215],[135.451583587616,34.75691688235822],[135.4515383276172,34.75685771791261],[135.4516217001824,34.75661116569752],[135.45167673700394,34.75578949449552],[135.44899875278662,34.75569775480585],[135.447914914701,34.755732062314564],[135.4479433879601,34.76167194162917],[135.44918128088187,34.761658892770555]]]},"properties":{"code":"28202143002","name":"東園田町二丁目","jinko":3244,"addr_key":"28202|東園田町2","addr_key_town":"28202|東園田町2","n":[29,20],"w":[false,false],"neighbors":["28202143001","28202143003","28202143004","28202143005","282021502"]}},{"type":"Feature","geometry":{"type":"Polygon","coordinates":[[[135.4479433879601,34.76167194162917],[135.4479247284719,34.75696245390172],[135.44718864550327,34.757342739236336],[135.44719578883954,34.757658182030546],[135.4466918225274,34.75764701455289],[135.441374939605,34.75778677235736],[135.44124969246363,34.75866949990924],[135.44143799892478,34.75910118560204],[135.44157421389605,34.75954926175612],[135.441621104655,34.75995420491997],[135.4415825724932,34.76017428332971],[135.4413045292779,34.760639227873014],[135.44089606110674,34.761134370415284],[135.44185928105992,34.76165098505294],[135.44560038758817,34.761625481483726],[135.4479433879601,34.76167194162917]]]},"properties":{"code":"28202143003","name":"東園田町三丁目","jinko":3420,"addr_key":"28202|東園田町3","addr_key_town":"28202|東園田町3","n":[41,19],"w":[false,false],"neighbors":["28202136005","28202143002","28202143004","28202149001","282021502"]}},{"type":"Feature","geometry":{"type":"Polygon","coordinates":[[[135.4410273577961,34.75779852585361],[135.44719578883954,34.75765818203055],[135.44718864550327,34.757342739236336],[135.4479247284719,34.75696245390172],[135.4479036774838,34.75528383390164],[135.44778147011854,34.754084051577564],[135.4477378384472,34.75307961417843],[135.4477356990079,34.75278088818595],[135.4478012630354,34.75256084153925],[135.44517694524356,34.753557139081686],[135.44466751533477,34.75372207981505],[135.44404604198377,34.75381662811915],[135.4415158814046,34.75378263751004],[135.44122752846218,34.754751501447295],[135.44107115315632,34.75567366871821],[135.44100808121752,34.75740981103814],[135.4410273577961,34.75779852585361]]]},"properties":{"code":"28202143004","name":"東園田町四丁目","jinko":2445,"addr_key":"28202|東園田町4","addr_key_town":"28202|東園田町4","n":[99,23],"w":[false,false],"neighbors":["28202136005","28202136006","28202138201","28202138202","28202143002","28202143003","28202143005","28202143009"]}},{"type":"Feature","geometry":{"type":"Polygon","coordinates":[[[135.45167673700394,34.75578949449552],[135.4517133103555,34.75528758575376],[135.45170920591858,34.75299216664381],[135.45129567669775,34.75298357426163],[135.4512463512455,34.750794212228946],[135.4511665418013,34.75077945280184],[135.45082500393247,34.750426519742845],[135.44926219859653,34.75139767429292],[135.44818417429494,34.75229774265148],[135.4478012630354,34.75256084153925],[135.4477356990079,34.75278088818595],[135.44775878531578,34.75372959386908],[135.4479036774838,34.75528383390164],[135.447914914701,34.755732062314564],[135.44899875278662,34.75569775480585],[135.45167673700394,34.75578949449552]]]},"properties":{"code":"28202143005","name":"東園田町五丁目","jinko":3052,"addr_key":"28202|東園田町5","addr_key_town":"28202|東園田町5","n":[117,31],"w":[false,false],"neighbors":["28202143001","28202143002","28202143004","28202143006","28202143008","28202143009"]}},{"type":"Feature","geometry":{"type":"Polygon","coordinates":[[[135.4570105812401,34.75164027920734],[135.4571561093827,34.75163118755395],[135.45754830360497,34.7516964391975],[135.456279193655,34.75074882747489],[135.45622143612943,34.750824997396194],[135.4561443063308,34.75085669686121],[135.45590274777456,34.75088808376677],[135.45578956035172,34.75086574672304],[135.45372401750737,34.74860793352236],[135.45082500393247,34.750426519742845],[135.4511665418013,34.75077945280184],[135.4512463512455,34.750794212228946],[135.45129567669775,34.75298357426163],[135.45170920591858,34.75299216664381],[135.4517138646911,34.75393146185094],[135.45249196846876,34.753930641093966],[135.4524962770928,34.75416117590601],[135.45596177529606,34.754218952308506],[135.45633328281912,34.753443234102555],[135.45632796228298,34.75244000002196],[135.45641753924954,34.75211127109151],[135.45659264184442,34.75184767048722],[135.45670888728816,34.75175546646656],[135.4570105812401,34.75164027920734]]]},"properties":{"code":"28202143006","name":"東園田町六丁目","jinko":3957,"addr_key":"28202|東園田町6","addr_key_town":"28202|東園田町6","n":[26,18],"w":[false,false],"neighbors":["28202143001","28202143005","28202143007","28202143008","28202143009"]}},{"type":"Feature","geometry":{"type":"Polygon","coordinates":[[[135.45936180819086,34.75217165331192],[135.4595263881595,34.75202603788798],[135.4596099092853,34.751761309743735],[135.45978207052534,34.75138885333005],[135.45992814429178,34.75085508260065],[135.45984127716548,34.750597284447224],[135.45973129776075,34.75047829789138],[135.45922006895242,34.75031175706155],[135.45918749891112,34.75024445000919],[135.45905683604835,34.75016058549474],[135.4596011750434,34.749266351252274],[135.4599971590136,34.748349544764864],[135.4601274297175,34.747720986934425],[135.4598495690523,34.74682563320972],[135.4597140690328,34.74600220357016],[135.4597090663505,34.745728434891525],[135.45980285901467,34.744951898511594],[135.4598125919232,34.74463207534909],[135.45789514068363,34.7458972009889],[135.45494532612807,34.74774959577238],[135.45502955984617,34.74780769414553],[135.45372401750737,34.74860793352236],[135.45578956035172,34.75086574672304],[135.45590274777456,34.75088808376677],[135.4561443063308,34.75085669686121],[135.45622143612943,34.750824997396194],[135.456279193655,34.75074882747489],[135.45754830360497,34.7516964391975],[135.45770863481002,34.751715661427994],[135.45796472614495,34.75208852094278],[135.45808249386482,34.752196591423],[135.4582613084359,34.752125075177574],[135.4591484320835,34.7522302505835],[135.45936180819086,34.75217165331192]]]},"properties":{"code":"28202143007","name":"東園田町七丁目","jinko":1480,"addr_key":"28202|東園田町7","addr_key_town":"28202|東園田町7","n":[13,8],"w":[false,false],"neighbors":["28202143006","28202143008","28202145001"]}},{"type":"Feature","geometry":{"type":"Polygon","coordinates":[[[135.45525331920743,34.741070825133875],[135.45506294367786,34.74106821560007],[135.45492241293243,34.741230926886075],[135.45488195649287,34.74136215086238],[135.45463333356375,34.743310867031084],[135.45455832986576,34.74362565736286],[135.45434834924734,34.744129445506964],[135.4539581163691,34.74478109898653],[135.4534291596423,34.74535106779915],[135.45306728795643,34.74556384583032],[135.45286327832696,34.745727280682004],[135.45230892436777,34.74638931376814],[135.44914378256112,34.74861596083367],[135.45083829272647,34.75041850994964],[135.45502955984617,34.74780769414553],[135.45494532612807,34.74774959577238],[135.45789514068363,34.7458972009889],[135.4576889301629,34.7451242848943],[135.4575475219824,34.74489529967789],[135.45743370415013,34.74480719351058],[135.4570970552076,34.74404717219748],[135.45611292284386,34.74222773193296],[135.45551492671382,34.74125602511322],[135.45525331920743,34.741070825133875]]]},"properties":{"code":"28202143008","name":"東園田町八丁目","jinko":2220,"addr_key":"28202|東園田町8","addr_key_town":"28202|東園田町8","n":[25,17],"w":[false,false],"neighbors":["282020670","282020680","282020690","282020700","28202143005","28202143006","28202143007","28202143009","28202145001","28202145002"]}},{"type":"Feature","geometry":{"type":"Polygon","coordinates":[[[135.4419104546922,34.753795806935884],[135.44419254742903,34.7538097983404],[135.44466751533477,34.75372207981505],[135.44517694524356,34.753557139081686],[135.44783877312904,34.752545707821085],[135.44818417429494,34.75229774265148],[135.44926219859653,34.75139767429292],[135.45083829272647,34.75041850994964],[135.44914378256112,34.74861596083367],[135.44679444354932,34.75018896864157],[135.4459032143062,34.75059600840615],[135.44522635122433,34.750745156782315],[135.44429408724432,34.75104565284814],[135.44368562756483,34.75137755663234],[135.443216288975,34.75175762697928],[135.44279658269892,34.752180202511006],[135.44231718189428,34.75281022951512],[135.44203745773996,34.753332517676164],[135.4419104546922,34.753795806935884]]]},"properties":{"code":"28202143009","name":"東園田町九丁目","jinko":2180,"addr_key":"28202|東園田町9","addr_key_town":"28202|東園田町9","n":[190,30],"w":[false,false],"neighbors":["282020690","28202138202","28202143004","28202143005","28202143006","28202143008","28202148001"]}},{"type":"Feature","geometry":{"type":"Polygon","coordinates":[[[135.4244709002875,34.74957559268937],[135.4222414131462,34.74960626046299],[135.4222169264003,34.75025128700733],[135.42205892523927,34.75148428745034],[135.42179979302213,34.752814111951565],[135.42165462911137,34.75322936663384],[135.42271536641303,34.753283538316914],[135.4245875881382,34.753323254564464],[135.42537030341546,34.74960062734407],[135.4244709002875,34.74957559268937]]]},"properties":{"code":"28202144001","name":"東塚口町一丁目","jinko":3407,"addr_key":"28202|東塚口町1","addr_key_town":"28202|東塚口町1","n":[57,18],"w":[false,false],"neighbors":["28202115203","28202125101","28202125107","282021252","28202144002","28202146001","28202146002"]}},{"type":"Feature","geometry":{"type":"Polygon","coordinates":[[[135.42537030341546,34.749600627344094],[135.42552399921806,34.74838174474732],[135.42640347820318,34.74332494814095],[135.42204346048902,34.742952048630585],[135.4221719317824,34.74629340151],[135.4222414131462,34.749606260463025],[135.4244709002875,34.74957559268939],[135.42537030341546,34.749600627344094]]]},"properties":{"code":"28202144002","name":"東塚口町二丁目","jinko":8,"addr_key":"28202|東塚口町2","addr_key_town":"28202|東塚口町2","n":[null,0],"w":[true,false],"neighbors":["28202060002","28202061002","282020641","28202115203","28202115204","28202144001","28202146001","28202146002"]}},{"type":"Feature","geometry":{"type":"Polygon","coordinates":[[[135.45982408761122,34.7444295661081],[135.45960156203148,34.74268901407968],[135.4591174422143,34.74269927124523],[135.45914052225942,34.742777934328316],[135.4564252793242,34.74282698619494],[135.4570970552076,34.74404717219748],[135.45743370415013,34.74480719351058],[135.4575475219824,34.74489529967789],[135.4576889301629,34.7451242848943],[135.45788961952928,34.74588034988202],[135.45937985953373,34.74494046239426],[135.4598125919232,34.74463207534909],[135.45982408761122,34.7444295661081]]]},"properties":{"code":"28202145001","name":"戸ノ内町一丁目","jinko":257,"addr_key":"28202|戸ノ内町1","addr_key_town":"28202|戸ノ内町1","n":[null,4],"w":[true,false],"neighbors":["28202143007","28202143008","28202145002"]}},{"type":"Feature","geometry":{"type":"Polygon","coordinates":[[[135.45729132456196,34.74055409539517],[135.45704554867282,34.740523830767806],[135.45660685449909,34.74052971450441],[135.45501893076639,34.74060226298868],[135.45537576285147,34.74113505037321],[135.45551492671382,34.74125602511322],[135.45585689148018,34.741786696349145],[135.4564252793242,34.74282698619494],[135.45914052225942,34.742777934328316],[135.4591174422143,34.74269927124523],[135.45960156203148,34.74268901407968],[135.45937508426985,34.74085131024666],[135.4590007271152,34.74084562094058],[135.45874486811942,34.74057530090734],[135.45729132456196,34.74055409539517]]]},"properties":{"code":"28202145002","name":"戸ノ内町二丁目","jinko":542,"addr_key":"28202|戸ノ内町2","addr_key_town":"28202|戸ノ内町2","n":[5,4],"w":[false,false],"neighbors":["282020670","28202143008","28202145001","28202145003"]}},{"type":"Feature","geometry":{"type":"Polygon","coordinates":[[[135.45937508426985,34.74085131024666],[135.4593105599257,34.739348037240944],[135.45916718321774,34.73811902751869],[135.4589271442847,34.73705275119832],[135.45874748756202,34.73651903839687],[135.45792116539738,34.73643724395133],[135.4579366584399,34.736724013083254],[135.45757154930965,34.7366564003326],[135.45639318879157,34.73633769974221],[135.45585275335267,34.73627508204831],[135.45538816452378,34.73911357876978],[135.45409676967907,34.73930253917924],[135.45501893076639,34.74060226298868],[135.45704554867282,34.740523830767806],[135.45746457364024,34.74056474798111],[135.45874486811942,34.74057530090734],[135.4590007271152,34.74084562094058],[135.45937508426985,34.74085131024666]]]},"properties":{"code":"28202145003","name":"戸ノ内町三丁目","jinko":515,"addr_key":"28202|戸ノ内町3","addr_key_town":"28202|戸ノ内町3","n":[5,20],"w":[false,false],"neighbors":["282020670","28202145002","28202145004","28202145005","28202145006"]}},{"type":"Feature","geometry":{"type":"Polygon","coordinates":[[[135.4579366584399,34.736724013083254],[135.45792116539738,34.73643724395133],[135.45874748756202,34.73651903839687],[135.4586778578477,34.73641728488195],[135.4590756106723,34.736187397369456],[135.45909702882733,34.7353273097658],[135.45942305201362,34.73548852264556],[135.45989847977646,34.73330376216504],[135.45620121654835,34.73438306417783],[135.4555112611107,34.734384643726145],[135.45574815283393,34.7353165760827],[135.45585275335267,34.73627508204831],[135.45639318879157,34.73633769974221],[135.45757154930965,34.7366564003326],[135.4579366584399,34.736724013083254]]]},"properties":{"code":"28202145004","name":"戸ノ内町四丁目","jinko":195,"addr_key":"28202|戸ノ内町4","addr_key_town":"28202|戸ノ内町4","n":[0,3],"w":[false,false],"neighbors":["28202145003","28202145005","28202145006"]}},{"type":"Feature","geometry":{"type":"Polygon","coordinates":[[[135.45416904567742,34.736260894625396],[135.45510912554565,34.736245464578595],[135.45585275335267,34.73627508204831],[135.45574815283393,34.7353165760827],[135.4555112611107,34.734384643726145],[135.45190720236042,34.73441348306924],[135.45102525387912,34.73599348401111],[135.45088227632587,34.736341995145246],[135.4510303389277,34.73683318972725],[135.45136468417985,34.73711238182732],[135.45368385135868,34.736365792976486],[135.45416904567742,34.736260894625396]]]},"properties":{"code":"28202145005","name":"戸ノ内町五丁目","jinko":503,"addr_key":"28202|戸ノ内町5","addr_key_town":"28202|戸ノ内町5","n":[3,13],"w":[false,false],"neighbors":["282020660","282020670","28202145003","28202145004","28202145006"]}},{"type":"Feature","geometry":{"type":"Polygon","coordinates":[[[135.45585275335267,34.73627508204831],[135.45408721315187,34.73626573413456],[135.45349345802558,34.73642388724061],[135.45136468417985,34.73711238182732],[135.45290847381304,34.73807920565905],[135.45404944392192,34.73921592872311],[135.45409676967907,34.73930253917924],[135.45538816452378,34.73911357876978],[135.45585275335267,34.73627508204831]]]},"properties":{"code":"28202145006","name":"戸ノ内町六丁目","jinko":296,"addr_key":"28202|戸ノ内町6","addr_key_town":"28202|戸ノ内町6","n":[4,6],"w":[false,false],"neighbors":["282020670","28202145003","28202145004","28202145005"]}},{"type":"Feature","geometry":{"type":"Polygon","coordinates":[[[135.42950716413216,34.75144689062224],[135.43035224964848,34.751402235271875],[135.430717687516,34.75145880255714],[135.43067175387614,34.75128878871074],[135.4307965061287,34.75066257158186],[135.43071334123093,34.75054205000432],[135.42666711099548,34.75056338439949],[135.4265574039699,34.74981279597793],[135.4265048094231,34.74962861440972],[135.42537030341546,34.74960062734407],[135.42459649293485,34.75328007439689],[135.42961630969882,34.75342639725778],[135.42963279896864,34.75308539224143],[135.42956278285962,34.75243529649801],[135.42950716413216,34.75144689062224]]]},"properties":{"code":"28202146001","name":"上坂部一丁目","jinko":5430,"addr_key":"28202|上坂部1","addr_key_town":"28202|上坂部1","n":[86,30],"w":[false,false],"neighbors":["282021252","28202142202","28202142203","28202144001","28202144002","28202146002","28202146003"]}},{"type":"Feature","geometry":{"type":"Polygon","coordinates":[[[135.42923086388186,34.750540755805446],[135.42924816692033,34.749206751395974],[135.42920150158793,34.749052095805766],[135.42925486564496,34.74887372199342],[135.4292613736835,34.74852618729955],[135.42914892930827,34.74847522546611],[135.42910908594453,34.747563299460005],[135.42909541759136,34.74650099169194],[135.42912061163355,34.746502877613665],[135.428163929141,34.74554638396971],[135.4268790677894,34.745609487144705],[135.42685734879416,34.744581196395025],[135.42690768770902,34.74453595411871],[135.4268909598196,34.74445131236678],[135.42619849109758,34.744547113526885],[135.42552399921806,34.74838174474732],[135.42537030341546,34.74960062734407],[135.4265048094231,34.74962861440972],[135.4265574039699,34.74981279597793],[135.42666711099548,34.75056338439949],[135.42923086388186,34.750540755805446]]]},"properties":{"code":"28202146002","name":"上坂部二丁目","jinko":3529,"addr_key":"28202|上坂部2","addr_key_town":"28202|上坂部2","n":[52,15],"w":[false,false],"neighbors":["28202061002","28202144001","28202144002","28202146001","28202146003"]}},{"type":"Feature","geometry":{"type":"Polygon","coordinates":[[[135.43310817356542,34.75054734149872],[135.43324337830677,34.7496682003927],[135.43338596634297,34.74805868545856],[135.4307512924516,34.74797020917941],[135.42909541759136,34.74650099169194],[135.42914892930827,34.74847522546611],[135.4292613736835,34.74852618729955],[135.42925486564496,34.74887372199342],[135.42920150158793,34.749052095805766],[135.42924816692033,34.749206751395974],[135.42923086388186,34.750540755805446],[135.43310817356542,34.75054734149872]]]},"properties":{"code":"28202146003","name":"上坂部三丁目","jinko":2441,"addr_key":"28202|上坂部3","addr_key_town":"28202|上坂部3","n":[55,14],"w":[false,false],"neighbors":["28202061001","28202061002","28202142203","28202146001","28202146002","28202147001","28202147002"]}},{"type":"Feature","geometry":{"type":"Polygon","coordinates":[[[135.43579385640578,34.751918171822524],[135.4359700314336,34.75158867667597],[135.43682966197565,34.751610465652256],[135.43686832467557,34.75156011383554],[135.43734197442953,34.75159173568876],[135.43801582463735,34.75151604327209],[135.43795060436324,34.750603360178815],[135.437925380674,34.75057358789672],[135.43808859314873,34.750501962648215],[135.43879359968702,34.75060077828661],[135.43928416274187,34.750563785326264],[135.43909226365346,34.74953957241292],[135.43777309940197,34.74951154743594],[135.43750920294755,34.74953168933564],[135.43311581738047,34.750506002803405],[135.43282985757105,34.752288509082504],[135.43361032432162,34.75244737946711],[135.43452438140105,34.75253883777951],[135.43451190351547,34.75196470485173],[135.43579385640578,34.751918171822524]]]},"properties":{"code":"28202147001","name":"若王寺一丁目","jinko":1336,"addr_key":"28202|若王寺1","addr_key_town":"28202|若王寺1","n":[10,5],"w":[false,false],"neighbors":["28202138202","28202140202","28202142203","28202146003","28202147002","28202148001"]}},{"type":"Feature","geometry":{"type":"Polygon","coordinates":[[[135.43750920294755,34.74953168933564],[135.4379635918618,34.74951474917083],[135.44052339629638,34.74958811488849],[135.44049748878425,34.74709670005471],[135.43664744212808,34.747088141708446],[135.43412291030592,34.746881415229154],[135.4340752680007,34.74772230034715],[135.43340633570367,34.747709192259094],[135.43331108734208,34.749027848152615],[135.43311581738047,34.750506002803405],[135.43750920294755,34.74953168933564]]]},"properties":{"code":"28202147002","name":"若王寺二丁目","jinko":2387,"addr_key":"28202|若王寺2","addr_key_town":"28202|若王寺2","n":[23,22],"w":[false,false],"neighbors":["28202061001","282020632","28202146003","28202147001","28202147003","28202148001","28202148002"]}},{"type":"Feature","geometry":{"type":"Polygon","coordinates":[[[135.4415294519082,34.745351741426525],[135.44139831202224,34.74320467972412],[135.43888285617751,34.74322868822075],[135.43894064613878,34.74418538376501],[135.43543523294605,34.743878438973674],[135.4353622078071,34.74472730199938],[135.43535694422783,34.74534018932664],[135.43421792144403,34.74523753733543],[135.43412291030592,34.746881415229154],[135.43664744212808,34.747088141708446],[135.44153078745111,34.74709997136211],[135.44150884347155,34.74591054460202],[135.44158622992182,34.74568039307626],[135.4415294519082,34.745351741426525]]]},"properties":{"code":"28202147003","name":"若王寺三丁目","jinko":2055,"addr_key":"28202|若王寺3","addr_key_town":"28202|若王寺3","n":[28,14],"w":[false,false],"neighbors":["28202062003","28202063103","28202063104","282020632","28202147002","28202148002","28202148003"]}},{"type":"Feature","geometry":{"type":"Polygon","coordinates":[[[135.4458892562432,34.7505989530024],[135.4455100588384,34.749955770736385],[135.4453006306241,34.74966682577781],[135.44529486292393,34.748810081055495],[135.44522829173275,34.74873237593717],[135.44385963603062,34.74875430776365],[135.4435692533264,34.74920514554283],[135.44333013158078,34.748774913137304],[135.44193328496098,34.74930513073821],[135.44081324967485,34.74962040901797],[135.43909226365346,34.74953957241292],[135.43928416274187,34.750563785326264],[135.43924168982974,34.75071276919566],[135.44007697345845,34.75072053008318],[135.440404480573,34.75064543645324],[135.44160931190234,34.75065954521382],[135.44164672252327,34.751671499181604],[135.44304626427598,34.751919605653526],[135.44368562756483,34.75137755663234],[135.44429408724432,34.75104565284814],[135.44522635122433,34.750745156782315],[135.4458892562432,34.7505989530024]]]},"properties":{"code":"28202148001","name":"小中島一丁目","jinko":1142,"addr_key":"28202|小中島1","addr_key_town":"28202|小中島1","n":[11,7],"w":[false,false],"neighbors":["282020690","28202138202","28202143009","28202147001","28202147002","28202148002"]}},{"type":"Feature","geometry":{"type":"Polygon","coordinates":[[[135.44161757082853,34.74940646057939],[135.44333013158078,34.748774913137304],[135.4435692533264,34.74920514554283],[135.44385963603062,34.74875430776365],[135.44522829173275,34.74873237593717],[135.4451278205154,34.746355442517206],[135.44489184160216,34.74697452660812],[135.44233702090642,34.74705023105644],[135.4416060480553,34.74710027198019],[135.44049748878425,34.74709670005471],[135.44052811268023,34.74960286187165],[135.44081324967485,34.74962040901797],[135.44161757082853,34.74940646057939]]]},"properties":{"code":"28202148002","name":"小中島二丁目","jinko":918,"addr_key":"28202|小中島2","addr_key_town":"28202|小中島2","n":[9,7],"w":[false,false],"neighbors":["282020690","28202147002","28202147003","28202148001","28202148003"]}},{"type":"Feature","geometry":{"type":"Polygon","coordinates":[[[135.4450962925002,34.74469706645949],[135.44145928731206,34.744391073481516],[135.4415294519082,34.745351741426525],[135.44158622992182,34.74568039307626],[135.44150884347155,34.74591054460202],[135.44153078745111,34.74709997136209],[135.44489184160216,34.74697452660812],[135.4451278205154,34.746355442517206],[135.4450962925002,34.74469706645949]]]},"properties":{"code":"28202148003","name":"小中島三丁目","jinko":1696,"addr_key":"28202|小中島3","addr_key_town":"28202|小中島3","n":[21,14],"w":[false,false],"neighbors":["28202062003","282020690","28202147003","28202148002"]}},{"type":"Feature","geometry":{"type":"Polygon","coordinates":[[[135.44434876474506,34.76433473648173],[135.4443121417259,34.761634558466895],[135.44185928105992,34.76165098505294],[135.44089606110674,34.761134370415284],[135.4407075617056,34.76133341623583],[135.4395256301827,34.76220390441232],[135.43863733122834,34.76267099795366],[135.439657137536,34.76378206461813],[135.4400448553238,34.76401939603248],[135.44025146526505,34.76409597228049],[135.44047934637442,34.764154889955535],[135.44148187092,34.76421972017913],[135.44434876474506,34.76433473648173]]]},"properties":{"code":"28202149001","name":"田能一丁目","jinko":872,"addr_key":"28202|田能1","addr_key_town":"28202|田能1","n":[8,11],"w":[false,false],"neighbors":["28202136003","28202136005","28202143003","28202149002","28202149003","28202149004","282021502"]}},{"type":"Feature","geometry":{"type":"Polygon","coordinates":[[[135.44128829152461,34.76815542086865],[135.44227767896462,34.768096131343604],[135.44286364028105,34.768132767515404],[135.44366087379433,34.768357198586244],[135.44483468293933,34.76853283374981],[135.44774871455635,34.76867197114965],[135.44802256742085,34.768664249230135],[135.4482165941897,34.76862260978393],[135.4486435902337,34.76843375821166],[135.44923483616347,34.767950571626756],[135.45006581976892,34.76678445376156],[135.45015651888247,34.76646642744424],[135.45017786892694,34.76620157558889],[135.4478882895583,34.764523944882654],[135.44068004655588,34.7641658824421],[135.44054358749412,34.766190152818034],[135.44032022117372,34.76731264624071],[135.44022622313332,34.767444068681456],[135.43998316649362,34.76762994621902],[135.43896359227682,34.76810626668772],[135.4393384951986,34.76875035032667],[135.44004766137235,34.76848375618078],[135.44084062290142,34.768235974787586],[135.44128829152461,34.76815542086865]]]},"properties":{"code":"28202149002","name":"田能二丁目","jinko":593,"addr_key":"28202|田能2","addr_key_town":"28202|田能2","n":[4,5],"w":[false,false],"neighbors":["28202149001","28202149003","282021502"]}},{"type":"Feature","geometry":{"type":"Polygon","coordinates":[[[135.43625575413594,34.77030428626239],[135.4393384951986,34.76875035032667],[135.43896359227682,34.76810626668772],[135.43998316649362,34.76762994621902],[135.44022622313332,34.767444068681456],[135.44032022117372,34.76731264624071],[135.44054358749412,34.766190152818034],[135.44068004655588,34.7641658824421],[135.44047934637442,34.764154889955535],[135.44025146526505,34.76409597228049],[135.43577019606474,34.766534030239576],[135.43535278958927,34.76667612270903],[135.43463840287728,34.766787237480415],[135.43399438480662,34.76678024041601],[135.4325392430111,34.76871895484788],[135.43374856631146,34.76937834209095],[135.43392193112518,34.769328886130836],[135.43423557163442,34.76931548733182],[135.4346310355961,34.769403182806435],[135.43485805914844,34.76950578126675],[135.43625575413594,34.77030428626239]]]},"properties":{"code":"28202149003","name":"田能三丁目","jinko":2232,"addr_key":"28202|田能3","addr_key_town":"28202|田能3","n":[10,17],"w":[false,false],"neighbors":["28202149001","28202149002","28202149004","28202149005","28202149006"]}},{"type":"Feature","geometry":{"type":"Polygon","coordinates":[[[135.43952051212725,34.7636483702834],[135.43903940024785,34.763127225701034],[135.43879095832793,34.76313891736856],[135.43801312795978,34.76355894658453],[135.43758631193504,34.763044909730326],[135.43700668551824,34.76358356322517],[135.4367832559992,34.763737001075214],[135.435400782431,34.76449137662298],[135.43503135955018,34.76457021440914],[135.43321316530992,34.76470059037286],[135.4328525113256,34.764797370629864],[135.43211941687062,34.765099067229926],[135.4314932338722,34.76548332094798],[135.43040515687832,34.76624653766209],[135.43002086185862,34.76657550542345],[135.43451695483316,34.76679340606528],[135.43535278958927,34.76667612270903],[135.43603293479566,34.7664096744786],[135.44025146526505,34.76409597228049],[135.43982447995785,34.763902802688776],[135.43952051212725,34.7636483702834]]]},"properties":{"code":"28202149004","name":"田能四丁目","jinko":1845,"addr_key":"28202|田能4","addr_key_town":"28202|田能4","n":[12,16],"w":[false,false],"neighbors":["282021350","28202136003","282021391","28202139201","28202149001","28202149003","28202149005"]}},{"type":"Feature","geometry":{"type":"Polygon","coordinates":[[[135.43457771099324,34.770937248345575],[135.43625575413594,34.77030428626239],[135.43485805914844,34.76950578126675],[135.4346310355961,34.769403182806435],[135.43423557163442,34.76931548733182],[135.43392193112518,34.769328886130836],[135.43374856631146,34.76937834209095],[135.4325392430111,34.76871895484788],[135.43399438480662,34.76678024041601],[135.43002086185862,34.76657550542345],[135.42979522824209,34.7667955745268],[135.42936692166444,34.76746805140975],[135.42892783722945,34.768068225482686],[135.42798347067645,34.76913014648227],[135.428821321932,34.76956249146562],[135.42900193524005,34.76958354360055],[135.42924700640208,34.76989571861623],[135.43019760012035,34.76991532990477],[135.43015493543896,34.77074603146872],[135.43163487584758,34.7710684802046],[135.43200662677071,34.7708096222177],[135.4323917385194,34.77091417993824],[135.43368292730887,34.771373524187894],[135.43457771099324,34.770937248345575]]]},"properties":{"code":"28202149005","name":"田能五丁目","jinko":1006,"addr_key":"28202|田能5","addr_key_town":"28202|田能5","n":[5,3],"w":[false,false],"neighbors":["282021350","282021391","28202139201","28202149003","28202149004","28202149006"]}},{"type":"Feature","geometry":{"type":"Polygon","coordinates":[[[135.4397808824214,34.77455739312098],[135.4399402559862,34.77354407543212],[135.44015360245172,34.77358759854726],[135.44056013736252,34.773586333368044],[135.4411502834868,34.77353499962609],[135.441498573202,34.77355068418135],[135.44202127437535,34.77352022118055],[135.44197358376252,34.772474972298745],[135.44225462055397,34.77245438379001],[135.44234290234365,34.77248203188528],[135.44244716564418,34.77244150310228],[135.44294947772585,34.77243072824165],[135.44332801634766,34.77238311475926],[135.443355319684,34.77229888224104],[135.4432312022733,34.772057061080716],[135.4433725760096,34.77171188693124],[135.44336493883108,34.7715372940812],[135.4431028279971,34.7714419149323],[135.44326297436083,34.77107031056273],[135.44319247307038,34.77085431905751],[135.44318280342148,34.770641829564646],[135.44322541342507,34.77051340992801],[135.44215468128218,34.77051201928325],[135.4421157613206,34.770403037598],[135.44214939718663,34.770078169273546],[135.44161621819953,34.77008130010721],[135.44163895549485,34.770047948187496],[135.44132203807604,34.76991776595113],[135.44088822375548,34.76993228286326],[135.44088683901697,34.76982873326545],[135.4408170607288,34.769815990549546],[135.44082168601096,34.76975454064365],[135.44055202548054,34.76968232509263],[135.44052699109957,34.76971402226883],[135.44012231861538,34.769693146860995],[135.4398889487496,34.76981920509026],[135.4396080854427,34.769905548333426],[135.4377114278453,34.77072505192829],[135.4373105931639,34.770843621336795],[135.43673955426755,34.7709352797972],[135.43647903572645,34.77092609143516],[135.43625575413594,34.77030428626239],[135.43457771099324,34.770937248345575],[135.43368292730887,34.771373524187894],[135.43452990952176,34.771654892163525],[135.43489817463373,34.77168592828741],[135.43492815059236,34.771635936745895],[135.4350390442984,34.77161211489807],[135.43628644993854,34.771697866217764],[135.4363273101915,34.7726565480418],[135.4374761454741,34.7726713456702],[135.43754764456753,34.7726249207307],[135.43769172354476,34.772618966253624],[135.43775013159657,34.772563645249846],[135.43782288214453,34.7725469279879],[135.43870352525792,34.772547245659645],[135.43871823164412,34.77288797023205],[135.43867575882388,34.773586832897855],[135.43872188721423,34.773583315139156],[135.43879846707188,34.77439631262321],[135.43884334884484,34.7745742221858],[135.4397808824214,34.77455739312098]]]},"properties":{"code":"28202149006","name":"田能六丁目","jinko":0,"addr_key":"28202|田能6","addr_key_town":"28202|田能6","n":[0,0],"w":[false,false],"neighbors":["28202149003","28202149005"]}},{"type":"Feature","geometry":{"type":"Polygon","coordinates":[[[135.45046936367254,34.76167846966574],[135.4503695708144,34.76148599962095],[135.44918128088187,34.761658892770555],[135.4443121417259,34.76163455846691],[135.44434876474506,34.76433473648173],[135.4478882895583,34.764523944882654],[135.45017786892694,34.76620157558889],[135.45017886687046,34.76569943727278],[135.45001645610364,34.76507795233512],[135.44998937860905,34.76457593102821],[135.4501413973824,34.76372295846423],[135.4503435131004,34.76307953133141],[135.45044773004594,34.762200798679686],[135.45046936367254,34.76167846966574]]]},"properties":{"code":"282021502","name":"椎堂","jinko":2052,"addr_key":"28202|椎堂","addr_key_town":"28202|椎堂","n":[14,17],"w":[false,false],"neighbors":["28202143002","28202143003","28202149001","28202149002"]}}]}